country	setting	severity	iter	daly_averted	incr_cost
Ecuador	LMIC	less_severe	1	0.6348001481913474	1684.9647543516335
Ecuador	LMIC	less_severe	2	0.9087383054161156	1748.29102403514
Ecuador	LMIC	less_severe	3	0.7852367561807521	1591.795291363825
Ecuador	LMIC	less_severe	4	0.7903390929279124	1568.523969156302
Ecuador	LMIC	less_severe	5	1.1973302411485807	1309.0110202248834
Ecuador	LMIC	less_severe	6	0.1754794580004	1903.3524374675023
Ecuador	LMIC	less_severe	7	1.1791080534705474	1762.1883561662044
Ecuador	LMIC	less_severe	8	0.9219442170727405	1194.7403687182837
Ecuador	LMIC	less_severe	9	0.9948628237463595	1375.3775936502034
Ecuador	LMIC	less_severe	10	0.6947026532059195	1327.717931003163
Ecuador	LMIC	less_severe	11	0.5304590501738264	1179.8489719525992
Ecuador	LMIC	less_severe	12	0.34321975244532776	1667.4136106630758
Ecuador	LMIC	less_severe	13	0.800805277739252	1497.5998028075203
Ecuador	LMIC	less_severe	14	0.8801912178834237	1703.5096616419978
Ecuador	LMIC	less_severe	15	0.1451652787615565	1899.0449927031887
Ecuador	LMIC	less_severe	16	0.42624550376310566	1594.2541920818512
Ecuador	LMIC	less_severe	17	1.1748256525537402	1507.0201380250542
Ecuador	LMIC	less_severe	18	1.389456460524892	1458.431241829017
Ecuador	LMIC	less_severe	19	0.8620054605880112	1759.27743514969
Ecuador	LMIC	less_severe	20	0.32513996413361124	1752.2865963779527
Ecuador	LMIC	less_severe	21	0.5736739540818605	1132.3309155668953
Ecuador	LMIC	less_severe	22	0.287065625619467	1593.9286045021277
Ecuador	LMIC	less_severe	23	0.5726411550855275	1738.529194883883
Ecuador	LMIC	less_severe	24	0.3795332300041383	1657.006953121523
Ecuador	LMIC	less_severe	25	0.827862168477437	1473.0379742256464
Ecuador	LMIC	less_severe	26	0.8793953772754475	1596.6227887550747
Ecuador	LMIC	less_severe	27	0.6574723529191013	1664.4492446427646
Ecuador	LMIC	less_severe	28	0.8696592377556911	1766.1966713954862
Ecuador	LMIC	less_severe	29	0.19327596930895474	1832.1712459863877
Ecuador	LMIC	less_severe	30	1.230141744648101	1536.8804332795562
Ecuador	LMIC	less_severe	31	0.7335436456047222	1295.760215306757
Ecuador	LMIC	less_severe	32	0.6043933927785448	1753.8122650400528
Ecuador	LMIC	less_severe	33	0.8730489024137054	1651.6099580441223
Ecuador	LMIC	less_severe	34	1.261649166240118	1769.9663579773908
Ecuador	LMIC	less_severe	35	0.44339887776383113	1654.12894586911
Ecuador	LMIC	less_severe	36	0.45781493574363497	1813.0342756548314
Ecuador	LMIC	less_severe	37	0.4651812524539496	1679.6480574759173
Ecuador	LMIC	less_severe	38	1.0007167690580143	1574.9763335750183
Ecuador	LMIC	less_severe	39	0.9259598343794999	1871.8100144883172
Ecuador	LMIC	less_severe	40	0.8049642464552029	1905.847023728389
Ecuador	LMIC	less_severe	41	0.9687415633555307	1240.4334311637294
Ecuador	LMIC	less_severe	42	0.7400720401075178	1532.3863633473634
Ecuador	LMIC	less_severe	43	1.2047922893391338	1722.5996279238675
Ecuador	LMIC	less_severe	44	0.9567908115982773	1728.4418670950313
Ecuador	LMIC	less_severe	45	0.38071420288308033	1573.7682979085034
Ecuador	LMIC	less_severe	46	0.7082429823639496	1600.669357930295
Ecuador	LMIC	less_severe	47	1.2854093717276411	1397.50142887043
Ecuador	LMIC	less_severe	48	0.3411377015900876	1426.2572596931218
Ecuador	LMIC	less_severe	49	0.7611436940431586	1424.2166650783297
Ecuador	LMIC	less_severe	50	0.4744277631265348	1830.203537743242
Ecuador	LMIC	less_severe	51	0.6529871810173211	1509.0832023783241
Ecuador	LMIC	less_severe	52	0.9216160352164335	1525.2943325926983
Ecuador	LMIC	less_severe	53	0.9659700109840315	1280.3483967954007
Ecuador	LMIC	less_severe	54	0.5102123961991278	1588.6421443873387
Ecuador	LMIC	less_severe	55	0.14935913261044842	1714.8588628647128
Ecuador	LMIC	less_severe	56	0.43086803567461196	1726.2446051613103
Ecuador	LMIC	less_severe	57	0.43737299729688894	1412.3636617396162
Ecuador	LMIC	less_severe	58	0.44924298771083526	1679.570817762677
Ecuador	LMIC	less_severe	59	0.7873326897058099	1589.8895501867655
Ecuador	LMIC	less_severe	60	0.8921970861962438	1870.7307138088659
Ecuador	LMIC	less_severe	61	0.6768260497666794	1485.2034593639537
Ecuador	LMIC	less_severe	62	0.7341090554869121	1962.6896458026567
Ecuador	LMIC	less_severe	63	0.4240860419710515	1718.4669029414897
Ecuador	LMIC	less_severe	64	1.1136650460220894	1501.9464056441684
Ecuador	LMIC	less_severe	65	0.5595653124989584	1939.0260479930334
Ecuador	LMIC	less_severe	66	0.51364889703797445	1240.1054751419028
Ecuador	LMIC	less_severe	67	0.9141534243434335	1759.7013399751734
Ecuador	LMIC	less_severe	68	0.7216961610101813	1856.5287279584318
Ecuador	LMIC	less_severe	69	0.47428179685920746	1839.2106505581828
Ecuador	LMIC	less_severe	70	0.23473374038400596	1608.705815483244
Ecuador	LMIC	less_severe	71	0.06486324874509464	1399.3474866353272
Ecuador	LMIC	less_severe	72	1.0906712365203202	1509.218750491691
Ecuador	LMIC	less_severe	73	0.9215809102814743	1241.29820233279
Ecuador	LMIC	less_severe	74	0.5048475367232452	1744.5805086726496
Ecuador	LMIC	less_severe	75	0.8911364368485666	1753.7906391716256
Ecuador	LMIC	less_severe	76	0.6404494348684544	1946.2180183442433
Ecuador	LMIC	less_severe	77	0.5623229849077691	1488.4877914855538
Ecuador	LMIC	less_severe	78	0.7208271143783431	1411.0867032988929
Ecuador	LMIC	less_severe	79	0.701117235478212	1535.066817660242
Ecuador	LMIC	less_severe	80	0.7680889018913217	1843.6351537144646
Ecuador	LMIC	less_severe	81	0.6709333003447804	1861.5197196219435
Ecuador	LMIC	less_severe	82	1.229940551342267	1693.9589945366286
Ecuador	LMIC	less_severe	83	0.6160872621510647	1368.9264981322483
Ecuador	LMIC	less_severe	84	0.7715527522386605	1645.6618805153598
Ecuador	LMIC	less_severe	85	0.520627510147631	1513.6459274071472
Ecuador	LMIC	less_severe	86	0.25749607593517965	1884.5254939487013
Ecuador	LMIC	less_severe	87	0.14149858304241114	1766.5853242260855
Ecuador	LMIC	less_severe	88	0.4681330959794554	1308.027299500676
Ecuador	LMIC	less_severe	89	0.9001005811311735	1839.2892522995683
Ecuador	LMIC	less_severe	90	0.5837442651109486	1544.1662513121341
Ecuador	LMIC	less_severe	91	0.5603013738654439	1735.8078530659361
Ecuador	LMIC	less_severe	92	0.32020471389030725	1711.9967718777416
Ecuador	LMIC	less_severe	93	0.8447950497367893	1270.6856208280806
Ecuador	LMIC	less_severe	94	0.7500432224321032	1517.6285736527298
Ecuador	LMIC	less_severe	95	0.9949421449126499	1627.2115493792362
Ecuador	LMIC	less_severe	96	0.7575264713461229	1823.841648635739
Ecuador	LMIC	less_severe	97	0.5518234394705619	1618.7827032551725
Ecuador	LMIC	less_severe	98	0.8189871992822297	1728.9547506968133
Ecuador	LMIC	less_severe	99	1.1787127644874573	1809.9148646906665
Ecuador	LMIC	less_severe	100	0.7969639057059998	1097.8679932911596
Ecuador	LMIC	less_severe	101	0.7230482312582187	1905.3738066028623
Ecuador	LMIC	less_severe	102	0.1611107552857285	1583.5853023995846
Ecuador	LMIC	less_severe	103	0.2080167809769371	1464.638119070032
Ecuador	LMIC	less_severe	104	0.5835248784264104	1516.5932350663575
Ecuador	LMIC	less_severe	105	0.8214114128926058	1229.9301898538993
Ecuador	LMIC	less_severe	106	0.9611490886559313	1518.7188461633982
Ecuador	LMIC	less_severe	107	0.28304836809164247	1492.689498326258
Ecuador	LMIC	less_severe	108	0.28181175643412093	1740.2688487806888
Ecuador	LMIC	less_severe	109	0.43408231239284145	1764.8301301518602
Ecuador	LMIC	less_severe	110	1.0239825456035647	1521.3243031951192
Ecuador	LMIC	less_severe	111	0.8149827814778572	1529.866809593462
Ecuador	LMIC	less_severe	112	0.619944184846422	1487.3648624471848
Ecuador	LMIC	less_severe	113	0.4432352976819649	1758.0755412941542
Ecuador	LMIC	less_severe	114	0.6187711440266521	1143.0131546170937
Ecuador	LMIC	less_severe	115	0.961093198749885	1377.8306929031764
Ecuador	LMIC	less_severe	116	0.3696266264652963	1729.84782356887
Ecuador	LMIC	less_severe	117	0.11973012194007415	1667.2884071412902
Ecuador	LMIC	less_severe	118	0.6440836078154728	1962.486828839245
Ecuador	LMIC	less_severe	119	0.5966086593845663	1591.7690498670984
Ecuador	LMIC	less_severe	120	1.0585804071226752	1728.9813715173445
Ecuador	LMIC	less_severe	121	1.324718479120735	1647.7792315777401
Ecuador	LMIC	less_severe	122	0.59943362630362	1636.7001199921754
Ecuador	LMIC	less_severe	123	0.32420091004036555	1517.3963975481397
Ecuador	LMIC	less_severe	124	0.5059440288204273	1669.6748771127918
Ecuador	LMIC	less_severe	125	0.5647832845116736	1447.93996876403
Ecuador	LMIC	less_severe	126	0.9763991767134836	1582.1853338325068
Ecuador	LMIC	less_severe	127	1.1601627122430234	1537.5878454964059
Ecuador	LMIC	less_severe	128	0.4573023384483075	1549.5064361858051
Ecuador	LMIC	less_severe	129	0.5376512231529356	2009.6798961668221
Ecuador	LMIC	less_severe	130	0.9854650070847875	1679.5495753578098
Ecuador	LMIC	less_severe	131	0.7447453983080581	1261.473751243729
Ecuador	LMIC	less_severe	132	0.5124115526335435	1635.8293933221416
Ecuador	LMIC	less_severe	133	0.8621737045346198	1752.5850948775173
Ecuador	LMIC	less_severe	134	0.83290557529702	1474.4679490825636
Ecuador	LMIC	less_severe	135	0.9377654203071546	1547.004740036161
Ecuador	LMIC	less_severe	136	0.33239371783683724	1613.2188999497403
Ecuador	LMIC	less_severe	137	0.917353949583398	1287.0543524476416
Ecuador	LMIC	less_severe	138	0.5470886028608013	1656.9147025804625
Ecuador	LMIC	less_severe	139	0.23089925776654452	1229.8573160457827
Ecuador	LMIC	less_severe	140	0.4215540102177333	1744.8467968105347
Ecuador	LMIC	less_severe	141	1.2090125979394606	1703.82292793219
Ecuador	LMIC	less_severe	142	0.9247317487481741	1540.8139155600943
Ecuador	LMIC	less_severe	143	0.7227240029875208	1387.5604725417388
Ecuador	LMIC	less_severe	144	0.4608973409461776	1551.229628383151
Ecuador	LMIC	less_severe	145	0.7623285976002006	1486.9263246323417
Ecuador	LMIC	less_severe	146	0.6775210077212503	1497.398002744389
Ecuador	LMIC	less_severe	147	0.7963045311309842	1608.1450882315266
Ecuador	LMIC	less_severe	148	1.029199986511438	1519.0135513755724
Ecuador	LMIC	less_severe	149	0.6851141588977461	1570.8628273219904
Ecuador	LMIC	less_severe	150	0.8657049491183972	1508.575316318517
Ecuador	LMIC	less_severe	151	0.9755647627454698	1795.904876701631
Ecuador	LMIC	less_severe	152	0.6018993430261119	1542.2702044045086
Ecuador	LMIC	less_severe	153	0.584044228939864	1348.428270158146
Ecuador	LMIC	less_severe	154	0.639359180532908	1587.6387391618857
Ecuador	LMIC	less_severe	155	1.4072127580798548	1604.6513965819931
Ecuador	LMIC	less_severe	156	0.6021458765711705	1869.1654771071317
Ecuador	LMIC	less_severe	157	0.42677822372187224	1662.701198540111
Ecuador	LMIC	less_severe	158	0.6084458582780181	1759.6808031130383
Ecuador	LMIC	less_severe	159	0.715860008003065	1716.8848022873894
Ecuador	LMIC	less_severe	160	1.036945772099267	1768.0288872403921
Ecuador	LMIC	less_severe	161	0.7993940882001431	1639.1898790983996
Ecuador	LMIC	less_severe	162	0.8652481199042228	1676.7633326982811
Ecuador	LMIC	less_severe	163	0.5172505466744499	1605.1964133019683
Ecuador	LMIC	less_severe	164	0.6349690216588808	1420.989710252009
Ecuador	LMIC	less_severe	165	0.8132924303701201	1675.168664436343
Ecuador	LMIC	less_severe	166	0.9600897741775021	1324.5741929446044
Ecuador	LMIC	less_severe	167	0.4358256755921919	1411.2578236810655
Ecuador	LMIC	less_severe	168	1.1165182856705043	1477.517956219599
Ecuador	LMIC	less_severe	169	0.7557918783361233	1401.3657870102395
Ecuador	LMIC	less_severe	170	0.899098462850239	1676.1125329160777
Ecuador	LMIC	less_severe	171	0.5403675014446443	1602.297738048986
Ecuador	LMIC	less_severe	172	0.22143786937957266	1356.52009792617
Ecuador	LMIC	less_severe	173	0.6055091707288422	1482.1792328934298
Ecuador	LMIC	less_severe	174	0.9205598065210396	1785.7093530307181
Ecuador	LMIC	less_severe	175	0.8188114341785075	2013.2469291373313
Ecuador	LMIC	less_severe	176	0.9765941211288336	1857.0989924186465
Ecuador	LMIC	less_severe	177	0.5928938088750342	1395.7176340996325
Ecuador	LMIC	less_severe	178	0.9290228631429094	1736.3449239772292
Ecuador	LMIC	less_severe	179	0.5501799916089154	1828.0636763203684
Ecuador	LMIC	less_severe	180	0.872955443802641	1344.6547625333938
Ecuador	LMIC	less_severe	181	1.1091610009307837	1561.6595588514774
Ecuador	LMIC	less_severe	182	0.7465901041872804	1658.145444232407
Ecuador	LMIC	less_severe	183	0.9201394444568751	1726.91962398448
Ecuador	LMIC	less_severe	184	0.60199998386094	1689.257512289145
Ecuador	LMIC	less_severe	185	0.4646642617816936	1537.0957801388422
Ecuador	LMIC	less_severe	186	1.2603150006341237	1734.4048645642579
Ecuador	LMIC	less_severe	187	0.9079043462108793	1417.7667210029508
Ecuador	LMIC	less_severe	188	0.9156672183787196	2002.1061530525872
Ecuador	LMIC	less_severe	189	0.8638735730390588	1602.8443633174236
Ecuador	LMIC	less_severe	190	0.6623801310284678	1755.0643658718095
Ecuador	LMIC	less_severe	191	0.4652494500605848	1325.45219353244
Ecuador	LMIC	less_severe	192	1.3645867801525702	1950.9203532630922
Ecuador	LMIC	less_severe	193	1.2162731197423349	1815.6839218087227
Ecuador	LMIC	less_severe	194	1.105380699939054	1707.2986182979587
Ecuador	LMIC	less_severe	195	0.4622676715925236	1398.0539804380242
Ecuador	LMIC	less_severe	196	0.7290151573765464	1922.0769422580306
Ecuador	LMIC	less_severe	197	0.36422370892298694	1904.5072149008943
Ecuador	LMIC	less_severe	198	0.8324850435851983	1558.8900391549823
Ecuador	LMIC	less_severe	199	0.8427542006713686	1727.9818438581885
Ecuador	LMIC	less_severe	200	0.5477582951099391	1510.2137275826017
Ecuador	LMIC	less_severe	201	0.10755417709524817	1447.0315004932177
Ecuador	LMIC	less_severe	202	0.9900994434378507	1651.5021053117875
Ecuador	LMIC	less_severe	203	0.9079849836193405	1334.2982447210125
Ecuador	LMIC	less_severe	204	0.829322835891309	1759.0297587374155
Ecuador	LMIC	less_severe	205	0.9584887686599712	1654.2177692010555
Ecuador	LMIC	less_severe	206	1.0294762593910445	1286.0716271254075
Ecuador	LMIC	less_severe	207	0.9221146428177658	1628.868910610575
Ecuador	LMIC	less_severe	208	0.10678542328951846	1517.9105370143905
Ecuador	LMIC	less_severe	209	0.5991163137950606	1637.7968860812603
Ecuador	LMIC	less_severe	210	0.29670081148602057	1668.1871653052544
Ecuador	LMIC	less_severe	211	0.05700285706821706	1800.385612022835
Ecuador	LMIC	less_severe	212	0.7167224696603607	1359.0482516192753
Ecuador	LMIC	less_severe	213	0.7264872908197226	1241.6993735108458
Ecuador	LMIC	less_severe	214	1.0146788153768735	1594.2025640921734
Ecuador	LMIC	less_severe	215	0.7669965765085189	1766.1558808271154
Ecuador	LMIC	less_severe	216	0.09521563875554495	1480.2339390156244
Ecuador	LMIC	less_severe	217	0.4279763862479071	1993.389967714563
Ecuador	LMIC	less_severe	218	0.37310811095144825	1733.7968353593828
Ecuador	LMIC	less_severe	219	0.34960101283412737	1500.1975296146054
Ecuador	LMIC	less_severe	220	0.6430996416767307	1487.4526803622953
Ecuador	LMIC	less_severe	221	1.2987159767787868	1349.2139985730564
Ecuador	LMIC	less_severe	222	0.42394176234058545	1907.0397177037296
Ecuador	LMIC	less_severe	223	0.40000584306403475	2066.7407922748866
Ecuador	LMIC	less_severe	224	0.8441802700657819	1856.1999087329598
Ecuador	LMIC	less_severe	225	1.1674743864925143	1687.8271218104405
Ecuador	LMIC	less_severe	226	0.6750084003828829	1666.2867327455115
Ecuador	LMIC	less_severe	227	0.7938314844824026	1534.59081273658
Ecuador	LMIC	less_severe	228	1.3719866844173967	1484.437307830487
Ecuador	LMIC	less_severe	229	1.1021777311079242	1620.0380789354997
Ecuador	LMIC	less_severe	230	1.0464619033025824	1778.8178515104373
Ecuador	LMIC	less_severe	231	0.16973341535900888	1487.813034848856
Ecuador	LMIC	less_severe	232	0.5084108342634499	1409.8888276226412
Ecuador	LMIC	less_severe	233	0.9665931254549056	1273.759371380407
Ecuador	LMIC	less_severe	234	0.7073011206379176	2080.6592147559554
Ecuador	LMIC	less_severe	235	1.3056284090463106	1420.614233457743
Ecuador	LMIC	less_severe	236	0.41474170733084303	1521.8633752858798
Ecuador	LMIC	less_severe	237	0.7084916336719753	1809.2535510128405
Ecuador	LMIC	less_severe	238	0.7476916968475851	1851.7755348292471
Ecuador	LMIC	less_severe	239	0.16885440021814668	1827.4665185124363
Ecuador	LMIC	less_severe	240	0.465690694448444	1441.4384176588662
Ecuador	LMIC	less_severe	241	0.7580321996222197	1838.9618337878737
Ecuador	LMIC	less_severe	242	0.6901361172852205	1565.012869979044
Ecuador	LMIC	less_severe	243	1.1159203069534493	1560.7530771801787
Ecuador	LMIC	less_severe	244	0.4181937818849155	1836.689696727979
Ecuador	LMIC	less_severe	245	0.5545902940223839	1243.494188890391
Ecuador	LMIC	less_severe	246	1.1661593378410684	1796.3268764472195
Ecuador	LMIC	less_severe	247	0.1971655897913056	1581.1096429973509
Ecuador	LMIC	less_severe	248	0.4312508906141139	1722.6798837414613
Ecuador	LMIC	less_severe	249	0.71880894771409	1604.9226233725306
Ecuador	LMIC	less_severe	250	0.959915467438825	1328.0507190021779
Ecuador	LMIC	less_severe	251	0.5245754147311859	1481.9954781824053
Ecuador	LMIC	less_severe	252	0.37772786647493906	1692.132890539643
Ecuador	LMIC	less_severe	253	0.7580028582012179	1426.5047973729875
Ecuador	LMIC	less_severe	254	0.863904268472516	1663.8913668890789
Ecuador	LMIC	less_severe	255	0.6727992965228133	1589.196982906371
Ecuador	LMIC	less_severe	256	0.9729419965298698	2005.5544056533597
Ecuador	LMIC	less_severe	257	1.1076326182253435	1703.760224559159
Ecuador	LMIC	less_severe	258	0.7622106595277631	1438.8536101568416
Ecuador	LMIC	less_severe	259	0.766454159262878	1517.974384811201
Ecuador	LMIC	less_severe	260	0.5368722212641792	1334.7164650655932
Ecuador	LMIC	less_severe	261	0.8092810512303368	1516.0626677638077
Ecuador	LMIC	less_severe	262	0.8128275332385497	1817.598505015847
Ecuador	LMIC	less_severe	263	1.0809147032711404	1414.3223206563025
Ecuador	LMIC	less_severe	264	0.5573110871335647	1507.2739599413626
Ecuador	LMIC	less_severe	265	0.7608077862077334	1622.0330875771288
Ecuador	LMIC	less_severe	266	0.510980024375248	1861.635883724562
Ecuador	LMIC	less_severe	267	0.987634638871409	1258.5088643239417
Ecuador	LMIC	less_severe	268	1.0921470956214252	1686.2056810549045
Ecuador	LMIC	less_severe	269	1.196883438201382	1857.8078519253138
Ecuador	LMIC	less_severe	270	0.7970487178023182	1731.697432683562
Ecuador	LMIC	less_severe	271	0.8583859324560246	1213.2977114736816
Ecuador	LMIC	less_severe	272	1.0269270049397936	1864.7724815603833
Ecuador	LMIC	less_severe	273	0.4310334211780251	1285.1535733733804
Ecuador	LMIC	less_severe	274	0.5022448041421157	1503.6243009411023
Ecuador	LMIC	less_severe	275	0.19992581399047538	1530.420816914584
Ecuador	LMIC	less_severe	276	0.9992843624409042	1356.8029431907971
Ecuador	LMIC	less_severe	277	0.4938571618230361	1698.594646124708
Ecuador	LMIC	less_severe	278	0.7937696465058157	1409.4173255591236
Ecuador	LMIC	less_severe	279	1.331566846101051	1763.710920818217
Ecuador	LMIC	less_severe	280	0.8719392585005541	1749.4628270238593
Ecuador	LMIC	less_severe	281	0.7200988789773848	1908.5828874267904
Ecuador	LMIC	less_severe	282	0.45207382793353545	1472.190250742798
Ecuador	LMIC	less_severe	283	0.46943136385668893	1766.1648302606175
Ecuador	LMIC	less_severe	284	0.7214594496322984	1903.1251623778849
Ecuador	LMIC	less_severe	285	1.1614992989886481	1531.6717597240606
Ecuador	LMIC	less_severe	286	0.5807306071508598	1337.291685274233
Ecuador	LMIC	less_severe	287	0.6388688007756143	1479.5038997975362
Ecuador	LMIC	less_severe	288	1.2644000261109838	1827.6616652771547
Ecuador	LMIC	less_severe	289	0.7458394212236539	1672.9756309498673
Ecuador	LMIC	less_severe	290	0.36400232157240175	1362.581532599089
Ecuador	LMIC	less_severe	291	0.5289784640137252	1569.3253381418517
Ecuador	LMIC	less_severe	292	0.5537931772949949	1664.7903300799771
Ecuador	LMIC	less_severe	293	0.7009323961377589	1709.6609926703884
Ecuador	LMIC	less_severe	294	0.8885502701374342	1289.1711334656206
Ecuador	LMIC	less_severe	295	0.452089263096239	1385.8051075239516
Ecuador	LMIC	less_severe	296	0.7442239099477179	1705.0594630386904
Ecuador	LMIC	less_severe	297	0.4808508078516014	1374.070917059487
Ecuador	LMIC	less_severe	298	0.4384324220867648	1673.6514413691586
Ecuador	LMIC	less_severe	299	0.7044024880569522	1621.379857227426
Ecuador	LMIC	less_severe	300	0.6823544353698932	1517.009642196971
Ecuador	LMIC	less_severe	301	0.3305577494931007	1610.0790025596702
Ecuador	LMIC	less_severe	302	0.7606004628832523	1685.1083162409734
Ecuador	LMIC	less_severe	303	0.7830839296024155	1340.6817824760249
Ecuador	LMIC	less_severe	304	0.6289448639044366	1405.9863880948546
Ecuador	LMIC	less_severe	305	1.1518236908168844	1662.7439755324397
Ecuador	LMIC	less_severe	306	0.668625346867902	1776.514154285032
Ecuador	LMIC	less_severe	307	0.9214205531772892	1943.5924506410208
Ecuador	LMIC	less_severe	308	0.9171351888490933	1782.7860704153825
Ecuador	LMIC	less_severe	309	0.7526982769699679	1846.5520833654837
Ecuador	LMIC	less_severe	310	0.46705601439858446	1419.0267358994352
Ecuador	LMIC	less_severe	311	0.8139129790267541	1764.7217143284647
Ecuador	LMIC	less_severe	312	0.9133836298087314	1720.9931980542096
Ecuador	LMIC	less_severe	313	0.7221026855085317	1868.115211374778
Ecuador	LMIC	less_severe	314	0.623263408485438	1942.0116625541682
Ecuador	LMIC	less_severe	315	1.4362663704095673	1528.5869943980485
Ecuador	LMIC	less_severe	316	0.1638836527359384	1588.720763317796
Ecuador	LMIC	less_severe	317	0.6686930635051374	1822.9581064286645
Ecuador	LMIC	less_severe	318	0.6757611547464326	1755.7990576592317
Ecuador	LMIC	less_severe	319	0.9659016178364652	1485.757835771442
Ecuador	LMIC	less_severe	320	0.7658908525450125	1426.3460045284883
Ecuador	LMIC	less_severe	321	1.3297299477153515	1498.7270701360214
Ecuador	LMIC	less_severe	322	0.826079248363845	1510.590395062869
Ecuador	LMIC	less_severe	323	0.986016027281865	1847.3427138081386
Ecuador	LMIC	less_severe	324	0.7715136166810859	1723.6678298788552
Ecuador	LMIC	less_severe	325	0.8916029006699691	1945.9262907545835
Ecuador	LMIC	less_severe	326	0.6105290015623379	1332.2449160452952
Ecuador	LMIC	less_severe	327	1.1380869312899948	1491.4906867937023
Ecuador	LMIC	less_severe	328	0.4605082311851163	1710.835181288049
Ecuador	LMIC	less_severe	329	1.3285290811397799	1705.4856616239927
Ecuador	LMIC	less_severe	330	0.8316444631024402	1645.35138677533
Ecuador	LMIC	less_severe	331	0.3902064702933776	1478.5630029602075
Ecuador	LMIC	less_severe	332	0.9250459893824137	1824.5448096953505
Ecuador	LMIC	less_severe	333	1.3598904713966267	1869.3468946666578
Ecuador	LMIC	less_severe	334	0.26615612801899946	1666.598560098243
Ecuador	LMIC	less_severe	335	0.5760202006467972	1556.3798518324688
Ecuador	LMIC	less_severe	336	1.1215890816416856	1288.025029425836
Ecuador	LMIC	less_severe	337	1.152603167098826	1463.614432245242
Ecuador	LMIC	less_severe	338	0.5160893043122838	1707.1533287973775
Ecuador	LMIC	less_severe	339	1.0320373587727163	1415.7902744216785
Ecuador	LMIC	less_severe	340	0.9225512011295582	1840.5245347661496
Ecuador	LMIC	less_severe	341	0.5132079218315813	1571.243942448384
Ecuador	LMIC	less_severe	342	0.6994644140969499	1459.1586947462583
Ecuador	LMIC	less_severe	343	1.1368537150078843	1433.383386613729
Ecuador	LMIC	less_severe	344	0.7175035420966247	1710.4067514501082
Ecuador	LMIC	less_severe	345	0.6768571729373742	1712.8679051807728
Ecuador	LMIC	less_severe	346	0.503875929788328	1405.511887483547
Ecuador	LMIC	less_severe	347	0.5763240516786392	2015.71941480097
Ecuador	LMIC	less_severe	348	0.40647292694811954	1618.5800094167762
Ecuador	LMIC	less_severe	349	0.3023405199544058	1832.0348696646438
Ecuador	LMIC	less_severe	350	0.2861243728934464	1550.1620053669135
Ecuador	LMIC	less_severe	351	0.20704689356565043	1486.0786545709088
Ecuador	LMIC	less_severe	352	0.6345977592847261	1538.1530542063833
Ecuador	LMIC	less_severe	353	0.6906074252909602	1362.853818121915
Ecuador	LMIC	less_severe	354	1.0144475821542347	1917.9252722207802
Ecuador	LMIC	less_severe	355	0.9484176516361176	1588.3842364278526
Ecuador	LMIC	less_severe	356	0.4311718740592698	1788.0350436899773
Ecuador	LMIC	less_severe	357	0.9565308851315271	1464.0684260069354
Ecuador	LMIC	less_severe	358	0.5936921999628559	1648.8950369825982
Ecuador	LMIC	less_severe	359	0.7469548209349668	1527.2948141484012
Ecuador	LMIC	less_severe	360	0.4528686045782151	1661.8098314555768
Ecuador	LMIC	less_severe	361	0.8841256269203619	1354.6690518860908
Ecuador	LMIC	less_severe	362	0.7131161566688928	1572.7321848178872
Ecuador	LMIC	less_severe	363	0.9543311986723171	1885.856936251183
Ecuador	LMIC	less_severe	364	1.0473702012596169	1614.159202487645
Ecuador	LMIC	less_severe	365	1.0505822335908017	1311.2293327093373
Ecuador	LMIC	less_severe	366	0.7563918375133447	1556.5735042165327
Ecuador	LMIC	less_severe	367	0.150884976533467	1469.9327266296564
Ecuador	LMIC	less_severe	368	0.9614510074360432	1631.4840804326636
Ecuador	LMIC	less_severe	369	0.5685571995279046	1672.6968447934992
Ecuador	LMIC	less_severe	370	0.5183426203540851	1386.7631186633032
Ecuador	LMIC	less_severe	371	0.5013433079203846	1356.182813170985
Ecuador	LMIC	less_severe	372	0.8752051864120114	1280.9257933391061
Ecuador	LMIC	less_severe	373	1.0120835553479752	1702.0348281500587
Ecuador	LMIC	less_severe	374	0.32688222548444035	1504.9101991597972
Ecuador	LMIC	less_severe	375	0.6018416515494796	1592.5759695900408
Ecuador	LMIC	less_severe	376	0.7643691977040215	1643.0543253765836
Ecuador	LMIC	less_severe	377	0.668665252408049	1686.0413719493652
Ecuador	LMIC	less_severe	378	0.7625558284323981	1663.7314940618342
Ecuador	LMIC	less_severe	379	0.6781616056431621	1437.5961132086245
Ecuador	LMIC	less_severe	380	0.9305768746461607	1641.5235422354692
Ecuador	LMIC	less_severe	381	1.0196978313631826	1400.5143620163967
Ecuador	LMIC	less_severe	382	0.7477397649674651	1357.410477125961
Ecuador	LMIC	less_severe	383	0.6684975807722409	1595.3763340297314
Ecuador	LMIC	less_severe	384	0.6539392488610942	1765.632505855172
Ecuador	LMIC	less_severe	385	0.512778238977611	1519.9878150607587
Ecuador	LMIC	less_severe	386	1.2357395946960668	1603.1485118961996
Ecuador	LMIC	less_severe	387	0.6389488369957186	1807.3247228142877
Ecuador	LMIC	less_severe	388	0.5668781345721312	1594.1860762976098
Ecuador	LMIC	less_severe	389	0.9215956547741904	1521.2804664428868
Ecuador	LMIC	less_severe	390	1.3903158881856363	1257.816501531552
Ecuador	LMIC	less_severe	391	0.9145920419678211	1736.1979730108787
Ecuador	LMIC	less_severe	392	0.9876352291808708	1605.738814311067
Ecuador	LMIC	less_severe	393	0.3199520013042836	1615.9307964755349
Ecuador	LMIC	less_severe	394	0.6463049327662285	1540.5895419776782
Ecuador	LMIC	less_severe	395	0.7697787976440091	1705.1742457204095
Ecuador	LMIC	less_severe	396	0.9311899497370679	1655.654185812095
Ecuador	LMIC	less_severe	397	0.9917634428767377	1358.1928629900794
Ecuador	LMIC	less_severe	398	0.18145246476805799	1642.5101571213045
Ecuador	LMIC	less_severe	399	0.17970405904268327	1765.8544268240748
Ecuador	LMIC	less_severe	400	0.9261929533047493	1536.9372759191033
Ecuador	LMIC	less_severe	401	0.8374562496592799	1244.7141640853783
Ecuador	LMIC	less_severe	402	0.6407273152893498	1692.3172222478843
Ecuador	LMIC	less_severe	403	1.078181243424127	2153.58354217031
Ecuador	LMIC	less_severe	404	0.6820174319078669	1568.82350497694
Ecuador	LMIC	less_severe	405	0.8895631350416	2032.5866026931938
Ecuador	LMIC	less_severe	406	0.3651806317805648	1733.1616893670061
Ecuador	LMIC	less_severe	407	0.4428361242128904	1533.5792794444474
Ecuador	LMIC	less_severe	408	0.8627074855436252	1941.2828492072222
Ecuador	LMIC	less_severe	409	0.5713781526978021	1605.5893288538703
Ecuador	LMIC	less_severe	410	0.042164055060824435	1440.6532573204186
Ecuador	LMIC	less_severe	411	0.9035729610158287	1737.336929521848
Ecuador	LMIC	less_severe	412	0.6328091018223816	1316.2942621009508
Ecuador	LMIC	less_severe	413	1.0483906247297186	1631.3390506225198
Ecuador	LMIC	less_severe	414	0.7100970177368957	1783.1293834389098
Ecuador	LMIC	less_severe	415	0.5139925301907433	1353.803601330026
Ecuador	LMIC	less_severe	416	0.8294154284646984	1348.5994425262627
Ecuador	LMIC	less_severe	417	1.267073519413115	1769.7424623273164
Ecuador	LMIC	less_severe	418	0.916188618600525	2026.0197104925485
Ecuador	LMIC	less_severe	419	0.17983999693682362	1731.5069459986637
Ecuador	LMIC	less_severe	420	1.0797702092854116	1520.1485607285556
Ecuador	LMIC	less_severe	421	0.634492644974137	1651.1281516717706
Ecuador	LMIC	less_severe	422	1.0338881776621127	1577.1159374140514
Ecuador	LMIC	less_severe	423	1.1380669887657864	1623.7772525451162
Ecuador	LMIC	less_severe	424	0.923355265512392	1715.3723962656877
Ecuador	LMIC	less_severe	425	1.0917254297327172	1479.86311774479
Ecuador	LMIC	less_severe	426	0.23150051436209518	1510.771750085527
Ecuador	LMIC	less_severe	427	0.9912597575828239	1477.7766158014883
Ecuador	LMIC	less_severe	428	0.6693952115310053	1503.3365027456239
Ecuador	LMIC	less_severe	429	1.0068672044011242	1457.6215130316436
Ecuador	LMIC	less_severe	430	0.6141679222831238	1772.1173281312658
Ecuador	LMIC	less_severe	431	0.5167974622376947	1537.3993178571143
Ecuador	LMIC	less_severe	432	0.28969610291916537	1288.3891448761972
Ecuador	LMIC	less_severe	433	0.5493532428116898	1281.8113382303989
Ecuador	LMIC	less_severe	434	0.5874606023106517	1404.3737639656124
Ecuador	LMIC	less_severe	435	0.3452424873238682	1661.241433975455
Ecuador	LMIC	less_severe	436	0.17698332158306584	1571.17663531783
Ecuador	LMIC	less_severe	437	0.8900871627250511	1417.3969641672627
Ecuador	LMIC	less_severe	438	0.8005597343093784	1665.1261676000422
Ecuador	LMIC	less_severe	439	0.6624561016350192	1676.6330803885107
Ecuador	LMIC	less_severe	440	0.7765922101470948	1236.3736265030875
Ecuador	LMIC	less_severe	441	0.9325478717882194	1421.2918169129239
Ecuador	LMIC	less_severe	442	0.6726904632626427	1579.736119388528
Ecuador	LMIC	less_severe	443	0.3125863703906062	1699.7303938155221
Ecuador	LMIC	less_severe	444	0.9306817565665444	1524.9172663959407
Ecuador	LMIC	less_severe	445	0.46394466553718106	1612.57339873529
Ecuador	LMIC	less_severe	446	0.794788529658077	1331.669651968051
Ecuador	LMIC	less_severe	447	1.041036617376689	1858.1944226003648
Ecuador	LMIC	less_severe	448	0.85616034031474	1867.496694153532
Ecuador	LMIC	less_severe	449	0.5980125535068734	1870.412284200983
Ecuador	LMIC	less_severe	450	0.2318282625206569	1537.6132376915602
Ecuador	LMIC	less_severe	451	1.1124699762590282	1744.7626959385057
Ecuador	LMIC	less_severe	452	0.9423901941310784	1650.9521691778523
Ecuador	LMIC	less_severe	453	0.6327332166145254	1551.8737222002933
Ecuador	LMIC	less_severe	454	1.273415930519239	1365.8346299893246
Ecuador	LMIC	less_severe	455	1.0006259519246408	1775.8350766575875
Ecuador	LMIC	less_severe	456	0.6731263203911504	1639.2710265260746
Ecuador	LMIC	less_severe	457	0.5466950898384972	1459.4964246677173
Ecuador	LMIC	less_severe	458	0.7385917745687429	1248.341624687198
Ecuador	LMIC	less_severe	459	0.6760898892347447	1595.2613234611722
Ecuador	LMIC	less_severe	460	0.41950310998986673	1439.4167116907893
Ecuador	LMIC	less_severe	461	0.917901121242866	1387.2920219027305
Ecuador	LMIC	less_severe	462	0.6715445066087145	1438.6283106222515
Ecuador	LMIC	less_severe	463	0.7478927834810722	1584.1115558047736
Ecuador	LMIC	less_severe	464	0.7662682342833556	1325.6831155871394
Ecuador	LMIC	less_severe	465	0.9881929450729081	1739.8581153369785
Ecuador	LMIC	less_severe	466	0.8745639461672106	1686.1268630612249
Ecuador	LMIC	less_severe	467	0.6689413532306165	1704.686317267339
Ecuador	LMIC	less_severe	468	1.097118862835397	1645.299326937315
Ecuador	LMIC	less_severe	469	0.2790428738631294	1474.6796501179588
Ecuador	LMIC	less_severe	470	0.7226070914342033	1642.4322229092722
Ecuador	LMIC	less_severe	471	0.7135046089540795	1655.7683489697936
Ecuador	LMIC	less_severe	472	0.4141206292997479	1505.8314142142876
Ecuador	LMIC	less_severe	473	0.3540543721347258	1520.7023110296307
Ecuador	LMIC	less_severe	474	0.6476686682035862	1435.0115759666746
Ecuador	LMIC	less_severe	475	0.7782536381009044	1645.9672473540752
Ecuador	LMIC	less_severe	476	0.4613197689604833	1735.3196712464369
Ecuador	LMIC	less_severe	477	0.77682448230845	1821.8649921029728
Ecuador	LMIC	less_severe	478	0.7351384745769769	1639.8027553549944
Ecuador	LMIC	less_severe	479	0.9357647400729281	1508.7405649386824
Ecuador	LMIC	less_severe	480	0.6939665564216111	1716.846819046396
Ecuador	LMIC	less_severe	481	0.8141377363999593	1315.5807930068952
Ecuador	LMIC	less_severe	482	0.9562932032473688	1712.8182105059973
Ecuador	LMIC	less_severe	483	1.2470705870343681	1640.626676007324
Ecuador	LMIC	less_severe	484	0.7369241630876329	1611.5563923443335
Ecuador	LMIC	less_severe	485	0.7348316889860209	1146.6286184335872
Ecuador	LMIC	less_severe	486	0.7376805288463193	1517.9676355768086
Ecuador	LMIC	less_severe	487	0.507603788733864	1341.0390742901986
Ecuador	LMIC	less_severe	488	0.45067463084332626	1675.4894798479227
Ecuador	LMIC	less_severe	489	1.1960754918497551	1657.8231514551567
Ecuador	LMIC	less_severe	490	0.6268162347223352	1646.0585186344451
Ecuador	LMIC	less_severe	491	0.6383049881487914	1762.3378541155382
Ecuador	LMIC	less_severe	492	0.8849129210935289	1738.174196440537
Ecuador	LMIC	less_severe	493	0.2807329751382568	1446.7003884731014
Ecuador	LMIC	less_severe	494	0.3393120243722221	1504.6978629589157
Ecuador	LMIC	less_severe	495	0.910187727551615	1405.5983925379076
Ecuador	LMIC	less_severe	496	1.1205208967923102	1287.5923967991746
Ecuador	LMIC	less_severe	497	0.9971880477928918	1876.4884739247386
Ecuador	LMIC	less_severe	498	0.8720322689666657	1882.0888836418585
Ecuador	LMIC	less_severe	499	0.9137425039662705	1339.9423204465647
Ecuador	LMIC	less_severe	500	1.1046263040413273	1535.0602919588373
Ecuador	LMIC	less_severe	501	0.4212074587966943	1696.4806848102298
Ecuador	LMIC	less_severe	502	0.19394126302376824	1522.0547565564232
Ecuador	LMIC	less_severe	503	0.6561454790234045	1439.1112832051588
Ecuador	LMIC	less_severe	504	0.9611655657716733	1378.8512157049552
Ecuador	LMIC	less_severe	505	0.3923147455869693	1648.597696306973
Ecuador	LMIC	less_severe	506	1.220833668548964	1612.4631409462027
Ecuador	LMIC	less_severe	507	0.6042299708779697	1163.6573597558574
Ecuador	LMIC	less_severe	508	0.7420853582683407	1600.8479181144746
Ecuador	LMIC	less_severe	509	0.6379135276488115	1509.8355753164708
Ecuador	LMIC	less_severe	510	0.9326108783955878	1535.5740091264527
Ecuador	LMIC	less_severe	511	0.3320223106742066	1751.471788384197
Ecuador	LMIC	less_severe	512	0.5960088799275942	1500.5091602144328
Ecuador	LMIC	less_severe	513	0.6010923830094579	1291.8160275704583
Ecuador	LMIC	less_severe	514	0.14690548346880306	1191.8208045953327
Ecuador	LMIC	less_severe	515	1.2237425849887886	1568.8174494386424
Ecuador	LMIC	less_severe	516	0.5387447469637441	1574.0708589054632
Ecuador	LMIC	less_severe	517	0.44262992318113437	1941.4174060172525
Ecuador	LMIC	less_severe	518	0.7621019608809156	1461.691420714976
Ecuador	LMIC	less_severe	519	0.9582347793803332	1803.8044245965561
Ecuador	LMIC	less_severe	520	0.696418348139245	1735.860367702674
Ecuador	LMIC	less_severe	521	0.5347767788997131	1470.0640114589341
Ecuador	LMIC	less_severe	522	1.1738096702339318	1464.7666175013526
Ecuador	LMIC	less_severe	523	0.8980255280137102	1602.9105549406793
Ecuador	LMIC	less_severe	524	0.8655750012996886	1424.9500485157164
Ecuador	LMIC	less_severe	525	0.6417852545589406	1473.534200112168
Ecuador	LMIC	less_severe	526	0.6956883269629932	1551.7800053833105
Ecuador	LMIC	less_severe	527	1.3670924006828589	1410.3080967627802
Ecuador	LMIC	less_severe	528	1.0416990320532378	1378.1410411479474
Ecuador	LMIC	less_severe	529	0.7718516842332073	1360.945431295073
Ecuador	LMIC	less_severe	530	0.9297373326358476	1501.9529160990583
Ecuador	LMIC	less_severe	531	0.5176353353340524	1694.5558783795516
Ecuador	LMIC	less_severe	532	0.972536370233779	1781.999033951153
Ecuador	LMIC	less_severe	533	0.5764276292450545	1528.0300181566072
Ecuador	LMIC	less_severe	534	1.0428276334906448	1682.01411816798
Ecuador	LMIC	less_severe	535	0.4395845730883061	1859.6424688056698
Ecuador	LMIC	less_severe	536	1.2274589404519891	1356.684990507069
Ecuador	LMIC	less_severe	537	0.9702646123361709	1721.6073952154843
Ecuador	LMIC	less_severe	538	0.8877979803290446	1625.5049416407744
Ecuador	LMIC	less_severe	539	0.9908930030987237	1929.8121746527079
Ecuador	LMIC	less_severe	540	0.4850615193237351	1567.9950693369376
Ecuador	LMIC	less_severe	541	1.1922980018179867	1689.1776312009358
Ecuador	LMIC	less_severe	542	0.9476521393815487	1575.1789589671253
Ecuador	LMIC	less_severe	543	0.8894977917165487	1385.929246395071
Ecuador	LMIC	less_severe	544	1.1830570253900272	1935.739778325285
Ecuador	LMIC	less_severe	545	0.3729702544955593	1773.3288598864606
Ecuador	LMIC	less_severe	546	0.8369126595173277	1525.408511394399
Ecuador	LMIC	less_severe	547	0.3679165827019011	1516.3738839758298
Ecuador	LMIC	less_severe	548	0.8262974149732294	1596.9871436916546
Ecuador	LMIC	less_severe	549	0.7412469258962076	1627.3329185827574
Ecuador	LMIC	less_severe	550	0.04852644731611955	1559.2660439489864
Ecuador	LMIC	less_severe	551	0.7270472591901971	1410.050710499474
Ecuador	LMIC	less_severe	552	0.19360638079188108	1628.2514175308243
Ecuador	LMIC	less_severe	553	0.4655649873374914	1711.6724328378782
Ecuador	LMIC	less_severe	554	0.27191541016320775	1942.8813913547056
Ecuador	LMIC	less_severe	555	0.636169011097818	1743.7996476212938
Ecuador	LMIC	less_severe	556	0.654832302616021	1738.917091768018
Ecuador	LMIC	less_severe	557	1.2151954463679129	1815.6260095335788
Ecuador	LMIC	less_severe	558	0.6444847641812048	1311.7768516471642
Ecuador	LMIC	less_severe	559	0.6947366000966504	1730.956882366448
Ecuador	LMIC	less_severe	560	0.8900768458377049	1569.9345190160407
Ecuador	LMIC	less_severe	561	0.2938034373558347	1749.7810754581526
Ecuador	LMIC	less_severe	562	0.4052329311859797	1525.7990542199927
Ecuador	LMIC	less_severe	563	0.8839279401529434	1612.5777195253518
Ecuador	LMIC	less_severe	564	0.8615398194285655	1766.8199222093035
Ecuador	LMIC	less_severe	565	0.28789160312467565	1528.2247778989217
Ecuador	LMIC	less_severe	566	0.9515827508612018	1453.8155241788236
Ecuador	LMIC	less_severe	567	1.045631470366816	1246.8019623702278
Ecuador	LMIC	less_severe	568	0.432987986595736	1741.0437982565313
Ecuador	LMIC	less_severe	569	0.8094676382574306	1332.6272241199858
Ecuador	LMIC	less_severe	570	0.3858286305301868	1468.1926431397223
Ecuador	LMIC	less_severe	571	1.0503106262072355	1520.3974262931931
Ecuador	LMIC	less_severe	572	0.5058978091184505	1596.2677822060514
Ecuador	LMIC	less_severe	573	1.1990057788333375	1832.7449508179716
Ecuador	LMIC	less_severe	574	0.8531429871208243	1809.8579557463431
Ecuador	LMIC	less_severe	575	1.0092253708869232	1398.83951935375
Ecuador	LMIC	less_severe	576	0.4215997391297668	1544.8592792639265
Ecuador	LMIC	less_severe	577	0.5887499840502373	1918.2453350733467
Ecuador	LMIC	less_severe	578	0.8249316697034468	1407.753536172534
Ecuador	LMIC	less_severe	579	0.8956943380557201	1304.8280410337725
Ecuador	LMIC	less_severe	580	0.762314345621999	1669.7000208905697
Ecuador	LMIC	less_severe	581	0.34558850857682977	1666.5649561457371
Ecuador	LMIC	less_severe	582	0.5610105862768009	1602.408650761723
Ecuador	LMIC	less_severe	583	0.609348154214433	1772.9413428058635
Ecuador	LMIC	less_severe	584	0.6673858989169554	1309.641713873345
Ecuador	LMIC	less_severe	585	0.22607879954083865	1446.7902674007648
Ecuador	LMIC	less_severe	586	1.0988744278682527	1634.9523821452667
Ecuador	LMIC	less_severe	587	0.6571102857304192	1438.220491839608
Ecuador	LMIC	less_severe	588	1.2986406478136123	1647.3770574776636
Ecuador	LMIC	less_severe	589	0.6897878260544221	1583.2799549336269
Ecuador	LMIC	less_severe	590	0.9639668305065552	1762.2608781368667
Ecuador	LMIC	less_severe	591	0.5370613065683347	1450.2376324968434
Ecuador	LMIC	less_severe	592	1.146390094237618	1912.7937769009313
Ecuador	LMIC	less_severe	593	0.5645463001220667	1718.9093100316695
Ecuador	LMIC	less_severe	594	0.6149763291072099	1778.0229243156843
Ecuador	LMIC	less_severe	595	0.8019797451943798	1912.0421428717955
Ecuador	LMIC	less_severe	596	0.9955706073163597	1311.6920623357482
Ecuador	LMIC	less_severe	597	0.5940130683947902	1580.9411924446645
Ecuador	LMIC	less_severe	598	0.9257510496281478	1494.0464067857617
Ecuador	LMIC	less_severe	599	0.8441342221912715	1744.9105977713757
Ecuador	LMIC	less_severe	600	0.530536951969673	1555.0439333398617
Ecuador	LMIC	less_severe	601	0.8681010058251841	1425.9105990630646
Ecuador	LMIC	less_severe	602	0.7515265565531388	1788.0365050708556
Ecuador	LMIC	less_severe	603	0.6181049560815599	1630.2847199391745
Ecuador	LMIC	less_severe	604	0.7734959328718136	1704.3055989812606
Ecuador	LMIC	less_severe	605	0.8878779925156008	1522.2792974862994
Ecuador	LMIC	less_severe	606	0.577987694837006	1760.4308829849692
Ecuador	LMIC	less_severe	607	0.6364970447645919	1563.151851715747
Ecuador	LMIC	less_severe	608	0.9458083296481776	1471.8532787823392
Ecuador	LMIC	less_severe	609	0.9599656434561936	1465.7959441529179
Ecuador	LMIC	less_severe	610	0.8200450944015785	1869.6282052706495
Ecuador	LMIC	less_severe	611	0.5341227262760566	1367.4031672491565
Ecuador	LMIC	less_severe	612	0.6567995148568606	1664.6154863847673
Ecuador	LMIC	less_severe	613	0.8917248125423431	1416.5342475878017
Ecuador	LMIC	less_severe	614	0.9299600206448058	1639.3113420293762
Ecuador	LMIC	less_severe	615	0.5274320323677149	1465.6545004653294
Ecuador	LMIC	less_severe	616	0.37781358038075297	1683.296697961715
Ecuador	LMIC	less_severe	617	0.5924835344502397	1611.9860009955069
Ecuador	LMIC	less_severe	618	0.7016583757768156	1441.4984367752256
Ecuador	LMIC	less_severe	619	0.8847807401512151	1497.458799410294
Ecuador	LMIC	less_severe	620	0.632771499841474	1786.8299584399097
Ecuador	LMIC	less_severe	621	0.4279940656024901	1536.9060693283777
Ecuador	LMIC	less_severe	622	1.0844554373381317	1621.1117207224252
Ecuador	LMIC	less_severe	623	0.9288827284611516	1657.3523749131577
Ecuador	LMIC	less_severe	624	0.7471374139979892	1921.2207473695976
Ecuador	LMIC	less_severe	625	1.1186106413204682	1471.0574543703792
Ecuador	LMIC	less_severe	626	0.8544731134373182	1440.0085837632528
Ecuador	LMIC	less_severe	627	1.1484253309233567	1914.7716721696536
Ecuador	LMIC	less_severe	628	0.5059401458385722	1543.6626741620373
Ecuador	LMIC	less_severe	629	0.807659166390601	1401.500510902839
Ecuador	LMIC	less_severe	630	0.6717179332019825	1306.2228083045127
Ecuador	LMIC	less_severe	631	1.0488394628112845	1750.1488129638615
Ecuador	LMIC	less_severe	632	0.3597250863519097	1658.57937415166
Ecuador	LMIC	less_severe	633	1.0875260333168266	1342.8152977010704
Ecuador	LMIC	less_severe	634	0.5453061500734346	1551.0758236705328
Ecuador	LMIC	less_severe	635	0.4196862441623219	1713.6352013634785
Ecuador	LMIC	less_severe	636	0.2798443779145252	2052.0306000501805
Ecuador	LMIC	less_severe	637	0.2529526205547876	1827.3844413032614
Ecuador	LMIC	less_severe	638	0.059500258837888786	1670.7270896106372
Ecuador	LMIC	less_severe	639	0.3138197995763248	1591.2941296623417
Ecuador	LMIC	less_severe	640	0.7326894234663195	1546.1124188984095
Ecuador	LMIC	less_severe	641	1.0784186938812366	1603.436184221086
Ecuador	LMIC	less_severe	642	0.17259098091302594	1501.1940655329472
Ecuador	LMIC	less_severe	643	0.6715882727684703	1569.2832811412554
Ecuador	LMIC	less_severe	644	0.925930662322104	1371.8701740104045
Ecuador	LMIC	less_severe	645	0.10560021455923474	1477.9473002396985
Ecuador	LMIC	less_severe	646	0.37704271584499294	1597.4022098971443
Ecuador	LMIC	less_severe	647	0.9664248164531917	1524.230831290714
Ecuador	LMIC	less_severe	648	0.6467280731582541	1368.2895886412741
Ecuador	LMIC	less_severe	649	0.4067371314610244	1768.1084034560258
Ecuador	LMIC	less_severe	650	0.689483484466201	1747.6217224901397
Ecuador	LMIC	less_severe	651	1.1007877713537644	1559.8629141573488
Ecuador	LMIC	less_severe	652	0.44479759179890443	1867.943619971292
Ecuador	LMIC	less_severe	653	0.8858755088280219	1677.917858814034
Ecuador	LMIC	less_severe	654	0.6089209332419014	1630.165222894943
Ecuador	LMIC	less_severe	655	0.4487260707243186	1516.0429924596635
Ecuador	LMIC	less_severe	656	0.9335012841690626	1646.9410266907626
Ecuador	LMIC	less_severe	657	0.9645298574348145	1202.1505539091
Ecuador	LMIC	less_severe	658	0.9630504248546625	1633.4511863952175
Ecuador	LMIC	less_severe	659	0.8175708780185076	1452.8758816569157
Ecuador	LMIC	less_severe	660	1.12047879099701	1625.1153486048106
Ecuador	LMIC	less_severe	661	0.32986979040753717	1487.5590587482784
Ecuador	LMIC	less_severe	662	0.8079088955320017	1930.20635663245
Ecuador	LMIC	less_severe	663	0.6388177623216702	1678.333356271532
Ecuador	LMIC	less_severe	664	0.7644175515475649	1731.1665857401372
Ecuador	LMIC	less_severe	665	0.9513909506122293	1630.5683682890453
Ecuador	LMIC	less_severe	666	0.6084060155962647	1532.5163494912163
Ecuador	LMIC	less_severe	667	0.7560743518972908	1454.0317629222407
Ecuador	LMIC	less_severe	668	1.0003213981189711	1497.3290487536678
Ecuador	LMIC	less_severe	669	0.8817334163695731	1693.4529777709727
Ecuador	LMIC	less_severe	670	0.08483868735028643	1675.9423572440114
Ecuador	LMIC	less_severe	671	1.021621558940934	1642.9135278432332
Ecuador	LMIC	less_severe	672	0.31591809906511026	1738.9021000027128
Ecuador	LMIC	less_severe	673	0.9438400314484015	1252.9616249764647
Ecuador	LMIC	less_severe	674	1.0761917512828445	1673.828728271044
Ecuador	LMIC	less_severe	675	0.3791353216237763	1423.0776107411473
Ecuador	LMIC	less_severe	676	0.7765986654489954	1376.721538872626
Ecuador	LMIC	less_severe	677	0.73362941078181	1744.2233744918863
Ecuador	LMIC	less_severe	678	0.7469412606021839	1543.2809542456885
Ecuador	LMIC	less_severe	679	0.851488000118878	1547.30906158516
Ecuador	LMIC	less_severe	680	1.2928189204933092	1634.6624708462796
Ecuador	LMIC	less_severe	681	0.4080097237521305	1593.1224987167425
Ecuador	LMIC	less_severe	682	0.7426980661207052	1704.988681789881
Ecuador	LMIC	less_severe	683	0.6838707166074194	1537.2309461385062
Ecuador	LMIC	less_severe	684	0.40065597180875834	1692.7175328722408
Ecuador	LMIC	less_severe	685	0.8340225134702899	1464.0627810953142
Ecuador	LMIC	less_severe	686	0.16538318786889494	1621.5138267504378
Ecuador	LMIC	less_severe	687	0.625477982683317	2031.3530676791165
Ecuador	LMIC	less_severe	688	0.8633000303872103	1690.9892804285014
Ecuador	LMIC	less_severe	689	0.22699751114675992	1675.071780718945
Ecuador	LMIC	less_severe	690	1.0181773365367999	1280.1883076343122
Ecuador	LMIC	less_severe	691	0.8639971941924633	1725.773299051924
Ecuador	LMIC	less_severe	692	1.0138345503669943	1229.688654643698
Ecuador	LMIC	less_severe	693	0.801375902339375	1360.5868282162749
Ecuador	LMIC	less_severe	694	1.1323296386903232	1679.7010300352968
Ecuador	LMIC	less_severe	695	1.2290076953941904	1782.751952840703
Ecuador	LMIC	less_severe	696	0.9424683659631103	1407.4631700074783
Ecuador	LMIC	less_severe	697	0.7661234219120212	1982.6758876717277
Ecuador	LMIC	less_severe	698	0.2528792154833006	1631.6726651114084
Ecuador	LMIC	less_severe	699	1.1388085627830655	1709.399340396816
Ecuador	LMIC	less_severe	700	0.9071134053712964	1583.652392586182
Ecuador	LMIC	less_severe	701	0.3970415408903487	1746.2120367411953
Ecuador	LMIC	less_severe	702	0.8437746217635573	1575.3614707814158
Ecuador	LMIC	less_severe	703	0.37413345800389575	1347.459947256973
Ecuador	LMIC	less_severe	704	1.27113430895513	1568.5692008230335
Ecuador	LMIC	less_severe	705	0.4965081555324855	1612.4076635727574
Ecuador	LMIC	less_severe	706	0.6171651626038215	1599.7144140378714
Ecuador	LMIC	less_severe	707	1.2786848769090984	1641.7994105268192
Ecuador	LMIC	less_severe	708	0.9893404351113699	1837.1868323688104
Ecuador	LMIC	less_severe	709	0.6497360044648581	1445.2953021774133
Ecuador	LMIC	less_severe	710	0.6623606530352881	1577.1942298300335
Ecuador	LMIC	less_severe	711	1.1236143044988514	1543.8077270784438
Ecuador	LMIC	less_severe	712	0.6505717031434406	1628.6301991462465
Ecuador	LMIC	less_severe	713	0.6001574259568767	1320.833214619741
Ecuador	LMIC	less_severe	714	0.916939782259008	1301.5626502484106
Ecuador	LMIC	less_severe	715	0.06761659206289616	1451.41512762862
Ecuador	LMIC	less_severe	716	0.605566540006111	1867.6097018677672
Ecuador	LMIC	less_severe	717	0.8203944085148405	1483.5595394175325
Ecuador	LMIC	less_severe	718	0.7894455948735981	1877.2792490410795
Ecuador	LMIC	less_severe	719	0.8623320952434059	1437.5362590446625
Ecuador	LMIC	less_severe	720	0.8580628041255203	1477.1656780474175
Ecuador	LMIC	less_severe	721	0.4016600221229898	1618.5969503135477
Ecuador	LMIC	less_severe	722	0.6015431598026297	1762.6968950893838
Ecuador	LMIC	less_severe	723	0.8078044699361224	1556.1578443499186
Ecuador	LMIC	less_severe	724	1.1017396235856745	1870.7291720450658
Ecuador	LMIC	less_severe	725	0.42429289240733725	1620.3025643741007
Ecuador	LMIC	less_severe	726	0.5770653025283408	1564.9126282648513
Ecuador	LMIC	less_severe	727	0.7913071662328406	1763.5457998114516
Ecuador	LMIC	less_severe	728	0.5241536419964534	1483.8042703880578
Ecuador	LMIC	less_severe	729	0.7185789258426247	1588.855078482532
Ecuador	LMIC	less_severe	730	0.7686485683288451	1817.4977027467044
Ecuador	LMIC	less_severe	731	1.0201679401110768	1691.469763489194
Ecuador	LMIC	less_severe	732	0.9505710296252947	1784.7790476527232
Ecuador	LMIC	less_severe	733	0.66250419160564	1679.1157898591082
Ecuador	LMIC	less_severe	734	0.8824976707284851	1770.9143492170547
Ecuador	LMIC	less_severe	735	0.589878284423806	1903.2736397275528
Ecuador	LMIC	less_severe	736	0.5989024671237542	1797.3082035246775
Ecuador	LMIC	less_severe	737	0.8769327227474557	1542.4393491027804
Ecuador	LMIC	less_severe	738	0.3682406574248316	1728.1913035446016
Ecuador	LMIC	less_severe	739	0.9321372578947424	1458.1466946397477
Ecuador	LMIC	less_severe	740	0.38855480692042255	1706.2334876175432
Ecuador	LMIC	less_severe	741	1.1373033719585348	1516.329162442953
Ecuador	LMIC	less_severe	742	1.0191857698278812	1788.8682609543264
Ecuador	LMIC	less_severe	743	0.24864844994033364	1660.81821196844
Ecuador	LMIC	less_severe	744	1.009844343615737	1503.5631293113033
Ecuador	LMIC	less_severe	745	0.42198450273316457	1668.5565230468444
Ecuador	LMIC	less_severe	746	0.48965171362628057	1679.290701481289
Ecuador	LMIC	less_severe	747	0.40981547850560185	1926.817963513432
Ecuador	LMIC	less_severe	748	0.6608574359233206	1330.7636059044107
Ecuador	LMIC	less_severe	749	1.058869635807441	1463.0190334635854
Ecuador	LMIC	less_severe	750	0.8737278373668071	1841.3269566402082
Ecuador	LMIC	less_severe	751	0.6073504616007219	1833.1688128569742
Ecuador	LMIC	less_severe	752	1.0777670702235285	1906.6186870544227
Ecuador	LMIC	less_severe	753	0.8753873352503367	1666.410097240931
Ecuador	LMIC	less_severe	754	1.0553110582456067	1572.6784734104053
Ecuador	LMIC	less_severe	755	0.9114382770327376	2162.4680161607025
Ecuador	LMIC	less_severe	756	0.43687254966839273	1696.1415577886396
Ecuador	LMIC	less_severe	757	0.27732793189961047	1725.374037957921
Ecuador	LMIC	less_severe	758	0.8167136673468041	1409.0729242223401
Ecuador	LMIC	less_severe	759	0.7601695082274547	1608.3090370712089
Ecuador	LMIC	less_severe	760	1.014186083267545	1627.7823534541844
Ecuador	LMIC	less_severe	761	1.2601276949401732	1365.0981585186196
Ecuador	LMIC	less_severe	762	1.1074699561876091	1470.612378832115
Ecuador	LMIC	less_severe	763	0.5139995111775653	1438.3591860021406
Ecuador	LMIC	less_severe	764	0.6666383397148001	1656.143732084779
Ecuador	LMIC	less_severe	765	0.6524974829591805	1578.8366805157325
Ecuador	LMIC	less_severe	766	1.0998689340727	1738.2268473665133
Ecuador	LMIC	less_severe	767	0.2399454025558465	1704.6339043299395
Ecuador	LMIC	less_severe	768	0.7294732060927869	1570.3522227409264
Ecuador	LMIC	less_severe	769	0.819762293673076	1567.2614793206194
Ecuador	LMIC	less_severe	770	0.19283790553969293	1981.995141052791
Ecuador	LMIC	less_severe	771	0.7558437038310779	1429.0511393116587
Ecuador	LMIC	less_severe	772	0.7783339829629243	1423.3139049053332
Ecuador	LMIC	less_severe	773	1.0876901255317182	1995.1602864289398
Ecuador	LMIC	less_severe	774	0.47726356037570206	1388.0724101296619
Ecuador	LMIC	less_severe	775	0.6023042144891608	1640.6286643129288
Ecuador	LMIC	less_severe	776	0.8449622449784506	1708.5169090814259
Ecuador	LMIC	less_severe	777	0.6974849893376192	1411.7254624891852
Ecuador	LMIC	less_severe	778	0.8566443741523226	1665.0011643210146
Ecuador	LMIC	less_severe	779	0.803367416131092	1595.4542478336616
Ecuador	LMIC	less_severe	780	0.6625734161382	1729.1461529658714
Ecuador	LMIC	less_severe	781	0.237618264351803	1483.3665692841632
Ecuador	LMIC	less_severe	782	0.7580731525230702	1611.1267963220625
Ecuador	LMIC	less_severe	783	0.8445432972932174	1737.015829903295
Ecuador	LMIC	less_severe	784	0.9162854961468434	1733.5997283573115
Ecuador	LMIC	less_severe	785	0.8358042647644659	1862.7819342212701
Ecuador	LMIC	less_severe	786	0.07403630827626984	1422.7954002634892
Ecuador	LMIC	less_severe	787	0.23670628238217262	1631.9690217366776
Ecuador	LMIC	less_severe	788	0.6948549351507984	1409.6513762023335
Ecuador	LMIC	less_severe	789	0.40321247929238835	1541.9244119868151
Ecuador	LMIC	less_severe	790	0.5585382078291774	1704.7763211585175
Ecuador	LMIC	less_severe	791	0.7048998848966708	1289.3290554041828
Ecuador	LMIC	less_severe	792	0.4466233267354309	1493.5260766958577
Ecuador	LMIC	less_severe	793	1.0711631145842166	1705.5698968701604
Ecuador	LMIC	less_severe	794	0.7922981631378301	1459.1714738514659
Ecuador	LMIC	less_severe	795	0.7657882269232421	1319.8860021552123
Ecuador	LMIC	less_severe	796	0.521187310602814	1657.1597419464754
Ecuador	LMIC	less_severe	797	0.6987767869211594	1706.951003799981
Ecuador	LMIC	less_severe	798	0.6769430637277867	1914.9621666529488
Ecuador	LMIC	less_severe	799	0.7727182409970306	1492.687598919337
Ecuador	LMIC	less_severe	800	0.5568521494583973	1236.2900055095038
Ecuador	LMIC	less_severe	801	0.9464369623995452	1566.9469954451222
Ecuador	LMIC	less_severe	802	0.6394522722471363	1903.7784598146723
Ecuador	LMIC	less_severe	803	0.46172291949357414	1517.1533564480683
Ecuador	LMIC	less_severe	804	0.41955316927077924	1902.098056699331
Ecuador	LMIC	less_severe	805	0.8638499865172369	1508.1189016232775
Ecuador	LMIC	less_severe	806	0.3790944622922212	1211.6047724707205
Ecuador	LMIC	less_severe	807	0.7564402708522104	1564.7536961514297
Ecuador	LMIC	less_severe	808	0.8482326990388387	1550.9637420131405
Ecuador	LMIC	less_severe	809	0.7451194213902119	1745.963112695903
Ecuador	LMIC	less_severe	810	0.4578599551391114	1727.4244558071737
Ecuador	LMIC	less_severe	811	0.7388298695592361	1820.302835620533
Ecuador	LMIC	less_severe	812	1.1338143289842413	1459.5331312387787
Ecuador	LMIC	less_severe	813	1.0489258710803755	1820.997760929086
Ecuador	LMIC	less_severe	814	1.0380983214508217	1609.5035576882478
Ecuador	LMIC	less_severe	815	1.2191668796217452	1480.3793596020673
Ecuador	LMIC	less_severe	816	0.9292770480606665	1406.961289859737
Ecuador	LMIC	less_severe	817	1.1106867870854753	1611.5122933429423
Ecuador	LMIC	less_severe	818	0.9556147407398039	1641.3740586755077
Ecuador	LMIC	less_severe	819	0.8331390604561237	1457.1827236758993
Ecuador	LMIC	less_severe	820	0.7614034205006681	1497.2832698982434
Ecuador	LMIC	less_severe	821	1.2448597074448964	1415.3118720464704
Ecuador	LMIC	less_severe	822	0.19894395768282047	1588.962512173713
Ecuador	LMIC	less_severe	823	0.7766630995810755	1763.5164966311709
Ecuador	LMIC	less_severe	824	0.32462071191870656	1645.7759200576752
Ecuador	LMIC	less_severe	825	0.9943061328124196	1315.7970427788591
Ecuador	LMIC	less_severe	826	0.9089849794659304	1932.6726999619516
Ecuador	LMIC	less_severe	827	1.1083589388222777	1502.2856439133907
Ecuador	LMIC	less_severe	828	0.7130381913731321	1573.3911673134867
Ecuador	LMIC	less_severe	829	0.9996018799653283	1538.355143065196
Ecuador	LMIC	less_severe	830	0.7112283841340048	1501.1496811111988
Ecuador	LMIC	less_severe	831	0.8499927674071572	1595.3078205447964
Ecuador	LMIC	less_severe	832	0.8795841966478082	1671.5705393571284
Ecuador	LMIC	less_severe	833	0.8101644452515293	1632.4970887913996
Ecuador	LMIC	less_severe	834	0.5121441792896912	1680.1723715617675
Ecuador	LMIC	less_severe	835	0.3150690217293417	1729.847946576387
Ecuador	LMIC	less_severe	836	0.7121972738553879	1517.8377518697496
Ecuador	LMIC	less_severe	837	0.8082995187377335	1357.440803158694
Ecuador	LMIC	less_severe	838	0.5642755951250447	1299.4663638750299
Ecuador	LMIC	less_severe	839	0.605278995211588	1617.211673142546
Ecuador	LMIC	less_severe	840	0.5228283364997672	1841.2562622237187
Ecuador	LMIC	less_severe	841	0.5258132257158126	1813.9406367046363
Ecuador	LMIC	less_severe	842	0.5675357295088879	1883.3465562733593
Ecuador	LMIC	less_severe	843	0.45161350402258726	1783.8767066123487
Ecuador	LMIC	less_severe	844	0.8292889038190197	1829.4160990209464
Ecuador	LMIC	less_severe	845	0.4267384220104802	1854.7880804466336
Ecuador	LMIC	less_severe	846	0.7722100683809376	1493.594710412343
Ecuador	LMIC	less_severe	847	0.5492606857602671	1860.4457899965105
Ecuador	LMIC	less_severe	848	0.785432702049059	1551.4769277035557
Ecuador	LMIC	less_severe	849	0.9506945920099654	1292.1097555948836
Ecuador	LMIC	less_severe	850	0.775024390500592	1565.2583827741914
Ecuador	LMIC	less_severe	851	0.7103700863375053	1889.3019880787333
Ecuador	LMIC	less_severe	852	1.114982723034859	1739.5691642791248
Ecuador	LMIC	less_severe	853	0.36103508937181994	1866.7780657680128
Ecuador	LMIC	less_severe	854	0.2610905350441861	1556.6196367033804
Ecuador	LMIC	less_severe	855	0.35872783650210716	1477.714380610384
Ecuador	LMIC	less_severe	856	0.6208929795061384	1787.9208270276376
Ecuador	LMIC	less_severe	857	0.7974641293953297	1358.572113754893
Ecuador	LMIC	less_severe	858	0.9383934782431109	1658.1046839902897
Ecuador	LMIC	less_severe	859	0.6387550041708447	1822.2850092108415
Ecuador	LMIC	less_severe	860	0.8453451471802058	1682.3077664570678
Ecuador	LMIC	less_severe	861	0.8794288712690026	1919.4767083266843
Ecuador	LMIC	less_severe	862	0.6713712982461186	1555.8772419832158
Ecuador	LMIC	less_severe	863	0.5043688778821149	1936.559469379647
Ecuador	LMIC	less_severe	864	0.7258168857185296	1627.6624856705942
Ecuador	LMIC	less_severe	865	1.4119038707527825	1774.4491533683129
Ecuador	LMIC	less_severe	866	1.2365871331448215	1687.541568208217
Ecuador	LMIC	less_severe	867	0.8198916391172739	1490.2186224128582
Ecuador	LMIC	less_severe	868	0.8715837560932598	1541.3103788800977
Ecuador	LMIC	less_severe	869	0.8574264130023663	1775.343406981648
Ecuador	LMIC	less_severe	870	0.2798188427526114	1535.358116420819
Ecuador	LMIC	less_severe	871	0.9120853086273781	1269.7810954373535
Ecuador	LMIC	less_severe	872	0.4406910092655263	1503.072683757115
Ecuador	LMIC	less_severe	873	0.8134831441560575	1401.4690062229554
Ecuador	LMIC	less_severe	874	0.46815358521423	1651.750495011032
Ecuador	LMIC	less_severe	875	0.7130585675753323	1261.7437420140454
Ecuador	LMIC	less_severe	876	0.9179780814022367	1687.002877744234
Ecuador	LMIC	less_severe	877	0.6074401131164882	1415.8072136824062
Ecuador	LMIC	less_severe	878	0.9349000554141207	1805.2931418594242
Ecuador	LMIC	less_severe	879	0.5152247380542185	1541.7286707637072
Ecuador	LMIC	less_severe	880	0.8144194029879137	1847.8447468267027
Ecuador	LMIC	less_severe	881	0.3825776704333741	1727.2614696189135
Ecuador	LMIC	less_severe	882	0.46488121564043805	1598.9505790433936
Ecuador	LMIC	less_severe	883	1.0436822560569818	1741.1710221738101
Ecuador	LMIC	less_severe	884	0.811496480923775	1651.5229589699047
Ecuador	LMIC	less_severe	885	1.0257947098204254	1687.0196639996652
Ecuador	LMIC	less_severe	886	1.0840382720855555	1935.0456299805487
Ecuador	LMIC	less_severe	887	1.3021618744331689	1386.3512199535203
Ecuador	LMIC	less_severe	888	0.30684897129095834	1522.9328618873594
Ecuador	LMIC	less_severe	889	0.6025107233565112	1853.1330114190362
Ecuador	LMIC	less_severe	890	0.8162862024687016	2049.532464084205
Ecuador	LMIC	less_severe	891	0.41784124039435566	1507.0341454125157
Ecuador	LMIC	less_severe	892	1.168820317580173	1551.506483269364
Ecuador	LMIC	less_severe	893	0.4139406457632653	1907.9213848746617
Ecuador	LMIC	less_severe	894	0.6235925054418057	1415.2901725639972
Ecuador	LMIC	less_severe	895	0.6938914475863722	1862.117111375312
Ecuador	LMIC	less_severe	896	0.9885593209513241	1720.435547955945
Ecuador	LMIC	less_severe	897	0.6699924308918561	2024.3157252341944
Ecuador	LMIC	less_severe	898	0.5985863047792255	1525.946353370582
Ecuador	LMIC	less_severe	899	0.4699100854201741	1881.550370657333
Ecuador	LMIC	less_severe	900	1.1966346943386803	1134.4527902301952
Ecuador	LMIC	less_severe	901	0.18799932490681037	1323.184533035756
Ecuador	LMIC	less_severe	902	0.7625935565999842	1661.2104151486742
Ecuador	LMIC	less_severe	903	1.0839413206069555	1452.0265502208445
Ecuador	LMIC	less_severe	904	0.41298630070678133	1470.9650467529505
Ecuador	LMIC	less_severe	905	1.0889029175689702	1400.215385121585
Ecuador	LMIC	less_severe	906	0.9165036790356513	1911.0885537914974
Ecuador	LMIC	less_severe	907	0.4397106633310388	1639.828856881582
Ecuador	LMIC	less_severe	908	0.742574721474452	1626.4711573984641
Ecuador	LMIC	less_severe	909	0.978646834360112	1403.8875863097187
Ecuador	LMIC	less_severe	910	0.939138753381286	1561.6455972648146
Ecuador	LMIC	less_severe	911	0.5676824487602996	1844.9574412424217
Ecuador	LMIC	less_severe	912	0.48752176814296755	1769.0594567760086
Ecuador	LMIC	less_severe	913	0.7335901226091277	1622.944563675645
Ecuador	LMIC	less_severe	914	1.0251360788632757	1687.510856634519
Ecuador	LMIC	less_severe	915	0.875070881175291	1354.123369575874
Ecuador	LMIC	less_severe	916	0.5810538375576826	1687.1818309405169
Ecuador	LMIC	less_severe	917	0.7185680441124065	1524.7777855180175
Ecuador	LMIC	less_severe	918	0.27539664546941633	1709.835627521671
Ecuador	LMIC	less_severe	919	0.6386266622172934	1703.305228865719
Ecuador	LMIC	less_severe	920	0.4296743649348249	1633.9582929416288
Ecuador	LMIC	less_severe	921	0.9359152104508901	1614.0011637167445
Ecuador	LMIC	less_severe	922	0.5555019451560894	1948.389372454525
Ecuador	LMIC	less_severe	923	0.8633848290122934	1747.444648595061
Ecuador	LMIC	less_severe	924	0.653938424506916	1796.1990155755504
Ecuador	LMIC	less_severe	925	0.8005143190139963	1608.2000096643374
Ecuador	LMIC	less_severe	926	0.5209115943401281	1869.403932539495
Ecuador	LMIC	less_severe	927	0.6073249065403914	1668.5912637432739
Ecuador	LMIC	less_severe	928	0.5389696958251986	1722.6568832560692
Ecuador	LMIC	less_severe	929	0.5715290184966277	1715.5148966213674
Ecuador	LMIC	less_severe	930	0.4123979872128225	1774.4593644103643
Ecuador	LMIC	less_severe	931	0.4239821528029917	1452.5832141321155
Ecuador	LMIC	less_severe	932	0.0010167911050076306	1259.8427537091516
Ecuador	LMIC	less_severe	933	0.8645208692841271	1490.8391176200794
Ecuador	LMIC	less_severe	934	0.8853220696209592	1403.7931215257634
Ecuador	LMIC	less_severe	935	0.7244148943608639	1738.2816500600427
Ecuador	LMIC	less_severe	936	0.1642527379993175	1500.6595447820457
Ecuador	LMIC	less_severe	937	0.5853196432950796	1297.1271914803556
Ecuador	LMIC	less_severe	938	0.8916692382850138	1689.2977295713335
Ecuador	LMIC	less_severe	939	0.48372425725492096	1657.75161692502
Ecuador	LMIC	less_severe	940	1.110034683579706	1695.581577457005
Ecuador	LMIC	less_severe	941	0.9020968430930436	1714.1397526712744
Ecuador	LMIC	less_severe	942	0.34027225127598015	1365.8793852393428
Ecuador	LMIC	less_severe	943	0.8137187771110037	1308.9834931641644
Ecuador	LMIC	less_severe	944	0.8305245842788733	1674.508526194676
Ecuador	LMIC	less_severe	945	0.8226532851357429	1367.9552499180077
Ecuador	LMIC	less_severe	946	0.8191259022430515	1764.6534528533741
Ecuador	LMIC	less_severe	947	0.8643262732738539	1760.7588203194896
Ecuador	LMIC	less_severe	948	0.6498261123444067	1796.9767324142927
Ecuador	LMIC	less_severe	949	0.7088440547067627	1870.68733401274
Ecuador	LMIC	less_severe	950	1.0445311439602096	1662.7822858096436
Ecuador	LMIC	less_severe	951	0.73756939305055	1913.1179004656017
Ecuador	LMIC	less_severe	952	0.9062723292953097	1757.8779438503066
Ecuador	LMIC	less_severe	953	0.4169991203310035	1734.132037736465
Ecuador	LMIC	less_severe	954	0.7323447070914066	1757.6346425677718
Ecuador	LMIC	less_severe	955	0.39625736270345735	1773.022637192422
Ecuador	LMIC	less_severe	956	0.8130043581253465	1749.4588164497382
Ecuador	LMIC	less_severe	957	1.1557022897201783	1557.4925572482387
Ecuador	LMIC	less_severe	958	0.5560230774978043	1637.4624144787495
Ecuador	LMIC	less_severe	959	0.8044724017413953	1745.4645701611207
Ecuador	LMIC	less_severe	960	0.9112640030614956	1573.343620735603
Ecuador	LMIC	less_severe	961	1.0266239780108508	1967.1890502373353
Ecuador	LMIC	less_severe	962	0.22465310947089723	1574.1793347878925
Ecuador	LMIC	less_severe	963	0.688362573789917	1616.71359672787
Ecuador	LMIC	less_severe	964	0.7056150391484612	1687.194403961425
Ecuador	LMIC	less_severe	965	0.3602028402467252	1471.7507732245977
Ecuador	LMIC	less_severe	966	0.5837549252751542	1496.8804524022203
Ecuador	LMIC	less_severe	967	0.2414392804397858	1698.9716720530846
Ecuador	LMIC	less_severe	968	0.646304648232082	1416.5131841819405
Ecuador	LMIC	less_severe	969	0.5967968685536147	1307.5288330393578
Ecuador	LMIC	less_severe	970	1.1641655765764032	1867.826986297568
Ecuador	LMIC	less_severe	971	0.6725380085327863	1685.2001804978083
Ecuador	LMIC	less_severe	972	0.47513975669334574	1578.72555460459
Ecuador	LMIC	less_severe	973	0.7036751017971978	1693.842677503605
Ecuador	LMIC	less_severe	974	1.125339233665278	1520.8213112285398
Ecuador	LMIC	less_severe	975	0.7360586139841994	1597.6891879181771
Ecuador	LMIC	less_severe	976	0.8248746414733086	1355.0712554322745
Ecuador	LMIC	less_severe	977	1.5505737005983482	1334.543061300344
Ecuador	LMIC	less_severe	978	0.34025316304546305	1672.3985013449897
Ecuador	LMIC	less_severe	979	0.8270243385842244	1660.8958130331198
Ecuador	LMIC	less_severe	980	0.3854326018955936	1745.3059310195467
Ecuador	LMIC	less_severe	981	0.590881542772602	1853.9558563992864
Ecuador	LMIC	less_severe	982	0.5213339433433606	1871.6708744613268
Ecuador	LMIC	less_severe	983	0.6982862233456073	1876.2171129456824
Ecuador	LMIC	less_severe	984	0.8768389151804419	1513.8971873086998
Ecuador	LMIC	less_severe	985	0.6580237337134629	1431.7723300674825
Ecuador	LMIC	less_severe	986	0.21414984504359058	1566.7871471341773
Ecuador	LMIC	less_severe	987	0.8522182824703726	1636.401606260351
Ecuador	LMIC	less_severe	988	0.5739693852774574	1735.1975394484025
Ecuador	LMIC	less_severe	989	0.5357404163173145	1751.5468500073835
Ecuador	LMIC	less_severe	990	0.7766906649617842	1818.999051465551
Ecuador	LMIC	less_severe	991	0.9613893341332176	1500.2447038634723
Ecuador	LMIC	less_severe	992	0.13852767821669065	1795.2254573119253
Ecuador	LMIC	less_severe	993	0.5815670936216955	1608.5998746024854
Ecuador	LMIC	less_severe	994	0.689778552955683	1180.5698621274564
Ecuador	LMIC	less_severe	995	0.8786187214798469	1803.9162024488307
Ecuador	LMIC	less_severe	996	1.1328704420907405	1832.8865123306707
Ecuador	LMIC	less_severe	997	0.4555695434975071	1833.4285659378165
Ecuador	LMIC	less_severe	998	0.8040176474810785	1905.6159147193493
Ecuador	LMIC	less_severe	999	0.7017939307201502	1889.9649446500066
Ecuador	LMIC	less_severe	1000	0.5923930347556086	1536.7840168310274
Ecuador	LMIC	severe	1	0.9691747222236149	1684.9647543516335
Ecuador	LMIC	severe	2	2.196995917581144	1748.29102403514
Ecuador	LMIC	severe	3	2.0035740102382076	1591.795291363825
Ecuador	LMIC	severe	4	2.408844680204403	1568.523969156302
Ecuador	LMIC	severe	5	2.0353628666836565	1309.0110202248834
Ecuador	LMIC	severe	6	1.1828204323148928	1903.3524374675023
Ecuador	LMIC	severe	7	2.6225773487731265	1762.1883561662044
Ecuador	LMIC	severe	8	2.277166863854494	1194.7403687182837
Ecuador	LMIC	severe	9	1.8101876390803477	1375.3775936502034
Ecuador	LMIC	severe	10	1.761299531063845	1327.717931003163
Ecuador	LMIC	severe	11	1.5054483274455484	1179.8489719525992
Ecuador	LMIC	severe	12	1.2820423160005374	1667.4136106630758
Ecuador	LMIC	severe	13	1.9459716043365982	1497.5998028075203
Ecuador	LMIC	severe	14	1.8915393068601878	1703.5096616419978
Ecuador	LMIC	severe	15	1.7865350074854112	1899.0449927031887
Ecuador	LMIC	severe	16	1.4283980923311512	1594.2541920818512
Ecuador	LMIC	severe	17	2.2098331123763404	1507.0201380250542
Ecuador	LMIC	severe	18	2.3800007987124125	1458.431241829017
Ecuador	LMIC	severe	19	1.795612903308799	1759.27743514969
Ecuador	LMIC	severe	20	2.0360899214157637	1752.2865963779527
Ecuador	LMIC	severe	21	2.416415433940389	1132.3309155668953
Ecuador	LMIC	severe	22	1.1600765742192656	1593.9286045021277
Ecuador	LMIC	severe	23	1.702003736949984	1738.529194883883
Ecuador	LMIC	severe	24	0.9459583186707392	1657.006953121523
Ecuador	LMIC	severe	25	1.9707773227483942	1473.0379742256464
Ecuador	LMIC	severe	26	2.47845181127881	1596.6227887550747
Ecuador	LMIC	severe	27	1.433226147781081	1664.4492446427646
Ecuador	LMIC	severe	28	2.063354001336399	1766.1966713954862
Ecuador	LMIC	severe	29	1.6766033168433756	1832.1712459863877
Ecuador	LMIC	severe	30	2.78863568835302	1536.8804332795562
Ecuador	LMIC	severe	31	0.9365100748149437	1295.760215306757
Ecuador	LMIC	severe	32	1.5146484304963366	1753.8122650400528
Ecuador	LMIC	severe	33	1.7599739736629414	1651.6099580441223
Ecuador	LMIC	severe	34	2.3234721382269075	1769.9663579773908
Ecuador	LMIC	severe	35	1.59233691884139	1654.12894586911
Ecuador	LMIC	severe	36	1.914274261179982	1813.0342756548314
Ecuador	LMIC	severe	37	1.31999075561306	1679.6480574759173
Ecuador	LMIC	severe	38	2.4465350898306992	1574.9763335750183
Ecuador	LMIC	severe	39	1.1274796064632135	1871.8100144883172
Ecuador	LMIC	severe	40	2.7579631918570575	1905.847023728389
Ecuador	LMIC	severe	41	2.3334964054210383	1240.4334311637294
Ecuador	LMIC	severe	42	2.236947286499764	1532.3863633473634
Ecuador	LMIC	severe	43	2.1611783219831593	1722.5996279238675
Ecuador	LMIC	severe	44	2.064225379670826	1728.4418670950313
Ecuador	LMIC	severe	45	0.9290366361443101	1573.7682979085034
Ecuador	LMIC	severe	46	1.4197104914244818	1600.669357930295
Ecuador	LMIC	severe	47	2.200889232108623	1397.50142887043
Ecuador	LMIC	severe	48	1.6559015890726485	1426.2572596931218
Ecuador	LMIC	severe	49	1.9571276039377894	1424.2166650783297
Ecuador	LMIC	severe	50	1.6298743233503221	1830.203537743242
Ecuador	LMIC	severe	51	1.1892006315430539	1509.0832023783241
Ecuador	LMIC	severe	52	2.524646606213743	1525.2943325926983
Ecuador	LMIC	severe	53	1.717275262657454	1280.3483967954007
Ecuador	LMIC	severe	54	1.1951440274140328	1588.6421443873387
Ecuador	LMIC	severe	55	1.3075990765083008	1714.8588628647128
Ecuador	LMIC	severe	56	1.6429139872660325	1726.2446051613103
Ecuador	LMIC	severe	57	1.4321508655116366	1412.3636617396162
Ecuador	LMIC	severe	58	1.5810390948798894	1679.570817762677
Ecuador	LMIC	severe	59	2.175915839519372	1589.8895501867655
Ecuador	LMIC	severe	60	1.7986150404117045	1870.7307138088659
Ecuador	LMIC	severe	61	1.4353809847425407	1485.2034593639537
Ecuador	LMIC	severe	62	1.985987745223921	1962.6896458026567
Ecuador	LMIC	severe	63	1.5045890295189532	1718.4669029414897
Ecuador	LMIC	severe	64	1.5585984028019224	1501.9464056441684
Ecuador	LMIC	severe	65	1.791721256612714	1939.0260479930334
Ecuador	LMIC	severe	66	1.1620082473506654	1240.1054751419028
Ecuador	LMIC	severe	67	1.7630601499251695	1759.7013399751734
Ecuador	LMIC	severe	68	1.345709777481828	1856.5287279584318
Ecuador	LMIC	severe	69	1.633548026506582	1839.2106505581828
Ecuador	LMIC	severe	70	1.4750521357512154	1608.705815483244
Ecuador	LMIC	severe	71	0.6608150628508112	1399.3474866353272
Ecuador	LMIC	severe	72	2.5795696635243486	1509.218750491691
Ecuador	LMIC	severe	73	2.0935487581939345	1241.29820233279
Ecuador	LMIC	severe	74	1.5458398291985436	1744.5805086726496
Ecuador	LMIC	severe	75	2.181615159241569	1753.7906391716256
Ecuador	LMIC	severe	76	1.6340559771718812	1946.2180183442433
Ecuador	LMIC	severe	77	1.5724244740387356	1488.4877914855538
Ecuador	LMIC	severe	78	2.096828005027146	1411.0867032988929
Ecuador	LMIC	severe	79	1.3962453348816184	1535.066817660242
Ecuador	LMIC	severe	80	1.543356329565452	1843.6351537144646
Ecuador	LMIC	severe	81	1.8237616033193342	1861.5197196219435
Ecuador	LMIC	severe	82	2.248362155872031	1693.9589945366286
Ecuador	LMIC	severe	83	1.299491633761237	1368.9264981322483
Ecuador	LMIC	severe	84	1.983882031704327	1645.6618805153598
Ecuador	LMIC	severe	85	1.679104844036447	1513.6459274071472
Ecuador	LMIC	severe	86	1.1998685654399552	1884.5254939487013
Ecuador	LMIC	severe	87	1.3418530685154586	1766.5853242260855
Ecuador	LMIC	severe	88	1.7896136858097371	1308.027299500676
Ecuador	LMIC	severe	89	2.6418524777262857	1839.2892522995683
Ecuador	LMIC	severe	90	1.9845062709274868	1544.1662513121341
Ecuador	LMIC	severe	91	1.4678020245715055	1735.8078530659361
Ecuador	LMIC	severe	92	1.84893824296902	1711.9967718777416
Ecuador	LMIC	severe	93	1.2642554843656173	1270.6856208280806
Ecuador	LMIC	severe	94	2.2437911291802535	1517.6285736527298
Ecuador	LMIC	severe	95	2.209937944462157	1627.2115493792362
Ecuador	LMIC	severe	96	1.722324437999764	1823.841648635739
Ecuador	LMIC	severe	97	2.1708567165804804	1618.7827032551725
Ecuador	LMIC	severe	98	2.5292133253488887	1728.9547506968133
Ecuador	LMIC	severe	99	1.958135384922607	1809.9148646906665
Ecuador	LMIC	severe	100	1.5452102185140837	1097.8679932911596
Ecuador	LMIC	severe	101	1.388199682535161	1905.3738066028623
Ecuador	LMIC	severe	102	1.830322453530954	1583.5853023995846
Ecuador	LMIC	severe	103	1.3198594402020594	1464.638119070032
Ecuador	LMIC	severe	104	2.013148202752815	1516.5932350663575
Ecuador	LMIC	severe	105	1.6356790666308756	1229.9301898538993
Ecuador	LMIC	severe	106	1.9579795864275864	1518.7188461633982
Ecuador	LMIC	severe	107	1.2005023876537777	1492.689498326258
Ecuador	LMIC	severe	108	1.3586243764404946	1740.2688487806888
Ecuador	LMIC	severe	109	1.7328882637604357	1764.8301301518602
Ecuador	LMIC	severe	110	2.028001947185487	1521.3243031951192
Ecuador	LMIC	severe	111	2.158254425122385	1529.866809593462
Ecuador	LMIC	severe	112	1.060168347429932	1487.3648624471848
Ecuador	LMIC	severe	113	2.0127639910555724	1758.0755412941542
Ecuador	LMIC	severe	114	2.0090065567747186	1143.0131546170937
Ecuador	LMIC	severe	115	1.7573189889792138	1377.8306929031764
Ecuador	LMIC	severe	116	2.109603137748689	1729.84782356887
Ecuador	LMIC	severe	117	1.2505578066457508	1667.2884071412902
Ecuador	LMIC	severe	118	1.9339083767248644	1962.486828839245
Ecuador	LMIC	severe	119	1.9224254805990597	1591.7690498670984
Ecuador	LMIC	severe	120	2.1551519763324984	1728.9813715173445
Ecuador	LMIC	severe	121	2.807505357701566	1647.7792315777401
Ecuador	LMIC	severe	122	1.5756500112324745	1636.7001199921754
Ecuador	LMIC	severe	123	1.690364171635312	1517.3963975481397
Ecuador	LMIC	severe	124	1.160268906305702	1669.6748771127918
Ecuador	LMIC	severe	125	1.7049951639397292	1447.93996876403
Ecuador	LMIC	severe	126	2.61839625538547	1582.1853338325068
Ecuador	LMIC	severe	127	2.5026249884410934	1537.5878454964059
Ecuador	LMIC	severe	128	1.4806585777472852	1549.5064361858051
Ecuador	LMIC	severe	129	1.7919328729881094	2009.6798961668221
Ecuador	LMIC	severe	130	2.216591583204832	1679.5495753578098
Ecuador	LMIC	severe	131	1.9889220453772154	1261.473751243729
Ecuador	LMIC	severe	132	1.6423184310623808	1635.8293933221416
Ecuador	LMIC	severe	133	1.5589374186986085	1752.5850948775173
Ecuador	LMIC	severe	134	1.851113316040121	1474.4679490825636
Ecuador	LMIC	severe	135	2.3266761442750425	1547.004740036161
Ecuador	LMIC	severe	136	1.3535450601106072	1613.2188999497403
Ecuador	LMIC	severe	137	1.5424444310278593	1287.0543524476416
Ecuador	LMIC	severe	138	1.313688456096867	1656.9147025804625
Ecuador	LMIC	severe	139	1.2672317446956631	1229.8573160457827
Ecuador	LMIC	severe	140	1.1826019851364968	1744.8467968105347
Ecuador	LMIC	severe	141	2.3562008456260313	1703.82292793219
Ecuador	LMIC	severe	142	1.8757586903762045	1540.8139155600943
Ecuador	LMIC	severe	143	1.681055144330709	1387.5604725417388
Ecuador	LMIC	severe	144	1.6862877309100637	1551.229628383151
Ecuador	LMIC	severe	145	1.8817897049796177	1486.9263246323417
Ecuador	LMIC	severe	146	1.9604192005142265	1497.398002744389
Ecuador	LMIC	severe	147	1.7135836720225472	1608.1450882315266
Ecuador	LMIC	severe	148	1.804484293016845	1519.0135513755724
Ecuador	LMIC	severe	149	1.6786552129461967	1570.8628273219904
Ecuador	LMIC	severe	150	1.6762406993375132	1508.575316318517
Ecuador	LMIC	severe	151	2.33638708467851	1795.904876701631
Ecuador	LMIC	severe	152	1.8044251074404505	1542.2702044045086
Ecuador	LMIC	severe	153	2.0111384170943403	1348.428270158146
Ecuador	LMIC	severe	154	1.1672615566000877	1587.6387391618857
Ecuador	LMIC	severe	155	2.174442188458059	1604.6513965819931
Ecuador	LMIC	severe	156	1.6291443551985	1869.1654771071317
Ecuador	LMIC	severe	157	1.4192264896779059	1662.701198540111
Ecuador	LMIC	severe	158	1.44812605393229	1759.6808031130383
Ecuador	LMIC	severe	159	1.591572634481949	1716.8848022873894
Ecuador	LMIC	severe	160	2.411137815193624	1768.0288872403921
Ecuador	LMIC	severe	161	1.5457678978251357	1639.1898790983996
Ecuador	LMIC	severe	162	1.9532320821972133	1676.7633326982811
Ecuador	LMIC	severe	163	0.9238949298201398	1605.1964133019683
Ecuador	LMIC	severe	164	1.447042682380188	1420.989710252009
Ecuador	LMIC	severe	165	2.0983850538503415	1675.168664436343
Ecuador	LMIC	severe	166	1.8735861136634684	1324.5741929446044
Ecuador	LMIC	severe	167	1.32986413902539	1411.2578236810655
Ecuador	LMIC	severe	168	2.2957206915072312	1477.517956219599
Ecuador	LMIC	severe	169	2.024346594962993	1401.3657870102395
Ecuador	LMIC	severe	170	2.0618771484018383	1676.1125329160777
Ecuador	LMIC	severe	171	1.6501061949727278	1602.297738048986
Ecuador	LMIC	severe	172	1.9493795863872436	1356.52009792617
Ecuador	LMIC	severe	173	1.6512931032696003	1482.1792328934298
Ecuador	LMIC	severe	174	2.09340694651629	1785.7093530307181
Ecuador	LMIC	severe	175	1.8349157360438153	2013.2469291373313
Ecuador	LMIC	severe	176	1.907732662073883	1857.0989924186465
Ecuador	LMIC	severe	177	2.001013322988512	1395.7176340996325
Ecuador	LMIC	severe	178	1.9590371337210204	1736.3449239772292
Ecuador	LMIC	severe	179	1.4185832778659941	1828.0636763203684
Ecuador	LMIC	severe	180	1.3052735640628685	1344.6547625333938
Ecuador	LMIC	severe	181	2.323277390069155	1561.6595588514774
Ecuador	LMIC	severe	182	1.8660803493122087	1658.145444232407
Ecuador	LMIC	severe	183	2.26618950586247	1726.91962398448
Ecuador	LMIC	severe	184	2.003292594394708	1689.257512289145
Ecuador	LMIC	severe	185	1.0258341616977331	1537.0957801388422
Ecuador	LMIC	severe	186	2.6127112769556655	1734.4048645642579
Ecuador	LMIC	severe	187	1.8068553629849555	1417.7667210029508
Ecuador	LMIC	severe	188	2.3011245195198367	2002.1061530525872
Ecuador	LMIC	severe	189	2.5495821729861117	1602.8443633174236
Ecuador	LMIC	severe	190	2.3320215961037922	1755.0643658718095
Ecuador	LMIC	severe	191	1.3767908798500978	1325.45219353244
Ecuador	LMIC	severe	192	1.909621300836207	1950.9203532630922
Ecuador	LMIC	severe	193	2.4934060520629546	1815.6839218087227
Ecuador	LMIC	severe	194	2.251807265978468	1707.2986182979587
Ecuador	LMIC	severe	195	1.5516731789771834	1398.0539804380242
Ecuador	LMIC	severe	196	1.8146384165782354	1922.0769422580306
Ecuador	LMIC	severe	197	1.070026041572543	1904.5072149008943
Ecuador	LMIC	severe	198	1.9924339038680503	1558.8900391549823
Ecuador	LMIC	severe	199	1.7471259049097423	1727.9818438581885
Ecuador	LMIC	severe	200	1.5479645656419616	1510.2137275826017
Ecuador	LMIC	severe	201	1.2763058165893488	1447.0315004932177
Ecuador	LMIC	severe	202	2.1703012826399926	1651.5021053117875
Ecuador	LMIC	severe	203	1.9641777886400655	1334.2982447210125
Ecuador	LMIC	severe	204	2.013235050957919	1759.0297587374155
Ecuador	LMIC	severe	205	2.368160420033889	1654.2177692010555
Ecuador	LMIC	severe	206	2.5139529584719384	1286.0716271254075
Ecuador	LMIC	severe	207	2.4780027658174686	1628.868910610575
Ecuador	LMIC	severe	208	1.7103589334030787	1517.9105370143905
Ecuador	LMIC	severe	209	2.1145222559892294	1637.7968860812603
Ecuador	LMIC	severe	210	1.4864278262201527	1668.1871653052544
Ecuador	LMIC	severe	211	1.2052936605990077	1800.385612022835
Ecuador	LMIC	severe	212	1.9657705973838016	1359.0482516192753
Ecuador	LMIC	severe	213	1.55076744505861	1241.6993735108458
Ecuador	LMIC	severe	214	2.4227081198711993	1594.2025640921734
Ecuador	LMIC	severe	215	2.4062628122661667	1766.1558808271154
Ecuador	LMIC	severe	216	1.3396579692801063	1480.2339390156244
Ecuador	LMIC	severe	217	1.3810449539030891	1993.389967714563
Ecuador	LMIC	severe	218	0.9383206814802936	1733.7968353593828
Ecuador	LMIC	severe	219	1.7137744922998417	1500.1975296146054
Ecuador	LMIC	severe	220	2.5146469424718463	1487.4526803622953
Ecuador	LMIC	severe	221	2.4674612874370854	1349.2139985730564
Ecuador	LMIC	severe	222	1.1048215701891353	1907.0397177037296
Ecuador	LMIC	severe	223	1.7809433448670937	2066.7407922748866
Ecuador	LMIC	severe	224	1.5458703058507757	1856.1999087329598
Ecuador	LMIC	severe	225	2.636417642151951	1687.8271218104405
Ecuador	LMIC	severe	226	1.1254565292563163	1666.2867327455115
Ecuador	LMIC	severe	227	1.7410542135166924	1534.59081273658
Ecuador	LMIC	severe	228	2.2954239367154265	1484.437307830487
Ecuador	LMIC	severe	229	2.310158125847815	1620.0380789354997
Ecuador	LMIC	severe	230	2.2360054966869134	1778.8178515104373
Ecuador	LMIC	severe	231	1.4604596930500975	1487.813034848856
Ecuador	LMIC	severe	232	1.3962105071224862	1409.8888276226412
Ecuador	LMIC	severe	233	1.75565107161506	1273.759371380407
Ecuador	LMIC	severe	234	1.9734257564145334	2080.6592147559554
Ecuador	LMIC	severe	235	2.2418344231107135	1420.614233457743
Ecuador	LMIC	severe	236	1.3797851516013084	1521.8633752858798
Ecuador	LMIC	severe	237	1.9986681314461676	1809.2535510128405
Ecuador	LMIC	severe	238	1.705321384010157	1851.7755348292471
Ecuador	LMIC	severe	239	1.0282978200494917	1827.4665185124363
Ecuador	LMIC	severe	240	1.1809906676773583	1441.4384176588662
Ecuador	LMIC	severe	241	2.1115074806848604	1838.9618337878737
Ecuador	LMIC	severe	242	1.389270027371194	1565.012869979044
Ecuador	LMIC	severe	243	2.294937800773274	1560.7530771801787
Ecuador	LMIC	severe	244	1.0439447362898924	1836.689696727979
Ecuador	LMIC	severe	245	1.718067302775811	1243.494188890391
Ecuador	LMIC	severe	246	1.8361240908037697	1796.3268764472195
Ecuador	LMIC	severe	247	1.3705664949698146	1581.1096429973509
Ecuador	LMIC	severe	248	1.5617243871046456	1722.6798837414613
Ecuador	LMIC	severe	249	2.315752395127051	1604.9226233725306
Ecuador	LMIC	severe	250	1.9795834019667424	1328.0507190021779
Ecuador	LMIC	severe	251	1.2799161930780687	1481.9954781824053
Ecuador	LMIC	severe	252	1.6505160792483173	1692.132890539643
Ecuador	LMIC	severe	253	1.8668262364683255	1426.5047973729875
Ecuador	LMIC	severe	254	2.400230214984494	1663.8913668890789
Ecuador	LMIC	severe	255	1.9617787244662241	1589.196982906371
Ecuador	LMIC	severe	256	2.0225609262772544	2005.5544056533597
Ecuador	LMIC	severe	257	1.7404584279855673	1703.760224559159
Ecuador	LMIC	severe	258	1.6415844643952027	1438.8536101568416
Ecuador	LMIC	severe	259	2.130769593318788	1517.974384811201
Ecuador	LMIC	severe	260	2.2012177521049585	1334.7164650655932
Ecuador	LMIC	severe	261	2.125488685709394	1516.0626677638077
Ecuador	LMIC	severe	262	2.190716245931327	1817.598505015847
Ecuador	LMIC	severe	263	2.2035224664997077	1414.3223206563025
Ecuador	LMIC	severe	264	1.485622171105999	1507.2739599413626
Ecuador	LMIC	severe	265	1.0589159761309723	1622.0330875771288
Ecuador	LMIC	severe	266	1.4954757425269922	1861.635883724562
Ecuador	LMIC	severe	267	1.9034962204953185	1258.5088643239417
Ecuador	LMIC	severe	268	2.1611092241901284	1686.2056810549045
Ecuador	LMIC	severe	269	2.2405589487094493	1857.8078519253138
Ecuador	LMIC	severe	270	1.8125784385268817	1731.697432683562
Ecuador	LMIC	severe	271	1.8246591565444987	1213.2977114736816
Ecuador	LMIC	severe	272	2.6227261823365726	1864.7724815603833
Ecuador	LMIC	severe	273	2.3481370666018266	1285.1535733733804
Ecuador	LMIC	severe	274	1.2843107671890923	1503.6243009411023
Ecuador	LMIC	severe	275	1.8202127996479365	1530.420816914584
Ecuador	LMIC	severe	276	1.7916607492003305	1356.8029431907971
Ecuador	LMIC	severe	277	1.1103922579407346	1698.594646124708
Ecuador	LMIC	severe	278	2.4428621678248463	1409.4173255591236
Ecuador	LMIC	severe	279	2.465617063635462	1763.710920818217
Ecuador	LMIC	severe	280	2.368536954080586	1749.4628270238593
Ecuador	LMIC	severe	281	1.4511662429620729	1908.5828874267904
Ecuador	LMIC	severe	282	1.7480009016271465	1472.190250742798
Ecuador	LMIC	severe	283	1.8047912657579523	1766.1648302606175
Ecuador	LMIC	severe	284	1.602879853786399	1903.1251623778849
Ecuador	LMIC	severe	285	2.4316759183205825	1531.6717597240606
Ecuador	LMIC	severe	286	1.4921524429127562	1337.291685274233
Ecuador	LMIC	severe	287	1.3827986236435832	1479.5038997975362
Ecuador	LMIC	severe	288	2.2668977441296567	1827.6616652771547
Ecuador	LMIC	severe	289	1.5134190799477585	1672.9756309498673
Ecuador	LMIC	severe	290	1.4845334525532112	1362.581532599089
Ecuador	LMIC	severe	291	1.5153360251970551	1569.3253381418517
Ecuador	LMIC	severe	292	1.5474806782511066	1664.7903300799771
Ecuador	LMIC	severe	293	1.9228908522189814	1709.6609926703884
Ecuador	LMIC	severe	294	2.540447152812692	1289.1711334656206
Ecuador	LMIC	severe	295	1.8849785672384476	1385.8051075239516
Ecuador	LMIC	severe	296	1.7828875049537407	1705.0594630386904
Ecuador	LMIC	severe	297	1.6904331345161796	1374.070917059487
Ecuador	LMIC	severe	298	1.895494284334018	1673.6514413691586
Ecuador	LMIC	severe	299	1.906992928361083	1621.379857227426
Ecuador	LMIC	severe	300	2.348680300861995	1517.009642196971
Ecuador	LMIC	severe	301	1.7150792799669876	1610.0790025596702
Ecuador	LMIC	severe	302	1.7215624172870232	1685.1083162409734
Ecuador	LMIC	severe	303	2.0137557074350663	1340.6817824760249
Ecuador	LMIC	severe	304	2.2674000626212942	1405.9863880948546
Ecuador	LMIC	severe	305	1.793983695363862	1662.7439755324397
Ecuador	LMIC	severe	306	1.6883804920492937	1776.514154285032
Ecuador	LMIC	severe	307	1.9159774891877355	1943.5924506410208
Ecuador	LMIC	severe	308	1.6287114104486413	1782.7860704153825
Ecuador	LMIC	severe	309	2.4135634622193534	1846.5520833654837
Ecuador	LMIC	severe	310	1.345349842986244	1419.0267358994352
Ecuador	LMIC	severe	311	1.6292249687605826	1764.7217143284647
Ecuador	LMIC	severe	312	1.79806598167269	1720.9931980542096
Ecuador	LMIC	severe	313	2.217815937000429	1868.115211374778
Ecuador	LMIC	severe	314	1.6345120214515547	1942.0116625541682
Ecuador	LMIC	severe	315	2.422069785556299	1528.5869943980485
Ecuador	LMIC	severe	316	1.1483213202433302	1588.720763317796
Ecuador	LMIC	severe	317	1.8046903117820845	1822.9581064286645
Ecuador	LMIC	severe	318	1.6795389873237667	1755.7990576592317
Ecuador	LMIC	severe	319	1.934669394120605	1485.757835771442
Ecuador	LMIC	severe	320	0.9894550114918004	1426.3460045284883
Ecuador	LMIC	severe	321	2.5654961175472426	1498.7270701360214
Ecuador	LMIC	severe	322	2.38761473016852	1510.590395062869
Ecuador	LMIC	severe	323	2.198165003684416	1847.3427138081386
Ecuador	LMIC	severe	324	1.207511512103563	1723.6678298788552
Ecuador	LMIC	severe	325	2.341250364026684	1945.9262907545835
Ecuador	LMIC	severe	326	1.9274213068356278	1332.2449160452952
Ecuador	LMIC	severe	327	2.261038104726435	1491.4906867937023
Ecuador	LMIC	severe	328	1.4011361429922111	1710.835181288049
Ecuador	LMIC	severe	329	1.920257187078524	1705.4856616239927
Ecuador	LMIC	severe	330	1.6310270781800948	1645.35138677533
Ecuador	LMIC	severe	331	1.5183788128132196	1478.5630029602075
Ecuador	LMIC	severe	332	2.1081757953781994	1824.5448096953505
Ecuador	LMIC	severe	333	2.4579203815991946	1869.3468946666578
Ecuador	LMIC	severe	334	1.5239781434582307	1666.598560098243
Ecuador	LMIC	severe	335	1.7849715500340748	1556.3798518324688
Ecuador	LMIC	severe	336	2.5010404750904702	1288.025029425836
Ecuador	LMIC	severe	337	2.0043718106666635	1463.614432245242
Ecuador	LMIC	severe	338	1.338361332418926	1707.1533287973775
Ecuador	LMIC	severe	339	1.9321743066518895	1415.7902744216785
Ecuador	LMIC	severe	340	1.650027195099197	1840.5245347661496
Ecuador	LMIC	severe	341	1.6628677470908282	1571.243942448384
Ecuador	LMIC	severe	342	2.0878854466052914	1459.1586947462583
Ecuador	LMIC	severe	343	2.6224632993445294	1433.383386613729
Ecuador	LMIC	severe	344	1.7410286106476072	1710.4067514501082
Ecuador	LMIC	severe	345	1.6764479090146023	1712.8679051807728
Ecuador	LMIC	severe	346	1.3407540426805515	1405.511887483547
Ecuador	LMIC	severe	347	1.6946003312284401	2015.71941480097
Ecuador	LMIC	severe	348	1.8589096159513199	1618.5800094167762
Ecuador	LMIC	severe	349	1.8417742047393757	1832.0348696646438
Ecuador	LMIC	severe	350	1.7810735400487827	1550.1620053669135
Ecuador	LMIC	severe	351	0.9697357682992047	1486.0786545709088
Ecuador	LMIC	severe	352	1.8729867603468406	1538.1530542063833
Ecuador	LMIC	severe	353	1.691122192354773	1362.853818121915
Ecuador	LMIC	severe	354	2.302724466153515	1917.9252722207802
Ecuador	LMIC	severe	355	2.0875894661220693	1588.3842364278526
Ecuador	LMIC	severe	356	2.18661955151941	1788.0350436899773
Ecuador	LMIC	severe	357	2.016119857341036	1464.0684260069354
Ecuador	LMIC	severe	358	2.073213793885788	1648.8950369825982
Ecuador	LMIC	severe	359	1.5572997229416927	1527.2948141484012
Ecuador	LMIC	severe	360	1.4547675499067698	1661.8098314555768
Ecuador	LMIC	severe	361	2.535548485110538	1354.6690518860908
Ecuador	LMIC	severe	362	1.9662985328764684	1572.7321848178872
Ecuador	LMIC	severe	363	1.7350067716057973	1885.856936251183
Ecuador	LMIC	severe	364	2.195425158302222	1614.159202487645
Ecuador	LMIC	severe	365	2.612864355967061	1311.2293327093373
Ecuador	LMIC	severe	366	2.6125991038407017	1556.5735042165327
Ecuador	LMIC	severe	367	1.4037263337691819	1469.9327266296564
Ecuador	LMIC	severe	368	1.888423699292792	1631.4840804326636
Ecuador	LMIC	severe	369	2.074104429980763	1672.6968447934992
Ecuador	LMIC	severe	370	1.629399690358131	1386.7631186633032
Ecuador	LMIC	severe	371	1.204008985967207	1356.182813170985
Ecuador	LMIC	severe	372	2.1851804067576417	1280.9257933391061
Ecuador	LMIC	severe	373	2.576112147009622	1702.0348281500587
Ecuador	LMIC	severe	374	1.6582191079038027	1504.9101991597972
Ecuador	LMIC	severe	375	1.5662441157696234	1592.5759695900408
Ecuador	LMIC	severe	376	1.8356055446660595	1643.0543253765836
Ecuador	LMIC	severe	377	1.603807512077621	1686.0413719493652
Ecuador	LMIC	severe	378	1.5441656043600465	1663.7314940618342
Ecuador	LMIC	severe	379	1.3959533160778737	1437.5961132086245
Ecuador	LMIC	severe	380	1.3257484535042803	1641.5235422354692
Ecuador	LMIC	severe	381	2.529990514166202	1400.5143620163967
Ecuador	LMIC	severe	382	2.0860262553571065	1357.410477125961
Ecuador	LMIC	severe	383	1.6815983155456276	1595.3763340297314
Ecuador	LMIC	severe	384	1.9949143885726226	1765.632505855172
Ecuador	LMIC	severe	385	1.3474522976025138	1519.9878150607587
Ecuador	LMIC	severe	386	2.7873778420231443	1603.1485118961996
Ecuador	LMIC	severe	387	2.0071007753098153	1807.3247228142877
Ecuador	LMIC	severe	388	2.362508779167376	1594.1860762976098
Ecuador	LMIC	severe	389	1.9935539518913337	1521.2804664428868
Ecuador	LMIC	severe	390	2.321142306182396	1257.816501531552
Ecuador	LMIC	severe	391	2.487555495348761	1736.1979730108787
Ecuador	LMIC	severe	392	2.037994298836627	1605.738814311067
Ecuador	LMIC	severe	393	1.052260431320784	1615.9307964755349
Ecuador	LMIC	severe	394	1.779306517705069	1540.5895419776782
Ecuador	LMIC	severe	395	2.1831798971168253	1705.1742457204095
Ecuador	LMIC	severe	396	2.195812690371543	1655.654185812095
Ecuador	LMIC	severe	397	2.474854322775226	1358.1928629900794
Ecuador	LMIC	severe	398	0.6149888080371979	1642.5101571213045
Ecuador	LMIC	severe	399	1.6114971283134123	1765.8544268240748
Ecuador	LMIC	severe	400	1.981536836592944	1536.9372759191033
Ecuador	LMIC	severe	401	1.858769601829298	1244.7141640853783
Ecuador	LMIC	severe	402	2.5199458648421693	1692.3172222478843
Ecuador	LMIC	severe	403	2.1105181329049065	2153.58354217031
Ecuador	LMIC	severe	404	1.4402764682314722	1568.82350497694
Ecuador	LMIC	severe	405	1.7295423867018527	2032.5866026931938
Ecuador	LMIC	severe	406	1.4885014248848902	1733.1616893670061
Ecuador	LMIC	severe	407	1.6991484333109121	1533.5792794444474
Ecuador	LMIC	severe	408	1.6540872365383725	1941.2828492072222
Ecuador	LMIC	severe	409	1.8746132376164875	1605.5893288538703
Ecuador	LMIC	severe	410	1.0892504122134925	1440.6532573204186
Ecuador	LMIC	severe	411	2.211028846819123	1737.336929521848
Ecuador	LMIC	severe	412	1.4239076029204814	1316.2942621009508
Ecuador	LMIC	severe	413	1.908694632161188	1631.3390506225198
Ecuador	LMIC	severe	414	1.4634024905089378	1783.1293834389098
Ecuador	LMIC	severe	415	2.3178481838349514	1353.803601330026
Ecuador	LMIC	severe	416	2.138443381171765	1348.5994425262627
Ecuador	LMIC	severe	417	1.6088551483311315	1769.7424623273164
Ecuador	LMIC	severe	418	1.9464693754538551	2026.0197104925485
Ecuador	LMIC	severe	419	1.8718586338525758	1731.5069459986637
Ecuador	LMIC	severe	420	2.2832189986955056	1520.1485607285556
Ecuador	LMIC	severe	421	1.68613183784093	1651.1281516717706
Ecuador	LMIC	severe	422	1.6368861835820878	1577.1159374140514
Ecuador	LMIC	severe	423	1.6877514318794584	1623.7772525451162
Ecuador	LMIC	severe	424	2.328160387735169	1715.3723962656877
Ecuador	LMIC	severe	425	2.0139489732803524	1479.86311774479
Ecuador	LMIC	severe	426	1.5977294620403386	1510.771750085527
Ecuador	LMIC	severe	427	2.067133368743506	1477.7766158014883
Ecuador	LMIC	severe	428	1.4964922465518926	1503.3365027456239
Ecuador	LMIC	severe	429	1.8217988042415127	1457.6215130316436
Ecuador	LMIC	severe	430	1.4179093252864199	1772.1173281312658
Ecuador	LMIC	severe	431	1.7044656439647348	1537.3993178571143
Ecuador	LMIC	severe	432	0.7075182442491479	1288.3891448761972
Ecuador	LMIC	severe	433	1.5186509353288749	1281.8113382303989
Ecuador	LMIC	severe	434	1.8066904851463632	1404.3737639656124
Ecuador	LMIC	severe	435	1.6015412543948684	1661.241433975455
Ecuador	LMIC	severe	436	1.5695764791344065	1571.17663531783
Ecuador	LMIC	severe	437	2.2032943209684	1417.3969641672627
Ecuador	LMIC	severe	438	1.6729089328727182	1665.1261676000422
Ecuador	LMIC	severe	439	1.874909253235316	1676.6330803885107
Ecuador	LMIC	severe	440	1.7681825632656274	1236.3736265030875
Ecuador	LMIC	severe	441	1.584435762780723	1421.2918169129239
Ecuador	LMIC	severe	442	2.022980613309933	1579.736119388528
Ecuador	LMIC	severe	443	1.6843889339261255	1699.7303938155221
Ecuador	LMIC	severe	444	2.5429899915662366	1524.9172663959407
Ecuador	LMIC	severe	445	1.2013889965617173	1612.57339873529
Ecuador	LMIC	severe	446	1.8291103733667802	1331.669651968051
Ecuador	LMIC	severe	447	1.9156082417870368	1858.1944226003648
Ecuador	LMIC	severe	448	2.1952008117970134	1867.496694153532
Ecuador	LMIC	severe	449	1.441759713683966	1870.412284200983
Ecuador	LMIC	severe	450	1.7812701211838884	1537.6132376915602
Ecuador	LMIC	severe	451	2.120266656229015	1744.7626959385057
Ecuador	LMIC	severe	452	2.042582566798904	1650.9521691778523
Ecuador	LMIC	severe	453	1.6479355097955928	1551.8737222002933
Ecuador	LMIC	severe	454	2.716914010816998	1365.8346299893246
Ecuador	LMIC	severe	455	2.2598893331291694	1775.8350766575875
Ecuador	LMIC	severe	456	2.2953072200531284	1639.2710265260746
Ecuador	LMIC	severe	457	2.3011599382278436	1459.4964246677173
Ecuador	LMIC	severe	458	1.9720897505908535	1248.341624687198
Ecuador	LMIC	severe	459	1.1238098017159768	1595.2613234611722
Ecuador	LMIC	severe	460	1.3543183237575023	1439.4167116907893
Ecuador	LMIC	severe	461	1.7439967953703892	1387.2920219027305
Ecuador	LMIC	severe	462	2.0095686490870666	1438.6283106222515
Ecuador	LMIC	severe	463	1.761149181878201	1584.1115558047736
Ecuador	LMIC	severe	464	1.1991058568138122	1325.6831155871394
Ecuador	LMIC	severe	465	1.7443487060765235	1739.8581153369785
Ecuador	LMIC	severe	466	1.9940753663784894	1686.1268630612249
Ecuador	LMIC	severe	467	1.7684814889712803	1704.686317267339
Ecuador	LMIC	severe	468	2.158146689208631	1645.299326937315
Ecuador	LMIC	severe	469	1.2691235828570377	1474.6796501179588
Ecuador	LMIC	severe	470	1.9723642401847852	1642.4322229092722
Ecuador	LMIC	severe	471	1.4364632948582678	1655.7683489697936
Ecuador	LMIC	severe	472	2.185559479459588	1505.8314142142876
Ecuador	LMIC	severe	473	1.8994601452554618	1520.7023110296307
Ecuador	LMIC	severe	474	1.9666329240027478	1435.0115759666746
Ecuador	LMIC	severe	475	1.8770948736727386	1645.9672473540752
Ecuador	LMIC	severe	476	1.4600504312350555	1735.3196712464369
Ecuador	LMIC	severe	477	2.540550454954194	1821.8649921029728
Ecuador	LMIC	severe	478	1.1064785474064704	1639.8027553549944
Ecuador	LMIC	severe	479	1.595972778352941	1508.7405649386824
Ecuador	LMIC	severe	480	2.0076184725420907	1716.846819046396
Ecuador	LMIC	severe	481	1.688183321186978	1315.5807930068952
Ecuador	LMIC	severe	482	2.104222086105382	1712.8182105059973
Ecuador	LMIC	severe	483	3.0534236084879343	1640.626676007324
Ecuador	LMIC	severe	484	1.8337192077156583	1611.5563923443335
Ecuador	LMIC	severe	485	2.122292417014094	1146.6286184335872
Ecuador	LMIC	severe	486	1.372053881620197	1517.9676355768086
Ecuador	LMIC	severe	487	1.588071851506045	1341.0390742901986
Ecuador	LMIC	severe	488	1.9045425395589026	1675.4894798479227
Ecuador	LMIC	severe	489	2.3627032492516724	1657.8231514551567
Ecuador	LMIC	severe	490	1.8070721361841144	1646.0585186344451
Ecuador	LMIC	severe	491	2.161435982339944	1762.3378541155382
Ecuador	LMIC	severe	492	1.6861354060962332	1738.174196440537
Ecuador	LMIC	severe	493	1.099550262182904	1446.7003884731014
Ecuador	LMIC	severe	494	1.1453945635838032	1504.6978629589157
Ecuador	LMIC	severe	495	2.289929524437573	1405.5983925379076
Ecuador	LMIC	severe	496	1.7562088605950579	1287.5923967991746
Ecuador	LMIC	severe	497	2.256364031388629	1876.4884739247386
Ecuador	LMIC	severe	498	1.4385971213957784	1882.0888836418585
Ecuador	LMIC	severe	499	2.2038343183065727	1339.9423204465647
Ecuador	LMIC	severe	500	2.4644176947264134	1535.0602919588373
Ecuador	LMIC	severe	501	1.2361807985945807	1696.4806848102298
Ecuador	LMIC	severe	502	1.3962871640420458	1522.0547565564232
Ecuador	LMIC	severe	503	1.5831900537024457	1439.1112832051588
Ecuador	LMIC	severe	504	2.880838773700672	1378.8512157049552
Ecuador	LMIC	severe	505	1.549338630476229	1648.597696306973
Ecuador	LMIC	severe	506	2.5286694799309064	1612.4631409462027
Ecuador	LMIC	severe	507	1.928909066289369	1163.6573597558574
Ecuador	LMIC	severe	508	1.974044299841034	1600.8479181144746
Ecuador	LMIC	severe	509	2.146439252325984	1509.8355753164708
Ecuador	LMIC	severe	510	2.0689405934737577	1535.5740091264527
Ecuador	LMIC	severe	511	1.3628796652940354	1751.471788384197
Ecuador	LMIC	severe	512	2.2849531244642205	1500.5091602144328
Ecuador	LMIC	severe	513	1.8052810658798664	1291.8160275704583
Ecuador	LMIC	severe	514	0.806258754446751	1191.8208045953327
Ecuador	LMIC	severe	515	2.0977082692082867	1568.8174494386424
Ecuador	LMIC	severe	516	2.203152479612735	1574.0708589054632
Ecuador	LMIC	severe	517	1.512383126866066	1941.4174060172525
Ecuador	LMIC	severe	518	1.8372219654853588	1461.691420714976
Ecuador	LMIC	severe	519	1.9992074865730864	1803.8044245965561
Ecuador	LMIC	severe	520	1.6291324942020333	1735.860367702674
Ecuador	LMIC	severe	521	1.2825930668124723	1470.0640114589341
Ecuador	LMIC	severe	522	1.7118464818126942	1464.7666175013526
Ecuador	LMIC	severe	523	2.1249375976243288	1602.9105549406793
Ecuador	LMIC	severe	524	2.4029172051643215	1424.9500485157164
Ecuador	LMIC	severe	525	1.8834110292668038	1473.534200112168
Ecuador	LMIC	severe	526	2.0721976960523545	1551.7800053833105
Ecuador	LMIC	severe	527	2.241412100095683	1410.3080967627802
Ecuador	LMIC	severe	528	2.7001944837354612	1378.1410411479474
Ecuador	LMIC	severe	529	1.7531069746331123	1360.945431295073
Ecuador	LMIC	severe	530	2.419423830892375	1501.9529160990583
Ecuador	LMIC	severe	531	1.6555353009942326	1694.5558783795516
Ecuador	LMIC	severe	532	2.6311877092056033	1781.999033951153
Ecuador	LMIC	severe	533	1.7754801235051882	1528.0300181566072
Ecuador	LMIC	severe	534	1.8509827046699106	1682.01411816798
Ecuador	LMIC	severe	535	1.7621037275998974	1859.6424688056698
Ecuador	LMIC	severe	536	2.660895307036089	1356.684990507069
Ecuador	LMIC	severe	537	2.1838826930943407	1721.6073952154843
Ecuador	LMIC	severe	538	2.4912023130525807	1625.5049416407744
Ecuador	LMIC	severe	539	1.8859284768272486	1929.8121746527079
Ecuador	LMIC	severe	540	1.6556294790758108	1567.9950693369376
Ecuador	LMIC	severe	541	2.3079478941522518	1689.1776312009358
Ecuador	LMIC	severe	542	1.5400366299520374	1575.1789589671253
Ecuador	LMIC	severe	543	1.6401968566924081	1385.929246395071
Ecuador	LMIC	severe	544	2.281097959302758	1935.739778325285
Ecuador	LMIC	severe	545	1.5382833705513406	1773.3288598864606
Ecuador	LMIC	severe	546	1.744353822680551	1525.408511394399
Ecuador	LMIC	severe	547	1.4692678432635438	1516.3738839758298
Ecuador	LMIC	severe	548	1.9884244630067887	1596.9871436916546
Ecuador	LMIC	severe	549	1.8797685255644967	1627.3329185827574
Ecuador	LMIC	severe	550	1.0440957712803378	1559.2660439489864
Ecuador	LMIC	severe	551	2.4488789018757893	1410.050710499474
Ecuador	LMIC	severe	552	1.8325512857214692	1628.2514175308243
Ecuador	LMIC	severe	553	1.1047665921519005	1711.6724328378782
Ecuador	LMIC	severe	554	1.8008904903864695	1942.8813913547056
Ecuador	LMIC	severe	555	2.0444566199484298	1743.7996476212938
Ecuador	LMIC	severe	556	1.680502492584485	1738.917091768018
Ecuador	LMIC	severe	557	2.520995883981842	1815.6260095335788
Ecuador	LMIC	severe	558	2.0580210953334173	1311.7768516471642
Ecuador	LMIC	severe	559	2.249104326613499	1730.956882366448
Ecuador	LMIC	severe	560	2.314887535390622	1569.9345190160407
Ecuador	LMIC	severe	561	1.0706897791838568	1749.7810754581526
Ecuador	LMIC	severe	562	1.8707190923947215	1525.7990542199927
Ecuador	LMIC	severe	563	1.9710002285098311	1612.5777195253518
Ecuador	LMIC	severe	564	2.181451501030406	1766.8199222093035
Ecuador	LMIC	severe	565	1.6384693819795593	1528.2247778989217
Ecuador	LMIC	severe	566	2.260913263094104	1453.8155241788236
Ecuador	LMIC	severe	567	1.6377486946729194	1246.8019623702278
Ecuador	LMIC	severe	568	1.5537342447896907	1741.0437982565313
Ecuador	LMIC	severe	569	1.7257643533868272	1332.6272241199858
Ecuador	LMIC	severe	570	1.5369463682039868	1468.1926431397223
Ecuador	LMIC	severe	571	2.293821475637578	1520.3974262931931
Ecuador	LMIC	severe	572	2.354553817678532	1596.2677822060514
Ecuador	LMIC	severe	573	1.9037237544115215	1832.7449508179716
Ecuador	LMIC	severe	574	1.6105761114567185	1809.8579557463431
Ecuador	LMIC	severe	575	2.2131001454605217	1398.83951935375
Ecuador	LMIC	severe	576	1.4564345094361353	1544.8592792639265
Ecuador	LMIC	severe	577	2.110721618185176	1918.2453350733467
Ecuador	LMIC	severe	578	1.8163660659024727	1407.753536172534
Ecuador	LMIC	severe	579	2.3317899325946216	1304.8280410337725
Ecuador	LMIC	severe	580	2.0069544451483603	1669.7000208905697
Ecuador	LMIC	severe	581	1.1053440294922598	1666.5649561457371
Ecuador	LMIC	severe	582	1.583839135013208	1602.408650761723
Ecuador	LMIC	severe	583	1.308139839631485	1772.9413428058635
Ecuador	LMIC	severe	584	1.6620759368340279	1309.641713873345
Ecuador	LMIC	severe	585	1.400050506730266	1446.7902674007648
Ecuador	LMIC	severe	586	2.27926258672922	1634.9523821452667
Ecuador	LMIC	severe	587	1.5413024235952024	1438.220491839608
Ecuador	LMIC	severe	588	2.5983118909541396	1647.3770574776636
Ecuador	LMIC	severe	589	1.5360949211810593	1583.2799549336269
Ecuador	LMIC	severe	590	2.263463627804783	1762.2608781368667
Ecuador	LMIC	severe	591	2.0197761384197017	1450.2376324968434
Ecuador	LMIC	severe	592	2.1458429194182296	1912.7937769009313
Ecuador	LMIC	severe	593	1.9462355826825481	1718.9093100316695
Ecuador	LMIC	severe	594	1.7062829567258562	1778.0229243156843
Ecuador	LMIC	severe	595	2.1590751297939716	1912.0421428717955
Ecuador	LMIC	severe	596	2.4947225800856594	1311.6920623357482
Ecuador	LMIC	severe	597	1.3891014351683162	1580.9411924446645
Ecuador	LMIC	severe	598	1.9600214282770358	1494.0464067857617
Ecuador	LMIC	severe	599	2.5242953052148547	1744.9105977713757
Ecuador	LMIC	severe	600	1.861749604793315	1555.0439333398617
Ecuador	LMIC	severe	601	1.7994311756829209	1425.9105990630646
Ecuador	LMIC	severe	602	2.0051461896418434	1788.0365050708556
Ecuador	LMIC	severe	603	2.1873849479906915	1630.2847199391745
Ecuador	LMIC	severe	604	2.2940255428553913	1704.3055989812606
Ecuador	LMIC	severe	605	1.8950670376645382	1522.2792974862994
Ecuador	LMIC	severe	606	1.8014287158092954	1760.4308829849692
Ecuador	LMIC	severe	607	1.627307454417096	1563.151851715747
Ecuador	LMIC	severe	608	2.084372755092483	1471.8532787823392
Ecuador	LMIC	severe	609	1.831214025598714	1465.7959441529179
Ecuador	LMIC	severe	610	1.5296328618180315	1869.6282052706495
Ecuador	LMIC	severe	611	1.1186273178653119	1367.4031672491565
Ecuador	LMIC	severe	612	2.25460945169315	1664.6154863847673
Ecuador	LMIC	severe	613	2.623217369330189	1416.5342475878017
Ecuador	LMIC	severe	614	1.5784331865865777	1639.3113420293762
Ecuador	LMIC	severe	615	2.1180859797250657	1465.6545004653294
Ecuador	LMIC	severe	616	2.1498536159586004	1683.296697961715
Ecuador	LMIC	severe	617	1.6950924587302847	1611.9860009955069
Ecuador	LMIC	severe	618	1.3939662685724934	1441.4984367752256
Ecuador	LMIC	severe	619	1.7258458133067132	1497.458799410294
Ecuador	LMIC	severe	620	2.007169064400448	1786.8299584399097
Ecuador	LMIC	severe	621	1.8782516545106729	1536.9060693283777
Ecuador	LMIC	severe	622	2.0909949711594136	1621.1117207224252
Ecuador	LMIC	severe	623	2.2785050621657836	1657.3523749131577
Ecuador	LMIC	severe	624	1.3868248969946557	1921.2207473695976
Ecuador	LMIC	severe	625	2.337490547499265	1471.0574543703792
Ecuador	LMIC	severe	626	1.8159358628292552	1440.0085837632528
Ecuador	LMIC	severe	627	2.105171117001924	1914.7716721696536
Ecuador	LMIC	severe	628	1.7373858010354342	1543.6626741620373
Ecuador	LMIC	severe	629	1.698218048355904	1401.500510902839
Ecuador	LMIC	severe	630	1.890668611689783	1306.2228083045127
Ecuador	LMIC	severe	631	1.3796065077416637	1750.1488129638615
Ecuador	LMIC	severe	632	1.6382023726054529	1658.57937415166
Ecuador	LMIC	severe	633	2.3863610196345757	1342.8152977010704
Ecuador	LMIC	severe	634	1.6152284323607606	1551.0758236705328
Ecuador	LMIC	severe	635	1.5911204779903345	1713.6352013634785
Ecuador	LMIC	severe	636	1.7597561899464562	2052.0306000501805
Ecuador	LMIC	severe	637	1.173865802565409	1827.3844413032614
Ecuador	LMIC	severe	638	1.5995401010328996	1670.7270896106372
Ecuador	LMIC	severe	639	1.2966772362904768	1591.2941296623417
Ecuador	LMIC	severe	640	1.2965629562509537	1546.1124188984095
Ecuador	LMIC	severe	641	2.086313278227545	1603.436184221086
Ecuador	LMIC	severe	642	1.1263083742850668	1501.1940655329472
Ecuador	LMIC	severe	643	1.2496659827400496	1569.2832811412554
Ecuador	LMIC	severe	644	1.2401569341190841	1371.8701740104045
Ecuador	LMIC	severe	645	1.6446727835569357	1477.9473002396985
Ecuador	LMIC	severe	646	1.423458582782371	1597.4022098971443
Ecuador	LMIC	severe	647	1.8066554353974227	1524.230831290714
Ecuador	LMIC	severe	648	2.0304996008663183	1368.2895886412741
Ecuador	LMIC	severe	649	1.276906021853633	1768.1084034560258
Ecuador	LMIC	severe	650	2.186114268127453	1747.6217224901397
Ecuador	LMIC	severe	651	2.6913804606669594	1559.8629141573488
Ecuador	LMIC	severe	652	1.1168765431832046	1867.943619971292
Ecuador	LMIC	severe	653	1.3689706742532204	1677.917858814034
Ecuador	LMIC	severe	654	1.6833210892935968	1630.165222894943
Ecuador	LMIC	severe	655	1.8592971368909632	1516.0429924596635
Ecuador	LMIC	severe	656	2.0431233621183593	1646.9410266907626
Ecuador	LMIC	severe	657	2.279941041534882	1202.1505539091
Ecuador	LMIC	severe	658	1.987128833067712	1633.4511863952175
Ecuador	LMIC	severe	659	1.599442931528845	1452.8758816569157
Ecuador	LMIC	severe	660	2.5205304911628694	1625.1153486048106
Ecuador	LMIC	severe	661	1.73868337374957	1487.5590587482784
Ecuador	LMIC	severe	662	1.6387083709469583	1930.20635663245
Ecuador	LMIC	severe	663	1.503892934544178	1678.333356271532
Ecuador	LMIC	severe	664	2.0411407896969167	1731.1665857401372
Ecuador	LMIC	severe	665	1.7656249377257924	1630.5683682890453
Ecuador	LMIC	severe	666	1.260655675351241	1532.5163494912163
Ecuador	LMIC	severe	667	2.3208147583071077	1454.0317629222407
Ecuador	LMIC	severe	668	2.373864968097383	1497.3290487536678
Ecuador	LMIC	severe	669	1.7698621227398368	1693.4529777709727
Ecuador	LMIC	severe	670	0.8340388464037898	1675.9423572440114
Ecuador	LMIC	severe	671	2.0220254754373257	1642.9135278432332
Ecuador	LMIC	severe	672	1.1927087443400164	1738.9021000027128
Ecuador	LMIC	severe	673	2.4935928633082654	1252.9616249764647
Ecuador	LMIC	severe	674	2.1064540719054197	1673.828728271044
Ecuador	LMIC	severe	675	1.8047971250256634	1423.0776107411473
Ecuador	LMIC	severe	676	2.0130297485622286	1376.721538872626
Ecuador	LMIC	severe	677	1.5572471667011838	1744.2233744918863
Ecuador	LMIC	severe	678	1.4473110576613255	1543.2809542456885
Ecuador	LMIC	severe	679	1.6736696945696883	1547.30906158516
Ecuador	LMIC	severe	680	2.6868539435542966	1634.6624708462796
Ecuador	LMIC	severe	681	1.177346313376761	1593.1224987167425
Ecuador	LMIC	severe	682	1.996177253743237	1704.988681789881
Ecuador	LMIC	severe	683	2.126368286646592	1537.2309461385062
Ecuador	LMIC	severe	684	2.081579919657522	1692.7175328722408
Ecuador	LMIC	severe	685	2.349804950891085	1464.0627810953142
Ecuador	LMIC	severe	686	1.2105631793403169	1621.5138267504378
Ecuador	LMIC	severe	687	2.009272900727896	2031.3530676791165
Ecuador	LMIC	severe	688	2.004403019579808	1690.9892804285014
Ecuador	LMIC	severe	689	1.5559092894224489	1675.071780718945
Ecuador	LMIC	severe	690	2.1493938073651195	1280.1883076343122
Ecuador	LMIC	severe	691	1.5676643362527813	1725.773299051924
Ecuador	LMIC	severe	692	2.350956774029026	1229.688654643698
Ecuador	LMIC	severe	693	2.131814030614659	1360.5868282162749
Ecuador	LMIC	severe	694	2.450719148068689	1679.7010300352968
Ecuador	LMIC	severe	695	2.3808886519034385	1782.751952840703
Ecuador	LMIC	severe	696	2.1705937108911746	1407.4631700074783
Ecuador	LMIC	severe	697	1.7484623753385127	1982.6758876717277
Ecuador	LMIC	severe	698	1.1900954475803824	1631.6726651114084
Ecuador	LMIC	severe	699	2.1166502232861504	1709.399340396816
Ecuador	LMIC	severe	700	1.5698571349855088	1583.652392586182
Ecuador	LMIC	severe	701	1.4205014804434812	1746.2120367411953
Ecuador	LMIC	severe	702	2.0723257411165665	1575.3614707814158
Ecuador	LMIC	severe	703	1.5850536359578467	1347.459947256973
Ecuador	LMIC	severe	704	1.8919573268299033	1568.5692008230335
Ecuador	LMIC	severe	705	1.0987420656093647	1612.4076635727574
Ecuador	LMIC	severe	706	2.061131768842693	1599.7144140378714
Ecuador	LMIC	severe	707	2.986290295809668	1641.7994105268192
Ecuador	LMIC	severe	708	2.3767740206517267	1837.1868323688104
Ecuador	LMIC	severe	709	1.3685863879285263	1445.2953021774133
Ecuador	LMIC	severe	710	1.617728963423728	1577.1942298300335
Ecuador	LMIC	severe	711	2.4781830220403838	1543.8077270784438
Ecuador	LMIC	severe	712	2.305848159317663	1628.6301991462465
Ecuador	LMIC	severe	713	2.060250633214033	1320.833214619741
Ecuador	LMIC	severe	714	1.8206546430456583	1301.5626502484106
Ecuador	LMIC	severe	715	1.1586957374716338	1451.41512762862
Ecuador	LMIC	severe	716	1.5691699434978306	1867.6097018677672
Ecuador	LMIC	severe	717	2.0882050663463407	1483.5595394175325
Ecuador	LMIC	severe	718	1.6964140554537295	1877.2792490410795
Ecuador	LMIC	severe	719	2.1473238778739048	1437.5362590446625
Ecuador	LMIC	severe	720	2.153820110266852	1477.1656780474175
Ecuador	LMIC	severe	721	1.6032774887638457	1618.5969503135477
Ecuador	LMIC	severe	722	2.1120004449660823	1762.6968950893838
Ecuador	LMIC	severe	723	2.1626141380079593	1556.1578443499186
Ecuador	LMIC	severe	724	2.5877154223806804	1870.7291720450658
Ecuador	LMIC	severe	725	1.2333723065126017	1620.3025643741007
Ecuador	LMIC	severe	726	1.9267190513200365	1564.9126282648513
Ecuador	LMIC	severe	727	1.9396234532398422	1763.5457998114516
Ecuador	LMIC	severe	728	1.9553487254532174	1483.8042703880578
Ecuador	LMIC	severe	729	1.3813903991640757	1588.855078482532
Ecuador	LMIC	severe	730	2.1940064789004867	1817.4977027467044
Ecuador	LMIC	severe	731	2.31643029134667	1691.469763489194
Ecuador	LMIC	severe	732	2.304876267133854	1784.7790476527232
Ecuador	LMIC	severe	733	1.422256883811074	1679.1157898591082
Ecuador	LMIC	severe	734	2.0987362713300524	1770.9143492170547
Ecuador	LMIC	severe	735	1.186281158290977	1903.2736397275528
Ecuador	LMIC	severe	736	1.4158069660955661	1797.3082035246775
Ecuador	LMIC	severe	737	1.7338560433450256	1542.4393491027804
Ecuador	LMIC	severe	738	0.9798865134696015	1728.1913035446016
Ecuador	LMIC	severe	739	2.466340256296161	1458.1466946397477
Ecuador	LMIC	severe	740	2.1997910062703383	1706.2334876175432
Ecuador	LMIC	severe	741	1.5568906816594468	1516.329162442953
Ecuador	LMIC	severe	742	1.8942900356157235	1788.8682609543264
Ecuador	LMIC	severe	743	1.3192596844912812	1660.81821196844
Ecuador	LMIC	severe	744	2.053653497814466	1503.5631293113033
Ecuador	LMIC	severe	745	1.9007144513314995	1668.5565230468444
Ecuador	LMIC	severe	746	1.7393331680407447	1679.290701481289
Ecuador	LMIC	severe	747	1.3807039011872861	1926.817963513432
Ecuador	LMIC	severe	748	1.3560527148948083	1330.7636059044107
Ecuador	LMIC	severe	749	2.2774593102166225	1463.0190334635854
Ecuador	LMIC	severe	750	2.3051888161802365	1841.3269566402082
Ecuador	LMIC	severe	751	1.7265925720479096	1833.1688128569742
Ecuador	LMIC	severe	752	2.2842525183638647	1906.6186870544227
Ecuador	LMIC	severe	753	2.392137117926345	1666.410097240931
Ecuador	LMIC	severe	754	2.48911574255543	1572.6784734104053
Ecuador	LMIC	severe	755	2.471473374365167	2162.4680161607025
Ecuador	LMIC	severe	756	1.6419738797074648	1696.1415577886396
Ecuador	LMIC	severe	757	1.6243162549527952	1725.374037957921
Ecuador	LMIC	severe	758	2.5184959879074573	1409.0729242223401
Ecuador	LMIC	severe	759	2.3175193299867383	1608.3090370712089
Ecuador	LMIC	severe	760	1.9561423158332634	1627.7823534541844
Ecuador	LMIC	severe	761	2.2437736297366846	1365.0981585186196
Ecuador	LMIC	severe	762	2.8205181964768573	1470.612378832115
Ecuador	LMIC	severe	763	1.9329373674219412	1438.3591860021406
Ecuador	LMIC	severe	764	1.4875437034199481	1656.143732084779
Ecuador	LMIC	severe	765	1.6450798245395246	1578.8366805157325
Ecuador	LMIC	severe	766	2.038659844043785	1738.2268473665133
Ecuador	LMIC	severe	767	1.8531047641577385	1704.6339043299395
Ecuador	LMIC	severe	768	1.9059447593528729	1570.3522227409264
Ecuador	LMIC	severe	769	1.9872746292379775	1567.2614793206194
Ecuador	LMIC	severe	770	0.9819108263334608	1981.995141052791
Ecuador	LMIC	severe	771	2.1264549192385602	1429.0511393116587
Ecuador	LMIC	severe	772	2.4293679642706882	1423.3139049053332
Ecuador	LMIC	severe	773	1.796793654652002	1995.1602864289398
Ecuador	LMIC	severe	774	1.358068312625543	1388.0724101296619
Ecuador	LMIC	severe	775	1.5368366542977308	1640.6286643129288
Ecuador	LMIC	severe	776	1.9895072482101304	1708.5169090814259
Ecuador	LMIC	severe	777	1.8358774301623608	1411.7254624891852
Ecuador	LMIC	severe	778	1.7140214544590848	1665.0011643210146
Ecuador	LMIC	severe	779	1.6398514707393121	1595.4542478336616
Ecuador	LMIC	severe	780	2.0346486909616397	1729.1461529658714
Ecuador	LMIC	severe	781	1.1706386553234354	1483.3665692841632
Ecuador	LMIC	severe	782	2.0067059826670186	1611.1267963220625
Ecuador	LMIC	severe	783	1.793003587431853	1737.015829903295
Ecuador	LMIC	severe	784	1.9794181275197427	1733.5997283573115
Ecuador	LMIC	severe	785	2.1377542081203593	1862.7819342212701
Ecuador	LMIC	severe	786	1.5535639724283135	1422.7954002634892
Ecuador	LMIC	severe	787	1.673526194256342	1631.9690217366776
Ecuador	LMIC	severe	788	2.179124112199496	1409.6513762023335
Ecuador	LMIC	severe	789	1.959798259418661	1541.9244119868151
Ecuador	LMIC	severe	790	1.2220610390659497	1704.7763211585175
Ecuador	LMIC	severe	791	1.715785105862747	1289.3290554041828
Ecuador	LMIC	severe	792	1.5604857072923517	1493.5260766958577
Ecuador	LMIC	severe	793	2.214861887793486	1705.5698968701604
Ecuador	LMIC	severe	794	2.2370468988957986	1459.1714738514659
Ecuador	LMIC	severe	795	2.172544370834524	1319.8860021552123
Ecuador	LMIC	severe	796	1.7521577028708357	1657.1597419464754
Ecuador	LMIC	severe	797	1.8590751736879643	1706.951003799981
Ecuador	LMIC	severe	798	2.1201717775290834	1914.9621666529488
Ecuador	LMIC	severe	799	2.2453605451657532	1492.687598919337
Ecuador	LMIC	severe	800	1.8714717049175835	1236.2900055095038
Ecuador	LMIC	severe	801	2.6133190460943876	1566.9469954451222
Ecuador	LMIC	severe	802	2.16171334497752	1903.7784598146723
Ecuador	LMIC	severe	803	1.5755504092635806	1517.1533564480683
Ecuador	LMIC	severe	804	1.718107349305126	1902.098056699331
Ecuador	LMIC	severe	805	2.3016231927333615	1508.1189016232775
Ecuador	LMIC	severe	806	1.4533388034323202	1211.6047724707205
Ecuador	LMIC	severe	807	2.283629750535521	1564.7536961514297
Ecuador	LMIC	severe	808	1.786692117235912	1550.9637420131405
Ecuador	LMIC	severe	809	2.220478826573534	1745.963112695903
Ecuador	LMIC	severe	810	1.3895628171950203	1727.4244558071737
Ecuador	LMIC	severe	811	1.971547601276888	1820.302835620533
Ecuador	LMIC	severe	812	1.645025188970687	1459.5331312387787
Ecuador	LMIC	severe	813	2.0622670523339925	1820.997760929086
Ecuador	LMIC	severe	814	1.737843323873316	1609.5035576882478
Ecuador	LMIC	severe	815	2.877760313940812	1480.3793596020673
Ecuador	LMIC	severe	816	2.5541861562386616	1406.961289859737
Ecuador	LMIC	severe	817	3.0065187186148536	1611.5122933429423
Ecuador	LMIC	severe	818	2.3381872675242117	1641.3740586755077
Ecuador	LMIC	severe	819	1.9214229783008396	1457.1827236758993
Ecuador	LMIC	severe	820	1.704035081221964	1497.2832698982434
Ecuador	LMIC	severe	821	1.8041053058556678	1415.3118720464704
Ecuador	LMIC	severe	822	0.8905954470818398	1588.962512173713
Ecuador	LMIC	severe	823	1.7015172838635886	1763.5164966311709
Ecuador	LMIC	severe	824	1.93291307609707	1645.7759200576752
Ecuador	LMIC	severe	825	1.9779734751681994	1315.7970427788591
Ecuador	LMIC	severe	826	1.723158231657262	1932.6726999619516
Ecuador	LMIC	severe	827	2.008976215787948	1502.2856439133907
Ecuador	LMIC	severe	828	2.091563865660715	1573.3911673134867
Ecuador	LMIC	severe	829	1.9258148473901437	1538.355143065196
Ecuador	LMIC	severe	830	1.2263849387437804	1501.1496811111988
Ecuador	LMIC	severe	831	1.8629984939196067	1595.3078205447964
Ecuador	LMIC	severe	832	1.381698243032572	1671.5705393571284
Ecuador	LMIC	severe	833	1.7120223122876608	1632.4970887913996
Ecuador	LMIC	severe	834	1.724597673640309	1680.1723715617675
Ecuador	LMIC	severe	835	1.073980126972824	1729.847946576387
Ecuador	LMIC	severe	836	2.0051037516334373	1517.8377518697496
Ecuador	LMIC	severe	837	2.32887395043025	1357.440803158694
Ecuador	LMIC	severe	838	1.2940032090187255	1299.4663638750299
Ecuador	LMIC	severe	839	1.857385420377553	1617.211673142546
Ecuador	LMIC	severe	840	1.5693751250392411	1841.2562622237187
Ecuador	LMIC	severe	841	1.8007988092872056	1813.9406367046363
Ecuador	LMIC	severe	842	1.8438577296884766	1883.3465562733593
Ecuador	LMIC	severe	843	1.633397845680864	1783.8767066123487
Ecuador	LMIC	severe	844	1.7238965277783973	1829.4160990209464
Ecuador	LMIC	severe	845	1.868128172914696	1854.7880804466336
Ecuador	LMIC	severe	846	1.8799141489920137	1493.594710412343
Ecuador	LMIC	severe	847	1.777982869688684	1860.4457899965105
Ecuador	LMIC	severe	848	2.0080469483440417	1551.4769277035557
Ecuador	LMIC	severe	849	1.9876512172781764	1292.1097555948836
Ecuador	LMIC	severe	850	1.5998409417503257	1565.2583827741914
Ecuador	LMIC	severe	851	1.0668500728752965	1889.3019880787333
Ecuador	LMIC	severe	852	2.489910433001244	1739.5691642791248
Ecuador	LMIC	severe	853	1.0126017676880283	1866.7780657680128
Ecuador	LMIC	severe	854	1.6870172360539666	1556.6196367033804
Ecuador	LMIC	severe	855	1.5885052845681926	1477.714380610384
Ecuador	LMIC	severe	856	2.2852109202369677	1787.9208270276376
Ecuador	LMIC	severe	857	2.042430634540341	1358.572113754893
Ecuador	LMIC	severe	858	1.950243573034653	1658.1046839902897
Ecuador	LMIC	severe	859	1.47544327870708	1822.2850092108415
Ecuador	LMIC	severe	860	2.108344545229059	1682.3077664570678
Ecuador	LMIC	severe	861	2.6932243995606475	1919.4767083266843
Ecuador	LMIC	severe	862	1.9987940110038007	1555.8772419832158
Ecuador	LMIC	severe	863	1.755867027416405	1936.559469379647
Ecuador	LMIC	severe	864	1.816430891983349	1627.6624856705942
Ecuador	LMIC	severe	865	2.6737360744043017	1774.4491533683129
Ecuador	LMIC	severe	866	2.3076792891045823	1687.541568208217
Ecuador	LMIC	severe	867	1.439090579596881	1490.2186224128582
Ecuador	LMIC	severe	868	1.6829995702678313	1541.3103788800977
Ecuador	LMIC	severe	869	2.15899566019248	1775.343406981648
Ecuador	LMIC	severe	870	1.467440105659688	1535.358116420819
Ecuador	LMIC	severe	871	2.621871240672724	1269.7810954373535
Ecuador	LMIC	severe	872	1.3463303584930384	1503.072683757115
Ecuador	LMIC	severe	873	1.797142943055439	1401.4690062229554
Ecuador	LMIC	severe	874	1.6096059444370532	1651.750495011032
Ecuador	LMIC	severe	875	1.6134548600805956	1261.7437420140454
Ecuador	LMIC	severe	876	2.397584184427253	1687.002877744234
Ecuador	LMIC	severe	877	1.6368990664624956	1415.8072136824062
Ecuador	LMIC	severe	878	2.217827134217872	1805.2931418594242
Ecuador	LMIC	severe	879	2.069869428685592	1541.7286707637072
Ecuador	LMIC	severe	880	1.530006170063511	1847.8447468267027
Ecuador	LMIC	severe	881	1.5702500746192216	1727.2614696189135
Ecuador	LMIC	severe	882	1.6366721133934128	1598.9505790433936
Ecuador	LMIC	severe	883	2.0208853462769376	1741.1710221738101
Ecuador	LMIC	severe	884	1.616007562436057	1651.5229589699047
Ecuador	LMIC	severe	885	2.2093116868897593	1687.0196639996652
Ecuador	LMIC	severe	886	2.9066996695335057	1935.0456299805487
Ecuador	LMIC	severe	887	2.242536101656131	1386.3512199535203
Ecuador	LMIC	severe	888	1.9008850758137794	1522.9328618873594
Ecuador	LMIC	severe	889	1.986153196313614	1853.1330114190362
Ecuador	LMIC	severe	890	1.9107290694696113	2049.532464084205
Ecuador	LMIC	severe	891	1.4583649681295747	1507.0341454125157
Ecuador	LMIC	severe	892	2.735271217754594	1551.506483269364
Ecuador	LMIC	severe	893	1.3084909915627154	1907.9213848746617
Ecuador	LMIC	severe	894	1.8386925580166396	1415.2901725639972
Ecuador	LMIC	severe	895	1.939831497435363	1862.117111375312
Ecuador	LMIC	severe	896	1.997128565274473	1720.435547955945
Ecuador	LMIC	severe	897	1.7503335709770163	2024.3157252341944
Ecuador	LMIC	severe	898	1.37824150734631	1525.946353370582
Ecuador	LMIC	severe	899	1.8885263393299265	1881.550370657333
Ecuador	LMIC	severe	900	2.297380676506904	1134.4527902301952
Ecuador	LMIC	severe	901	1.471394306651575	1323.184533035756
Ecuador	LMIC	severe	902	2.1104703271836858	1661.2104151486742
Ecuador	LMIC	severe	903	2.558732121877526	1452.0265502208445
Ecuador	LMIC	severe	904	1.3875597094418994	1470.9650467529505
Ecuador	LMIC	severe	905	1.9126471496942044	1400.215385121585
Ecuador	LMIC	severe	906	2.0437633205458474	1911.0885537914974
Ecuador	LMIC	severe	907	0.95635047057264	1639.828856881582
Ecuador	LMIC	severe	908	2.2068772325985355	1626.4711573984641
Ecuador	LMIC	severe	909	2.5259813520242593	1403.8875863097187
Ecuador	LMIC	severe	910	2.245129072921354	1561.6455972648146
Ecuador	LMIC	severe	911	1.8162132103167803	1844.9574412424217
Ecuador	LMIC	severe	912	1.6078256742924655	1769.0594567760086
Ecuador	LMIC	severe	913	1.8465847141348775	1622.944563675645
Ecuador	LMIC	severe	914	1.9373440979713612	1687.510856634519
Ecuador	LMIC	severe	915	2.5546486952820064	1354.123369575874
Ecuador	LMIC	severe	916	1.9887252319636524	1687.1818309405169
Ecuador	LMIC	severe	917	1.5156919480809332	1524.7777855180175
Ecuador	LMIC	severe	918	1.7230104603911154	1709.835627521671
Ecuador	LMIC	severe	919	1.7754618356652907	1703.305228865719
Ecuador	LMIC	severe	920	1.6580411683428489	1633.9582929416288
Ecuador	LMIC	severe	921	1.8107292017740937	1614.0011637167445
Ecuador	LMIC	severe	922	1.8139558756021534	1948.389372454525
Ecuador	LMIC	severe	923	2.2741109997562683	1747.444648595061
Ecuador	LMIC	severe	924	1.5788826136115968	1796.1990155755504
Ecuador	LMIC	severe	925	1.7945507123026552	1608.2000096643374
Ecuador	LMIC	severe	926	1.9420941498055315	1869.403932539495
Ecuador	LMIC	severe	927	1.6534843751937087	1668.5912637432739
Ecuador	LMIC	severe	928	1.763976924463012	1722.6568832560692
Ecuador	LMIC	severe	929	1.1593527925953886	1715.5148966213674
Ecuador	LMIC	severe	930	1.4520487788115117	1774.4593644103643
Ecuador	LMIC	severe	931	1.793867989223998	1452.5832141321155
Ecuador	LMIC	severe	932	1.119924380816995	1259.8427537091516
Ecuador	LMIC	severe	933	2.3258538230770762	1490.8391176200794
Ecuador	LMIC	severe	934	2.326422549506473	1403.7931215257634
Ecuador	LMIC	severe	935	2.108781033344061	1738.2816500600427
Ecuador	LMIC	severe	936	1.54700346206746	1500.6595447820457
Ecuador	LMIC	severe	937	1.2395834308303528	1297.1271914803556
Ecuador	LMIC	severe	938	2.4571245914958624	1689.2977295713335
Ecuador	LMIC	severe	939	1.2293879123426779	1657.75161692502
Ecuador	LMIC	severe	940	2.0253286906032635	1695.581577457005
Ecuador	LMIC	severe	941	1.9630377306088618	1714.1397526712744
Ecuador	LMIC	severe	942	1.1410676318068758	1365.8793852393428
Ecuador	LMIC	severe	943	1.9655632991291991	1308.9834931641644
Ecuador	LMIC	severe	944	2.049900791135164	1674.508526194676
Ecuador	LMIC	severe	945	1.6585946551339927	1367.9552499180077
Ecuador	LMIC	severe	946	1.8261653138335991	1764.6534528533741
Ecuador	LMIC	severe	947	1.8545573973369711	1760.7588203194896
Ecuador	LMIC	severe	948	1.8587994931962708	1796.9767324142927
Ecuador	LMIC	severe	949	1.866584848085485	1870.68733401274
Ecuador	LMIC	severe	950	1.784378440327047	1662.7822858096436
Ecuador	LMIC	severe	951	1.953256771859234	1913.1179004656017
Ecuador	LMIC	severe	952	2.0384026562674857	1757.8779438503066
Ecuador	LMIC	severe	953	1.1471406026427462	1734.132037736465
Ecuador	LMIC	severe	954	1.7669363033280305	1757.6346425677718
Ecuador	LMIC	severe	955	1.657870847086755	1773.022637192422
Ecuador	LMIC	severe	956	1.1521460245645363	1749.4588164497382
Ecuador	LMIC	severe	957	2.1365012573155227	1557.4925572482387
Ecuador	LMIC	severe	958	2.0730233345724685	1637.4624144787495
Ecuador	LMIC	severe	959	1.9557587093843	1745.4645701611207
Ecuador	LMIC	severe	960	2.6152987159658485	1573.343620735603
Ecuador	LMIC	severe	961	2.1630823140869255	1967.1890502373353
Ecuador	LMIC	severe	962	1.5850817828352026	1574.1793347878925
Ecuador	LMIC	severe	963	1.6424207595917104	1616.71359672787
Ecuador	LMIC	severe	964	2.072456373548458	1687.194403961425
Ecuador	LMIC	severe	965	1.9142012513562383	1471.7507732245977
Ecuador	LMIC	severe	966	2.261053182487839	1496.8804524022203
Ecuador	LMIC	severe	967	1.5190774607870838	1698.9716720530846
Ecuador	LMIC	severe	968	1.5040903136234878	1416.5131841819405
Ecuador	LMIC	severe	969	1.4040119492730492	1307.5288330393578
Ecuador	LMIC	severe	970	2.2860348011976694	1867.826986297568
Ecuador	LMIC	severe	971	1.474691268605746	1685.2001804978083
Ecuador	LMIC	severe	972	1.471455362390095	1578.72555460459
Ecuador	LMIC	severe	973	1.9663106000905053	1693.842677503605
Ecuador	LMIC	severe	974	2.3814971093688966	1520.8213112285398
Ecuador	LMIC	severe	975	1.8394466526865894	1597.6891879181771
Ecuador	LMIC	severe	976	1.582176159981287	1355.0712554322745
Ecuador	LMIC	severe	977	2.680897466582935	1334.543061300344
Ecuador	LMIC	severe	978	1.2070528596464873	1672.3985013449897
Ecuador	LMIC	severe	979	2.0618335783479798	1660.8958130331198
Ecuador	LMIC	severe	980	1.7214136023833602	1745.3059310195467
Ecuador	LMIC	severe	981	1.5926204920179936	1853.9558563992864
Ecuador	LMIC	severe	982	1.7912718542757435	1871.6708744613268
Ecuador	LMIC	severe	983	1.2244795230035885	1876.2171129456824
Ecuador	LMIC	severe	984	1.7983024620593246	1513.8971873086998
Ecuador	LMIC	severe	985	1.7104781714127313	1431.7723300674825
Ecuador	LMIC	severe	986	1.04915339244462	1566.7871471341773
Ecuador	LMIC	severe	987	1.4800042298139364	1636.401606260351
Ecuador	LMIC	severe	988	2.059009006335113	1735.1975394484025
Ecuador	LMIC	severe	989	1.314286110717335	1751.5468500073835
Ecuador	LMIC	severe	990	1.4274262539812672	1818.999051465551
Ecuador	LMIC	severe	991	2.447128829812674	1500.2447038634723
Ecuador	LMIC	severe	992	1.365648902308875	1795.2254573119253
Ecuador	LMIC	severe	993	0.9044616924545488	1608.5998746024854
Ecuador	LMIC	severe	994	1.883108069677557	1180.5698621274564
Ecuador	LMIC	severe	995	2.2300971052893455	1803.9162024488307
Ecuador	LMIC	severe	996	2.097266972903573	1832.8865123306707
Ecuador	LMIC	severe	997	1.271617116622179	1833.4285659378165
Ecuador	LMIC	severe	998	1.5250221059221047	1905.6159147193493
Ecuador	LMIC	severe	999	2.0902472632812668	1889.9649446500066
Ecuador	LMIC	severe	1000	1.5984646700679193	1536.7840168310274
Nigeria	LMIC	less_severe	1	1.4925512397564606	2854.7345980471805
Nigeria	LMIC	less_severe	2	2.503076978216967	3035.0872601310857
Nigeria	LMIC	less_severe	3	2.099753780892483	2771.8729044759493
Nigeria	LMIC	less_severe	4	2.136273543846949	2733.0040282263167
Nigeria	LMIC	less_severe	5	3.2301716234963305	2357.5869563421443
Nigeria	LMIC	less_severe	6	0.4567906052586732	3225.0005186219037
Nigeria	LMIC	less_severe	7	3.1936443188783574	3058.3337386533212
Nigeria	LMIC	less_severe	8	2.530584086719082	2077.734535370557
Nigeria	LMIC	less_severe	9	2.7137313162094685	2407.3845715798307
Nigeria	LMIC	less_severe	10	1.8891298580382	2328.4022368207843
Nigeria	LMIC	less_severe	11	1.3579336256112002	2024.586223566713
Nigeria	LMIC	less_severe	12	0.8655057362963658	2864.800795890893
Nigeria	LMIC	less_severe	13	1.9037956240607778	2558.559598805329
Nigeria	LMIC	less_severe	14	2.425110659458282	2941.655992619265
Nigeria	LMIC	less_severe	15	0.4647411931959091	3276.759137190171
Nigeria	LMIC	less_severe	16	1.0993400451837996	2723.7231820433813
Nigeria	LMIC	less_severe	17	2.9319139545444726	2631.5275675649054
Nigeria	LMIC	less_severe	18	3.452752760623005	2602.6535946693875
Nigeria	LMIC	less_severe	19	2.342770640183378	3051.850857073997
Nigeria	LMIC	less_severe	20	0.7933343486762219	2997.521500278661
Nigeria	LMIC	less_severe	21	1.3533140966697372	1940.1407221957402
Nigeria	LMIC	less_severe	22	0.795898730070669	2706.4009283024607
Nigeria	LMIC	less_severe	23	1.3612491521302275	2977.955019499649
Nigeria	LMIC	less_severe	24	0.8758116127255793	2812.3830007525066
Nigeria	LMIC	less_severe	25	2.165691242917654	2515.2663354611013
Nigeria	LMIC	less_severe	26	2.3629444991596564	2764.261138326532
Nigeria	LMIC	less_severe	27	1.6648511116753495	2889.0007391702056
Nigeria	LMIC	less_severe	28	2.398050372483704	3040.434379376199
Nigeria	LMIC	less_severe	29	0.44122620939041646	3125.704587421029
Nigeria	LMIC	less_severe	30	3.3094736155788596	2716.7514983040805
Nigeria	LMIC	less_severe	31	1.742210830670886	2234.165122403432
Nigeria	LMIC	less_severe	32	1.6455972542064492	3028.399069315129
Nigeria	LMIC	less_severe	33	2.2430019361788576	2900.7093437582243
Nigeria	LMIC	less_severe	34	3.300498601996522	3129.5081298737873
Nigeria	LMIC	less_severe	35	0.8967810586906753	2847.8781074697004
Nigeria	LMIC	less_severe	36	1.1985818946127882	3116.9894473193635
Nigeria	LMIC	less_severe	37	0.7737280846661418	2877.1944552581376
Nigeria	LMIC	less_severe	38	2.7047778235989135	2728.565163288723
Nigeria	LMIC	less_severe	39	2.5922195811463844	3250.06667301119
Nigeria	LMIC	less_severe	40	2.073402467166942	3285.7288692735524
Nigeria	LMIC	less_severe	41	2.604021886571215	2149.867499496244
Nigeria	LMIC	less_severe	42	1.8559736840817243	2655.7026655822738
Nigeria	LMIC	less_severe	43	3.2451656662455255	3034.9611960232032
Nigeria	LMIC	less_severe	44	2.4996178799430737	2996.451962590344
Nigeria	LMIC	less_severe	45	0.7883814219135976	2698.6549827430927
Nigeria	LMIC	less_severe	46	1.8105908101872767	2777.271854842893
Nigeria	LMIC	less_severe	47	3.2905287596751664	2466.419070512837
Nigeria	LMIC	less_severe	48	0.5835205048297407	2424.4445028437685
Nigeria	LMIC	less_severe	49	2.004005189074207	2496.2489817036276
Nigeria	LMIC	less_severe	50	1.1020233432371995	3128.7752329531268
Nigeria	LMIC	less_severe	51	1.8122416407435011	2568.424287707273
Nigeria	LMIC	less_severe	52	2.4799517605541537	2618.396652888201
Nigeria	LMIC	less_severe	53	2.3312386853880804	2188.5712922331004
Nigeria	LMIC	less_severe	54	1.4094579481400418	2731.7961875071214
Nigeria	LMIC	less_severe	55	0.3588515579786362	2937.859429834589
Nigeria	LMIC	less_severe	56	1.0959285562441305	2980.38267477837
Nigeria	LMIC	less_severe	57	0.9064691122448929	2432.6592150916804
Nigeria	LMIC	less_severe	58	1.1926498876266365	2890.4509095699605
Nigeria	LMIC	less_severe	59	2.07304175212497	2717.8027344234333
Nigeria	LMIC	less_severe	60	2.399772222525364	3283.539034735145
Nigeria	LMIC	less_severe	61	1.8640229538176687	2560.1956017315383
Nigeria	LMIC	less_severe	62	2.0396826890431976	3380.4421704132787
Nigeria	LMIC	less_severe	63	1.1101544632371274	3004.2412503170262
Nigeria	LMIC	less_severe	64	2.5873417891382475	2585.4498178544995
Nigeria	LMIC	less_severe	65	1.5660538549827328	3318.22248885761
Nigeria	LMIC	less_severe	66	1.2140517751935809	2147.5833922796837
Nigeria	LMIC	less_severe	67	2.399038385524528	3043.7000461260504
Nigeria	LMIC	less_severe	68	1.6381915398250273	3169.348459493457
Nigeria	LMIC	less_severe	69	1.2713656301392362	3192.6631018037083
Nigeria	LMIC	less_severe	70	0.578250436686953	2797.763248538968
Nigeria	LMIC	less_severe	71	0.07234094294074822	2374.9429523118524
Nigeria	LMIC	less_severe	72	2.751734495816784	2564.8819473889653
Nigeria	LMIC	less_severe	73	2.2081601554548635	2124.565706114601
Nigeria	LMIC	less_severe	74	1.3098334468953867	2976.0496978739293
Nigeria	LMIC	less_severe	75	2.4258290679712378	3032.9307527510105
Nigeria	LMIC	less_severe	76	1.8628818265664009	3396.7846630498316
Nigeria	LMIC	less_severe	77	1.4512181561468083	2559.775450828882
Nigeria	LMIC	less_severe	78	2.0728044104292795	2454.933107540351
Nigeria	LMIC	less_severe	79	1.7292316775724235	2667.5915257362776
Nigeria	LMIC	less_severe	80	1.7188557765545989	3198.7471333017393
Nigeria	LMIC	less_severe	81	1.832351485257547	3224.237119229446
Nigeria	LMIC	less_severe	82	3.2137419379445964	3035.947213583014
Nigeria	LMIC	less_severe	83	1.621210539376376	2331.9870748087487
Nigeria	LMIC	less_severe	84	2.113367828498105	2878.2695029513015
Nigeria	LMIC	less_severe	85	1.3996057680798248	2591.9780786752513
Nigeria	LMIC	less_severe	86	0.4268626160260043	3216.165499323224
Nigeria	LMIC	less_severe	87	0.35478445758925936	2986.572189136041
Nigeria	LMIC	less_severe	88	1.278280443122216	2252.2255926097405
Nigeria	LMIC	less_severe	89	2.5373704412800757	3240.603836652804
Nigeria	LMIC	less_severe	90	1.6110175639034976	2706.337261187353
Nigeria	LMIC	less_severe	91	1.0934649943993184	3000.4590708723235
Nigeria	LMIC	less_severe	92	0.8055845038678822	2984.898339335202
Nigeria	LMIC	less_severe	93	2.25745502485824	2198.1134333260234
Nigeria	LMIC	less_severe	94	2.0125359882929716	2594.1734709043753
Nigeria	LMIC	less_severe	95	2.7040378446044864	2856.881526519521
Nigeria	LMIC	less_severe	96	2.009638177954967	3135.5407121441517
Nigeria	LMIC	less_severe	97	1.3717715469832843	2770.0671684994345
Nigeria	LMIC	less_severe	98	2.316709397783347	2982.257956396273
Nigeria	LMIC	less_severe	99	2.988076935574952	3163.9539394816616
Nigeria	LMIC	less_severe	100	1.9917999996335514	1929.5132401732653
Nigeria	LMIC	less_severe	101	2.0987401497016505	3325.3918150478403
Nigeria	LMIC	less_severe	102	0.4454008444652846	2698.278270441524
Nigeria	LMIC	less_severe	103	0.5793273401871302	2508.8041026199535
Nigeria	LMIC	less_severe	104	1.508754845878216	2608.2428269336065
Nigeria	LMIC	less_severe	105	2.0241878780345735	2133.8830248824574
Nigeria	LMIC	less_severe	106	2.5292662347064425	2616.557320535764
Nigeria	LMIC	less_severe	107	0.8474376153740595	2582.6058345647452
Nigeria	LMIC	less_severe	108	0.5241179511193632	3020.507658951292
Nigeria	LMIC	less_severe	109	1.2450980728571892	3014.5090928254394
Nigeria	LMIC	less_severe	110	2.619862204811599	2634.757286050881
Nigeria	LMIC	less_severe	111	2.1513789156885004	2660.9666237637994
Nigeria	LMIC	less_severe	112	1.5668123550622681	2574.416925774849
Nigeria	LMIC	less_severe	113	1.04722947192149	3047.678758332216
Nigeria	LMIC	less_severe	114	1.607139952533947	1982.9524403774137
Nigeria	LMIC	less_severe	115	2.408432939134981	2376.803173274998
Nigeria	LMIC	less_severe	116	0.9066101858181188	2943.455445014815
Nigeria	LMIC	less_severe	117	0.2911323057532895	2869.1340311421486
Nigeria	LMIC	less_severe	118	1.858597635353978	3414.9204835403857
Nigeria	LMIC	less_severe	119	1.6819201765999932	2740.7318349308334
Nigeria	LMIC	less_severe	120	2.784060972222801	3019.252450622396
Nigeria	LMIC	less_severe	121	3.457095591294676	2945.6159220304235
Nigeria	LMIC	less_severe	122	1.7452480919198408	2838.3420183667545
Nigeria	LMIC	less_severe	123	0.781024717097651	2612.6207509229816
Nigeria	LMIC	less_severe	124	1.3708028219596677	2872.579203808456
Nigeria	LMIC	less_severe	125	1.5237506081471528	2513.5740583902007
Nigeria	LMIC	less_severe	126	2.5743620712600643	2776.517315637163
Nigeria	LMIC	less_severe	127	2.852795922593293	2659.4405521588333
Nigeria	LMIC	less_severe	128	1.2117481054465333	2658.5826616692566
Nigeria	LMIC	less_severe	129	1.5939176680396088	3496.6734605772954
Nigeria	LMIC	less_severe	130	2.7062264633463187	2894.3261667115235
Nigeria	LMIC	less_severe	131	2.034524581800124	2183.457023664557
Nigeria	LMIC	less_severe	132	1.286152688021967	2774.867318569263
Nigeria	LMIC	less_severe	133	2.2744231768140866	3010.740810682453
Nigeria	LMIC	less_severe	134	2.1578749590379562	2538.629894178142
Nigeria	LMIC	less_severe	135	2.5183411213604634	2632.6929773002967
Nigeria	LMIC	less_severe	136	0.8588496729630384	2779.3455975783845
Nigeria	LMIC	less_severe	137	2.1702102274895863	2225.0113453348636
Nigeria	LMIC	less_severe	138	1.0186982589533873	2877.330579906104
Nigeria	LMIC	less_severe	139	0.5923167462494909	2075.5919280834423
Nigeria	LMIC	less_severe	140	1.1805180503723163	3052.98578699455
Nigeria	LMIC	less_severe	141	3.2281698427484518	2988.394619178649
Nigeria	LMIC	less_severe	142	2.1126842282307043	2666.736047255372
Nigeria	LMIC	less_severe	143	2.0066035011931076	2385.3146635903677
Nigeria	LMIC	less_severe	144	1.2190140363127995	2675.1600414492564
Nigeria	LMIC	less_severe	145	2.1413369282639083	2578.010828017753
Nigeria	LMIC	less_severe	146	1.7810202469034113	2584.2691497309734
Nigeria	LMIC	less_severe	147	2.1500363207106608	2784.208222558829
Nigeria	LMIC	less_severe	148	2.8540979134426188	2718.6438918528506
Nigeria	LMIC	less_severe	149	1.5778889149956372	2688.9960661546083
Nigeria	LMIC	less_severe	150	2.2742765625575716	2652.4046954723062
Nigeria	LMIC	less_severe	151	2.7487697040884624	3162.489979247223
Nigeria	LMIC	less_severe	152	1.4234714732868872	2643.3639278779892
Nigeria	LMIC	less_severe	153	1.617794009198711	2323.083461013212
Nigeria	LMIC	less_severe	154	1.6259449426571244	2734.635468584146
Nigeria	LMIC	less_severe	155	3.3995785718590774	2816.6578057762927
Nigeria	LMIC	less_severe	156	1.7411366512276674	3234.344283945542
Nigeria	LMIC	less_severe	157	1.254871552695473	2883.9478623233663
Nigeria	LMIC	less_severe	158	1.5010772238573091	3020.996548098453
Nigeria	LMIC	less_severe	159	1.9871068439284612	2988.1742591089537
Nigeria	LMIC	less_severe	160	2.881377334173939	3148.874534288575
Nigeria	LMIC	less_severe	161	2.3023257809077204	2895.6244466855574
Nigeria	LMIC	less_severe	162	2.378642276407062	2908.9832995819115
Nigeria	LMIC	less_severe	163	1.4527492722370638	2762.8481748538825
Nigeria	LMIC	less_severe	164	1.6794286951456794	2460.476054945311
Nigeria	LMIC	less_severe	165	2.3549501037579246	2898.9605379618456
Nigeria	LMIC	less_severe	166	2.4818026542843947	2278.6941509513763
Nigeria	LMIC	less_severe	167	0.8551411143025547	2386.749885328737
Nigeria	LMIC	less_severe	168	2.882686873936562	2550.1521685219222
Nigeria	LMIC	less_severe	169	1.9929060052063114	2436.8548740793267
Nigeria	LMIC	less_severe	170	2.2531151984757694	2843.2921199007765
Nigeria	LMIC	less_severe	171	1.3910193964134594	2757.818545226096
Nigeria	LMIC	less_severe	172	0.5090489712312785	2310.0330885061085
Nigeria	LMIC	less_severe	173	1.6832565806477664	2576.477594191212
Nigeria	LMIC	less_severe	174	2.2248759350126663	3091.840757766011
Nigeria	LMIC	less_severe	175	2.154995239461737	3457.5126036454617
Nigeria	LMIC	less_severe	176	2.540446206575684	3255.2400050410906
Nigeria	LMIC	less_severe	177	1.6009090402645745	2426.650441128183
Nigeria	LMIC	less_severe	178	2.2572052749078164	3016.729894352422
Nigeria	LMIC	less_severe	179	1.4917140458554368	3118.851659173683
Nigeria	LMIC	less_severe	180	2.238529752688704	2290.333079773405
Nigeria	LMIC	less_severe	181	2.7895515218956977	2713.7584488820967
Nigeria	LMIC	less_severe	182	1.8550789295375516	2872.1592295888195
Nigeria	LMIC	less_severe	183	2.334894916193953	2991.662952408185
Nigeria	LMIC	less_severe	184	1.7096791329754026	2967.092267958454
Nigeria	LMIC	less_severe	185	1.233137335688852	2635.3306361344094
Nigeria	LMIC	less_severe	186	3.3496373935582024	3093.5848527434828
Nigeria	LMIC	less_severe	187	2.323091654769758	2420.044890875916
Nigeria	LMIC	less_severe	188	2.505483043303231	3437.6391010002644
Nigeria	LMIC	less_severe	189	2.3948016503909146	2769.205463282805
Nigeria	LMIC	less_severe	190	1.9038251307960392	3086.6615541882493
Nigeria	LMIC	less_severe	191	1.1550534339260148	2310.916559782291
Nigeria	LMIC	less_severe	192	3.470126398244351	3422.396938246943
Nigeria	LMIC	less_severe	193	3.170983601857243	3183.377188609222
Nigeria	LMIC	less_severe	194	2.9271389570537716	2986.723089371685
Nigeria	LMIC	less_severe	195	1.2033269260754915	2445.216183519402
Nigeria	LMIC	less_severe	196	2.0469725740939797	3357.062873149365
Nigeria	LMIC	less_severe	197	0.9735714100679065	3270.497970016804
Nigeria	LMIC	less_severe	198	2.1269961256890033	2675.788704155991
Nigeria	LMIC	less_severe	199	2.3197997663167182	2937.433914908246
Nigeria	LMIC	less_severe	200	1.2552063320974653	2552.7424140432727
Nigeria	LMIC	less_severe	201	0.23263772679103223	2439.9619501086977
Nigeria	LMIC	less_severe	202	2.5638796700705546	2842.4900490312693
Nigeria	LMIC	less_severe	203	2.4326996493481223	2313.232376211277
Nigeria	LMIC	less_severe	204	2.2573624983311706	3021.185035936755
Nigeria	LMIC	less_severe	205	2.545000248561209	2933.659834495868
Nigeria	LMIC	less_severe	206	2.67336236279162	2240.131890922897
Nigeria	LMIC	less_severe	207	2.4652455887577114	2795.5710715441473
Nigeria	LMIC	less_severe	208	0.09760644271633367	2610.1192291341545
Nigeria	LMIC	less_severe	209	1.648017922720367	2837.1180347237596
Nigeria	LMIC	less_severe	210	0.8399045930653894	2843.4836214465713
Nigeria	LMIC	less_severe	211	0.10591821743821228	3089.6586919925103
Nigeria	LMIC	less_severe	212	1.7557752756646074	2395.9522019621636
Nigeria	LMIC	less_severe	213	1.7862983941856578	2117.226735026153
Nigeria	LMIC	less_severe	214	2.7693233324023074	2779.834870529853
Nigeria	LMIC	less_severe	215	2.087242933121643	3052.9844004185825
Nigeria	LMIC	less_severe	216	0.13605386301214661	2513.8588749224414
Nigeria	LMIC	less_severe	217	1.2371513517219084	3473.888323190999
Nigeria	LMIC	less_severe	218	1.0095138496066376	2977.170548052535
Nigeria	LMIC	less_severe	219	0.8290639383726379	2569.902601958637
Nigeria	LMIC	less_severe	220	1.7255187784415735	2504.3139868477724
Nigeria	LMIC	less_severe	221	3.2813377042115146	2395.5813498885495
Nigeria	LMIC	less_severe	222	1.0492565810485193	3264.168321215033
Nigeria	LMIC	less_severe	223	0.9869361763214428	3484.8517987783985
Nigeria	LMIC	less_severe	224	2.0703160454167975	3248.2104661586436
Nigeria	LMIC	less_severe	225	3.0611281006344786	2927.21582607686
Nigeria	LMIC	less_severe	226	1.6206346867620915	2873.6730866066437
Nigeria	LMIC	less_severe	227	2.185287949992775	2643.663354207275
Nigeria	LMIC	less_severe	228	3.4398191992164735	2624.550309281486
Nigeria	LMIC	less_severe	229	2.9751898298493895	2806.634853311776
Nigeria	LMIC	less_severe	230	2.7610306021193196	3103.6086003622113
Nigeria	LMIC	less_severe	231	0.31151739838920545	2544.9988451417858
Nigeria	LMIC	less_severe	232	1.308131347142539	2389.541982884424
Nigeria	LMIC	less_severe	233	2.485717795350289	2270.2459496441043
Nigeria	LMIC	less_severe	234	1.8877306331586627	3545.399606834132
Nigeria	LMIC	less_severe	235	3.3817038716056835	2504.8729366776843
Nigeria	LMIC	less_severe	236	1.154637817418621	2626.7549923024317
Nigeria	LMIC	less_severe	237	1.9457712916188354	3097.7590296500334
Nigeria	LMIC	less_severe	238	2.0055245853967296	3194.6276910975002
Nigeria	LMIC	less_severe	239	0.16700695137570776	3147.1492677382803
Nigeria	LMIC	less_severe	240	1.3993124664232859	2522.8244925815006
Nigeria	LMIC	less_severe	241	2.120484216102674	3154.136427907093
Nigeria	LMIC	less_severe	242	1.5878727638858958	2699.7715426940827
Nigeria	LMIC	less_severe	243	2.9160314908886704	2735.798065231694
Nigeria	LMIC	less_severe	244	1.260373940749827	3139.740762186624
Nigeria	LMIC	less_severe	245	1.6039767392566064	2154.180465041476
Nigeria	LMIC	less_severe	246	2.986025502895181	3112.5731823423466
Nigeria	LMIC	less_severe	247	0.509249373231091	2724.022895867338
Nigeria	LMIC	less_severe	248	0.9166320332726983	2965.7842448782535
Nigeria	LMIC	less_severe	249	1.872222713458287	2793.7284040114514
Nigeria	LMIC	less_severe	250	2.2197898601380484	2338.834609798507
Nigeria	LMIC	less_severe	251	1.3404667342867516	2584.6476452449842
Nigeria	LMIC	less_severe	252	0.5821626494512211	2895.781297823517
Nigeria	LMIC	less_severe	253	2.0451846359634844	2476.555121377821
Nigeria	LMIC	less_severe	254	2.273197338792672	2875.2034416938404
Nigeria	LMIC	less_severe	255	1.860638345411079	2770.1927700992273
Nigeria	LMIC	less_severe	256	2.5908769250699164	3501.646640049727
Nigeria	LMIC	less_severe	257	2.882077169735516	2944.084189841733
Nigeria	LMIC	less_severe	258	1.797194045510289	2454.513390840482
Nigeria	LMIC	less_severe	259	1.8898684202040528	2607.3114521591447
Nigeria	LMIC	less_severe	260	1.4875336905161385	2271.6031833709158
Nigeria	LMIC	less_severe	261	2.0824787736144783	2620.8154904206312
Nigeria	LMIC	less_severe	262	1.898986271465522	3109.981116298654
Nigeria	LMIC	less_severe	263	2.8305057534845943	2527.4394745837244
Nigeria	LMIC	less_severe	264	1.557620802833906	2590.346627970317
Nigeria	LMIC	less_severe	265	2.1208718962734086	2806.213901518504
Nigeria	LMIC	less_severe	266	1.3260693879827743	3230.8840368939204
Nigeria	LMIC	less_severe	267	2.3729009600721316	2202.347899746699
Nigeria	LMIC	less_severe	268	2.651877913572724	2871.163815189275
Nigeria	LMIC	less_severe	269	3.090610265344244	3265.1267523486695
Nigeria	LMIC	less_severe	270	2.195488553814555	3020.5702762489127
Nigeria	LMIC	less_severe	271	2.1274164031089198	2122.9145312371706
Nigeria	LMIC	less_severe	272	2.699225408441575	3228.330520649826
Nigeria	LMIC	less_severe	273	1.1093986497046604	2206.321564195971
Nigeria	LMIC	less_severe	274	1.238699464503565	2566.2687402439233
Nigeria	LMIC	less_severe	275	0.4906411482645572	2577.4649967301966
Nigeria	LMIC	less_severe	276	2.650590476261879	2362.7442066143776
Nigeria	LMIC	less_severe	277	1.357290898912983	2910.2832862693185
Nigeria	LMIC	less_severe	278	2.1441034077214365	2440.524635290889
Nigeria	LMIC	less_severe	279	3.164916320535893	3042.9049187472965
Nigeria	LMIC	less_severe	280	2.247903980474425	2992.3553985388926
Nigeria	LMIC	less_severe	281	1.901357770027941	3266.175342636876
Nigeria	LMIC	less_severe	282	1.108694215826155	2527.2465563684145
Nigeria	LMIC	less_severe	283	1.135829252553071	3037.2830643366196
Nigeria	LMIC	less_severe	284	1.9439241207095872	3304.1917852931383
Nigeria	LMIC	less_severe	285	2.973104161790988	2654.0531355238027
Nigeria	LMIC	less_severe	286	1.3013571954668537	2323.132400102826
Nigeria	LMIC	less_severe	287	1.6705391467253694	2534.921792942606
Nigeria	LMIC	less_severe	288	3.178785369549452	3207.627098512355
Nigeria	LMIC	less_severe	289	1.813668502723818	2909.619072039125
Nigeria	LMIC	less_severe	290	0.9476036684730751	2330.272530680463
Nigeria	LMIC	less_severe	291	1.3657664424169171	2680.7195557853383
Nigeria	LMIC	less_severe	292	1.2659168705238102	2885.916291398701
Nigeria	LMIC	less_severe	293	1.9497514574690236	2924.0480341654456
Nigeria	LMIC	less_severe	294	2.3505807563145282	2209.509431667795
Nigeria	LMIC	less_severe	295	1.3091440877361755	2362.3233504337613
Nigeria	LMIC	less_severe	296	1.6787075255541168	2997.4180783678075
Nigeria	LMIC	less_severe	297	1.1614082563841697	2326.352053803575
Nigeria	LMIC	less_severe	298	1.0243299304392064	2876.561850524914
Nigeria	LMIC	less_severe	299	1.7177134692723612	2789.4527884560166
Nigeria	LMIC	less_severe	300	1.8894389108810357	2634.815859652036
Nigeria	LMIC	less_severe	301	1.0239433545281589	2788.6369446587814
Nigeria	LMIC	less_severe	302	2.1049182093106102	2896.4724267378688
Nigeria	LMIC	less_severe	303	2.0618520325696075	2361.143708492984
Nigeria	LMIC	less_severe	304	1.564101838357363	2445.832844941282
Nigeria	LMIC	less_severe	305	2.998092215998115	2922.4510560105464
Nigeria	LMIC	less_severe	306	1.4611426605825244	3062.2544785743376
Nigeria	LMIC	less_severe	307	2.565566572372105	3404.341665171899
Nigeria	LMIC	less_severe	308	2.2363732202466036	3071.7439338332897
Nigeria	LMIC	less_severe	309	2.0210792924220087	3223.3103043010487
Nigeria	LMIC	less_severe	310	1.3405756979488626	2420.009449324333
Nigeria	LMIC	less_severe	311	2.2214613553327727	3076.6853488270085
Nigeria	LMIC	less_severe	312	2.4119723274487166	3038.7496822005032
Nigeria	LMIC	less_severe	313	1.9781074887057182	3234.9431514750586
Nigeria	LMIC	less_severe	314	1.6782597169968296	3326.475598226252
Nigeria	LMIC	less_severe	315	3.5504880869806943	2710.9832073055486
Nigeria	LMIC	less_severe	316	0.08459147580353754	2684.846564060279
Nigeria	LMIC	less_severe	317	1.6425889735364434	3097.9565915386765
Nigeria	LMIC	less_severe	318	1.9382581569730188	3045.226299262422
Nigeria	LMIC	less_severe	319	2.2442629641614174	2560.206217103366
Nigeria	LMIC	less_severe	320	1.9550894163833679	2484.430368858362
Nigeria	LMIC	less_severe	321	3.3668150200843616	2670.5289781841484
Nigeria	LMIC	less_severe	322	2.109163597042947	2590.879420962925
Nigeria	LMIC	less_severe	323	2.639712249123347	3235.9942037990722
Nigeria	LMIC	less_severe	324	2.139679370708974	3008.0693020776707
Nigeria	LMIC	less_severe	325	2.2428997245632347	3376.325742844436
Nigeria	LMIC	less_severe	326	1.5295544493641877	2333.1552389640756
Nigeria	LMIC	less_severe	327	2.9590459868698744	2600.788032514458
Nigeria	LMIC	less_severe	328	0.9143666282056859	2972.7020333095193
Nigeria	LMIC	less_severe	329	3.4287895792613856	3004.2089608873916
Nigeria	LMIC	less_severe	330	1.951042812260992	2836.124397093131
Nigeria	LMIC	less_severe	331	0.8328865921620388	2561.157077364552
Nigeria	LMIC	less_severe	332	2.473285327470892	3155.087435942726
Nigeria	LMIC	less_severe	333	3.4030399769392883	3238.4852444110193
Nigeria	LMIC	less_severe	334	0.7155601627932953	2863.152961926472
Nigeria	LMIC	less_severe	335	1.3117498812241708	2620.366997404064
Nigeria	LMIC	less_severe	336	2.881709291307981	2266.0994252957043
Nigeria	LMIC	less_severe	337	2.9570046087320607	2628.2906294712525
Nigeria	LMIC	less_severe	338	1.225854226482956	2957.296441435552
Nigeria	LMIC	less_severe	339	2.601367054084755	2484.0053755196473
Nigeria	LMIC	less_severe	340	2.47850914687883	3174.436518086985
Nigeria	LMIC	less_severe	341	1.2031930827796637	2732.0865019729017
Nigeria	LMIC	less_severe	342	1.8615966377989475	2531.8289863255154
Nigeria	LMIC	less_severe	343	3.072808282776152	2520.538838442768
Nigeria	LMIC	less_severe	344	2.0431368772984895	2976.8940401822897
Nigeria	LMIC	less_severe	345	1.5038660873074488	2942.7441009440377
Nigeria	LMIC	less_severe	346	1.4217174451911436	2448.41112714812
Nigeria	LMIC	less_severe	347	1.5224371542413957	3399.4179043364684
Nigeria	LMIC	less_severe	348	1.1132434141088154	2751.987691293847
Nigeria	LMIC	less_severe	349	0.752481900411305	3203.77980866682
Nigeria	LMIC	less_severe	350	0.683044746218461	2694.407883397422
Nigeria	LMIC	less_severe	351	0.5052371553735018	2542.323837062171
Nigeria	LMIC	less_severe	352	1.7773895829513355	2633.7536224764226
Nigeria	LMIC	less_severe	353	1.8182340716965548	2369.8012681436994
Nigeria	LMIC	less_severe	354	2.826903840925053	3386.380802354589
Nigeria	LMIC	less_severe	355	2.362037698611057	2726.8810877473643
Nigeria	LMIC	less_severe	356	1.0589078962457759	3065.144756884743
Nigeria	LMIC	less_severe	357	2.571592543412825	2525.1070988405063
Nigeria	LMIC	less_severe	358	1.5203031724292675	2831.830940559042
Nigeria	LMIC	less_severe	359	1.7626118392053582	2639.3339038703334
Nigeria	LMIC	less_severe	360	1.0832358573664997	2813.1806687672943
Nigeria	LMIC	less_severe	361	2.234944125918674	2342.6165437630107
Nigeria	LMIC	less_severe	362	1.8258670731093503	2739.0350068022776
Nigeria	LMIC	less_severe	363	2.515471518012742	3275.9384434436156
Nigeria	LMIC	less_severe	364	2.6786293210493346	2796.4806211458467
Nigeria	LMIC	less_severe	365	2.749086852121639	2253.6694143148197
Nigeria	LMIC	less_severe	366	2.000964736308058	2697.457769283575
Nigeria	LMIC	less_severe	367	0.30179479534375186	2514.0315745217704
Nigeria	LMIC	less_severe	368	2.4452352997850344	2868.1955156795484
Nigeria	LMIC	less_severe	369	1.6207335221253354	2859.369014500864
Nigeria	LMIC	less_severe	370	1.3685004517372352	2392.80474892123
Nigeria	LMIC	less_severe	371	1.2057917523367045	2333.133433143754
Nigeria	LMIC	less_severe	372	2.369466093178528	2223.0935825076567
Nigeria	LMIC	less_severe	373	2.5993984815003017	2986.680986503693
Nigeria	LMIC	less_severe	374	0.7390013512115736	2562.976052771717
Nigeria	LMIC	less_severe	375	1.776387078223757	2797.7411962553433
Nigeria	LMIC	less_severe	376	1.9446084541765991	2795.7000514235833
Nigeria	LMIC	less_severe	377	1.9167379704963405	2929.3005204225715
Nigeria	LMIC	less_severe	378	1.8620616869835631	2881.871328655523
Nigeria	LMIC	less_severe	379	1.9118714991070904	2476.1395483815413
Nigeria	LMIC	less_severe	380	2.4217505756196687	2833.853063685312
Nigeria	LMIC	less_severe	381	2.5801435791751235	2419.845916403296
Nigeria	LMIC	less_severe	382	2.0746093496315234	2382.2058038837586
Nigeria	LMIC	less_severe	383	1.7963292299039137	2749.4354876434168
Nigeria	LMIC	less_severe	384	1.633589007190456	3012.749605471967
Nigeria	LMIC	less_severe	385	1.3944645648446716	2588.5943495955594
Nigeria	LMIC	less_severe	386	3.188962379369533	2832.3894263843176
Nigeria	LMIC	less_severe	387	1.3967217165532926	3113.217707163829
Nigeria	LMIC	less_severe	388	1.3298146275670124	2693.5888986463497
Nigeria	LMIC	less_severe	389	2.3403764849703057	2617.9382711569624
Nigeria	LMIC	less_severe	390	3.475802205132716	2221.15178897824
Nigeria	LMIC	less_severe	391	2.470711448815207	3008.2807934963093
Nigeria	LMIC	less_severe	392	2.51827401024694	2832.939234459668
Nigeria	LMIC	less_severe	393	0.8771055384183395	2782.7423730116816
Nigeria	LMIC	less_severe	394	1.7875264525669419	2676.031647688538
Nigeria	LMIC	less_severe	395	1.9672190980166935	2938.646096249808
Nigeria	LMIC	less_severe	396	2.6106690325193807	2862.027923444255
Nigeria	LMIC	less_severe	397	2.539771001365911	2319.74417075567
Nigeria	LMIC	less_severe	398	0.2450481198148058	2786.8956416564242
Nigeria	LMIC	less_severe	399	0.2546982650770371	3061.300516111606
Nigeria	LMIC	less_severe	400	2.5543986642254533	2645.721647630866
Nigeria	LMIC	less_severe	401	2.342875633937785	2194.961428425867
Nigeria	LMIC	less_severe	402	1.6054005034911736	2869.284776343398
Nigeria	LMIC	less_severe	403	2.8647287663938394	3718.5459893644747
Nigeria	LMIC	less_severe	404	2.0101971518883097	2765.704616844132
Nigeria	LMIC	less_severe	405	2.2488489138764756	3516.762946960911
Nigeria	LMIC	less_severe	406	0.9778202074390521	3003.6996348160283
Nigeria	LMIC	less_severe	407	1.1827634675810703	2646.847823690606
Nigeria	LMIC	less_severe	408	2.427750959521192	3377.761574834977
Nigeria	LMIC	less_severe	409	1.5293791037854687	2709.635378873205
Nigeria	LMIC	less_severe	410	-0.021393824820992613	2469.1553565665063
Nigeria	LMIC	less_severe	411	2.2648468478749777	3068.431025161155
Nigeria	LMIC	less_severe	412	1.53538178371468	2254.4385790467386
Nigeria	LMIC	less_severe	413	2.5473032962008624	2792.7310400664564
Nigeria	LMIC	less_severe	414	1.9037234015689766	3046.628557746303
Nigeria	LMIC	less_severe	415	1.3127184457044283	2342.9336084812085
Nigeria	LMIC	less_severe	416	2.223333655045943	2303.9638040718787
Nigeria	LMIC	less_severe	417	2.9367693371437325	3067.340131667038
Nigeria	LMIC	less_severe	418	2.5045844540073077	3494.642837176755
Nigeria	LMIC	less_severe	419	0.3646653453682136	2943.7297065958005
Nigeria	LMIC	less_severe	420	2.729441370624812	2625.4730312393635
Nigeria	LMIC	less_severe	421	1.6398436023000817	2852.7216946925755
Nigeria	LMIC	less_severe	422	2.7530129931101044	2707.8485257467555
Nigeria	LMIC	less_severe	423	2.9973795294497725	2820.3171367575214
Nigeria	LMIC	less_severe	424	2.5760222251376623	2983.9575104798487
Nigeria	LMIC	less_severe	425	2.793695963789088	2595.5937630080775
Nigeria	LMIC	less_severe	426	0.5836908503515152	2578.8547724968607
Nigeria	LMIC	less_severe	427	2.593829417692029	2506.1395812276405
Nigeria	LMIC	less_severe	428	1.6069932160034144	2594.3262850561373
Nigeria	LMIC	less_severe	429	2.6679460759848777	2530.194001019894
Nigeria	LMIC	less_severe	430	1.7315232217612335	3083.3161673993523
Nigeria	LMIC	less_severe	431	1.078572548216064	2633.5534351715974
Nigeria	LMIC	less_severe	432	0.5973606632386455	2205.425831824581
Nigeria	LMIC	less_severe	433	1.658999441279799	2259.66500665446
Nigeria	LMIC	less_severe	434	1.5795400497962664	2395.0208244583227
Nigeria	LMIC	less_severe	435	0.835274401875731	2891.369556884065
Nigeria	LMIC	less_severe	436	0.06994816884241573	2640.823361277414
Nigeria	LMIC	less_severe	437	2.489401997486657	2499.8881421488622
Nigeria	LMIC	less_severe	438	2.0849562857218658	2845.717505467719
Nigeria	LMIC	less_severe	439	1.7574296263989249	2948.2644039555335
Nigeria	LMIC	less_severe	440	1.9722715661567811	2140.72669352434
Nigeria	LMIC	less_severe	441	2.268315847275028	2476.826363913443
Nigeria	LMIC	less_severe	442	1.8917982055539868	2705.1607991433675
Nigeria	LMIC	less_severe	443	0.8608921385734902	2915.4310725873115
Nigeria	LMIC	less_severe	444	2.3853116483809114	2638.725973916746
Nigeria	LMIC	less_severe	445	1.1587339676408446	2774.3400180467693
Nigeria	LMIC	less_severe	446	2.1798582267262825	2340.804959645116
Nigeria	LMIC	less_severe	447	2.8008824789296973	3239.23768201351
Nigeria	LMIC	less_severe	448	2.349201928753047	3235.3823729729756
Nigeria	LMIC	less_severe	449	1.7179097995431363	3255.268879964691
Nigeria	LMIC	less_severe	450	0.5017499658436888	2642.4985525386683
Nigeria	LMIC	less_severe	451	2.746904727883159	3033.4500319952076
Nigeria	LMIC	less_severe	452	2.5432671675198355	2892.2909055530117
Nigeria	LMIC	less_severe	453	1.652863704902722	2666.602240496724
Nigeria	LMIC	less_severe	454	3.3234903927194335	2465.5639921994198
Nigeria	LMIC	less_severe	455	2.4244758319760322	3122.535913378105
Nigeria	LMIC	less_severe	456	1.7633372321446288	2858.1315880681286
Nigeria	LMIC	less_severe	457	1.6289588179364598	2549.2745910694016
Nigeria	LMIC	less_severe	458	1.9765422480392019	2157.9444959143652
Nigeria	LMIC	less_severe	459	1.7515190908727218	2740.100054319118
Nigeria	LMIC	less_severe	460	0.8928621828985923	2457.163141317508
Nigeria	LMIC	less_severe	461	2.4820965646465467	2429.0649062191596
Nigeria	LMIC	less_severe	462	1.901640358095074	2480.103967376641
Nigeria	LMIC	less_severe	463	2.075934536068461	2746.698766040916
Nigeria	LMIC	less_severe	464	1.967005539414286	2257.6966783533417
Nigeria	LMIC	less_severe	465	2.47771937661322	3049.041415395617
Nigeria	LMIC	less_severe	466	2.227775844748721	2954.607658865685
Nigeria	LMIC	less_severe	467	1.8399941002612268	2907.15133044413
Nigeria	LMIC	less_severe	468	2.9273302376155534	2856.8407026364284
Nigeria	LMIC	less_severe	469	0.8153211538197329	2579.5895223145912
Nigeria	LMIC	less_severe	470	1.8494460536945159	2842.900698538697
Nigeria	LMIC	less_severe	471	1.6608359177780114	2875.8609932631434
Nigeria	LMIC	less_severe	472	1.1235385563018383	2576.6093321561293
Nigeria	LMIC	less_severe	473	0.7375324207424363	2559.510505081913
Nigeria	LMIC	less_severe	474	1.6462193382314565	2431.141300925914
Nigeria	LMIC	less_severe	475	2.2323460169178606	2848.2544641356308
Nigeria	LMIC	less_severe	476	1.1899033978394673	2973.983707920811
Nigeria	LMIC	less_severe	477	2.1145376719709237	3129.944380592448
Nigeria	LMIC	less_severe	478	1.8852219757997446	2853.054134573271
Nigeria	LMIC	less_severe	479	2.4721745422043817	2606.8613311564723
Nigeria	LMIC	less_severe	480	1.8828966772923934	2964.6418183836663
Nigeria	LMIC	less_severe	481	2.1375963721326414	2260.312508150616
Nigeria	LMIC	less_severe	482	2.550218843661102	2983.4097546170874
Nigeria	LMIC	less_severe	483	3.0433115316069266	2855.4590363480115
Nigeria	LMIC	less_severe	484	1.9958401465184332	2741.118753297599
Nigeria	LMIC	less_severe	485	2.0888807109793674	2005.4205819297601
Nigeria	LMIC	less_severe	486	1.7871754892014984	2668.43880346526
Nigeria	LMIC	less_severe	487	1.4115919378935384	2325.7559870354785
Nigeria	LMIC	less_severe	488	1.1742189897287503	2864.3811012657143
Nigeria	LMIC	less_severe	489	2.9913268255638137	2876.0223541984456
Nigeria	LMIC	less_severe	490	1.8338185130556877	2882.410973062884
Nigeria	LMIC	less_severe	491	1.6837426546061707	3068.8961220062856
Nigeria	LMIC	less_severe	492	2.305512909516038	3020.199472045349
Nigeria	LMIC	less_severe	493	0.5664535126194217	2478.7026188652476
Nigeria	LMIC	less_severe	494	0.820950856133865	2581.0505460824256
Nigeria	LMIC	less_severe	495	2.4805852459034776	2433.964936019243
Nigeria	LMIC	less_severe	496	2.869407365414192	2224.754160748624
Nigeria	LMIC	less_severe	497	2.5667126090880963	3301.422459513812
Nigeria	LMIC	less_severe	498	2.2931200145960027	3244.1171087387183
Nigeria	LMIC	less_severe	499	2.4230120344700987	2328.1270828674396
Nigeria	LMIC	less_severe	500	3.076206341189085	2694.7660649853337
Nigeria	LMIC	less_severe	501	1.0834566294071015	2895.8131252243525
Nigeria	LMIC	less_severe	502	0.5511594336764096	2633.871468424049
Nigeria	LMIC	less_severe	503	1.6594313392535085	2508.186033670766
Nigeria	LMIC	less_severe	504	2.5645379714542713	2410.4134769636344
Nigeria	LMIC	less_severe	505	0.8860228287220311	2826.918382096752
Nigeria	LMIC	less_severe	506	3.310198948587587	2829.464540838044
Nigeria	LMIC	less_severe	507	1.7451921608382888	2030.0684995489478
Nigeria	LMIC	less_severe	508	2.052655310748455	2757.947363624646
Nigeria	LMIC	less_severe	509	1.7590976222006578	2612.3923380306906
Nigeria	LMIC	less_severe	510	2.4179676551019664	2646.2590393358923
Nigeria	LMIC	less_severe	511	0.8706508287707608	2988.566648518434
Nigeria	LMIC	less_severe	512	1.5248256775832818	2581.131567571533
Nigeria	LMIC	less_severe	513	1.5302064728815141	2221.4322433547686
Nigeria	LMIC	less_severe	514	0.22779494532491285	2022.8328383192945
Nigeria	LMIC	less_severe	515	3.163687767380474	2740.836453006399
Nigeria	LMIC	less_severe	516	1.4449428146112506	2697.2852780869325
Nigeria	LMIC	less_severe	517	1.2701013209465453	3370.635321141271
Nigeria	LMIC	less_severe	518	2.050575538215007	2521.1297403379513
Nigeria	LMIC	less_severe	519	2.6371876298937114	3133.8107591625767
Nigeria	LMIC	less_severe	520	1.8873048146025768	2948.6268664471627
Nigeria	LMIC	less_severe	521	1.4546935345937646	2520.9896606537404
Nigeria	LMIC	less_severe	522	2.986488445510391	2568.771947273244
Nigeria	LMIC	less_severe	523	2.323293721342928	2771.4044272773394
Nigeria	LMIC	less_severe	524	2.250068234274388	2459.0621611391052
Nigeria	LMIC	less_severe	525	1.8053242802365164	2533.9130502912503
Nigeria	LMIC	less_severe	526	1.7200302985038238	2688.1426241693953
Nigeria	LMIC	less_severe	527	3.358261128631441	2522.7945401276984
Nigeria	LMIC	less_severe	528	2.699859355145601	2404.93290616006
Nigeria	LMIC	less_severe	529	2.0331781293014277	2379.4644010249676
Nigeria	LMIC	less_severe	530	2.5165886651849725	2623.893482862298
Nigeria	LMIC	less_severe	531	1.4003582938489165	2911.7075871361853
Nigeria	LMIC	less_severe	532	2.5543179141111594	3071.0773996402145
Nigeria	LMIC	less_severe	533	1.7177032812747344	2634.153097721145
Nigeria	LMIC	less_severe	534	2.8183557177727003	2905.710333837501
Nigeria	LMIC	less_severe	535	1.2603289630319487	3135.404139033418
Nigeria	LMIC	less_severe	536	3.1389219337365866	2347.4388719372937
Nigeria	LMIC	less_severe	537	2.674011239995046	2959.9871711063124
Nigeria	LMIC	less_severe	538	2.3439991878207502	2768.1714021510365
Nigeria	LMIC	less_severe	539	2.564557383852306	3343.7707169925507
Nigeria	LMIC	less_severe	540	1.0795444896028323	2676.090554025587
Nigeria	LMIC	less_severe	541	3.006386295235992	2928.1590138275287
Nigeria	LMIC	less_severe	542	2.4892211132751854	2710.5989251519786
Nigeria	LMIC	less_severe	543	2.2923535639623935	2407.290663003992
Nigeria	LMIC	less_severe	544	3.0212494928048557	3333.78083922643
Nigeria	LMIC	less_severe	545	0.9205173286354142	3029.398476494449
Nigeria	LMIC	less_severe	546	2.227869680033166	2691.9853675287704
Nigeria	LMIC	less_severe	547	0.8691661354877747	2610.3001071524077
Nigeria	LMIC	less_severe	548	2.1390634248488354	2782.1862197646474
Nigeria	LMIC	less_severe	549	2.07302157110409	2805.2840743856823
Nigeria	LMIC	less_severe	550	-0.013283807706146789	2606.5620239758564
Nigeria	LMIC	less_severe	551	2.009112100443258	2432.577754513188
Nigeria	LMIC	less_severe	552	0.46246384796078566	2803.840577248928
Nigeria	LMIC	less_severe	553	1.2451173007655214	2942.383893784171
Nigeria	LMIC	less_severe	554	0.5911466629071569	3300.1309805107103
Nigeria	LMIC	less_severe	555	1.6649351652486546	2987.80615997098
Nigeria	LMIC	less_severe	556	1.8475416902201989	2957.0807233522187
Nigeria	LMIC	less_severe	557	3.1425142582709498	3198.9586535567296
Nigeria	LMIC	less_severe	558	1.8110755221555968	2274.5026968390603
Nigeria	LMIC	less_severe	559	1.6948303275728716	3002.9470007012733
Nigeria	LMIC	less_severe	560	2.501147620898859	2731.4402827441363
Nigeria	LMIC	less_severe	561	0.8440082029347167	2958.15935170962
Nigeria	LMIC	less_severe	562	1.0844845285856355	2634.9815045747955
Nigeria	LMIC	less_severe	563	2.282150926425781	2755.958240662953
Nigeria	LMIC	less_severe	564	2.4501514712244363	3076.4185613990267
Nigeria	LMIC	less_severe	565	0.608966973387993	2593.2428072925086
Nigeria	LMIC	less_severe	566	2.4428708129153636	2505.3361904509393
Nigeria	LMIC	less_severe	567	2.7812414440930215	2164.0624478115456
Nigeria	LMIC	less_severe	568	1.0732428542516477	2979.487757022106
Nigeria	LMIC	less_severe	569	2.2057003127546304	2288.1071740784064
Nigeria	LMIC	less_severe	570	1.0137398475609203	2529.0798059968365
Nigeria	LMIC	less_severe	571	2.747545317358389	2678.5602940071067
Nigeria	LMIC	less_severe	572	1.3254424444323467	2744.2508370363794
Nigeria	LMIC	less_severe	573	3.037775142636826	3210.407680067159
Nigeria	LMIC	less_severe	574	2.338225614324143	3139.119287781897
Nigeria	LMIC	less_severe	575	2.6731516252673817	2443.7806259583813
Nigeria	LMIC	less_severe	576	1.1548133702103502	2651.205679753225
Nigeria	LMIC	less_severe	577	1.4545296485586388	3304.667539269851
Nigeria	LMIC	less_severe	578	2.2916042698307884	2436.0149781615173
Nigeria	LMIC	less_severe	579	2.2895694255269383	2304.7445317199517
Nigeria	LMIC	less_severe	580	1.8706662123593008	2912.4692146218545
Nigeria	LMIC	less_severe	581	0.6744318180563145	2837.0084005820972
Nigeria	LMIC	less_severe	582	1.460965410825243	2748.765854023264
Nigeria	LMIC	less_severe	583	1.7933269421446774	3087.361068313912
Nigeria	LMIC	less_severe	584	1.852448624182351	2250.0572394140017
Nigeria	LMIC	less_severe	585	0.6094574807804944	2447.0551488044075
Nigeria	LMIC	less_severe	586	2.738841884883306	2812.032548138839
Nigeria	LMIC	less_severe	587	1.931340674302172	2487.5714493359133
Nigeria	LMIC	less_severe	588	3.2534459854432223	2849.090585818204
Nigeria	LMIC	less_severe	589	1.7872649411353505	2706.251303555831
Nigeria	LMIC	less_severe	590	2.6594844050827104	3079.1503314208458
Nigeria	LMIC	less_severe	591	1.2392997714046725	2540.2119858868473
Nigeria	LMIC	less_severe	592	2.8381522818149474	3366.0237513771935
Nigeria	LMIC	less_severe	593	1.5435314169508283	3011.810627562292
Nigeria	LMIC	less_severe	594	1.7220040376134191	3108.393737018918
Nigeria	LMIC	less_severe	595	2.030398879340077	3254.3775932717404
Nigeria	LMIC	less_severe	596	2.6409891156031966	2286.0546720893735
Nigeria	LMIC	less_severe	597	1.7637302789396507	2778.536763708512
Nigeria	LMIC	less_severe	598	2.5213592419173425	2599.557769006304
Nigeria	LMIC	less_severe	599	2.2399261300694926	3020.5291153748167
Nigeria	LMIC	less_severe	600	1.2562809418706031	2701.94942091551
Nigeria	LMIC	less_severe	601	2.3525570177794686	2494.9298208141086
Nigeria	LMIC	less_severe	602	2.102721777778248	3140.1310929593333
Nigeria	LMIC	less_severe	603	1.757542375335511	2797.461912664753
Nigeria	LMIC	less_severe	604	2.1812054332992226	2971.3062773087377
Nigeria	LMIC	less_severe	605	2.209476139198544	2632.011401674298
Nigeria	LMIC	less_severe	606	1.4694086544552967	3031.6145717682293
Nigeria	LMIC	less_severe	607	1.7754964114199838	2707.885486490516
Nigeria	LMIC	less_severe	608	2.5774219856656533	2551.7091556746227
Nigeria	LMIC	less_severe	609	2.437442647449914	2576.6542556332993
Nigeria	LMIC	less_severe	610	2.2043215597206745	3232.569219718007
Nigeria	LMIC	less_severe	611	1.4153734276515486	2351.854079736235
Nigeria	LMIC	less_severe	612	1.7111879488203394	2844.1230948756547
Nigeria	LMIC	less_severe	613	2.427840234598273	2486.394571660769
Nigeria	LMIC	less_severe	614	2.3292792883664815	2880.0556096170876
Nigeria	LMIC	less_severe	615	1.5769418924071585	2535.458251044108
Nigeria	LMIC	less_severe	616	0.909098153684293	2887.5985714129456
Nigeria	LMIC	less_severe	617	1.5201650175883392	2762.1439872854307
Nigeria	LMIC	less_severe	618	1.9205481753498406	2455.478860668525
Nigeria	LMIC	less_severe	619	2.5334379312490585	2615.6436720784613
Nigeria	LMIC	less_severe	620	1.704673789244672	3107.465202678596
Nigeria	LMIC	less_severe	621	1.105162827800565	2624.9993450118386
Nigeria	LMIC	less_severe	622	2.837395151691404	2788.4336034939042
Nigeria	LMIC	less_severe	623	2.44918918094944	2866.704773280805
Nigeria	LMIC	less_severe	624	2.0210012391613628	3311.2613371017615
Nigeria	LMIC	less_severe	625	2.9015578625150704	2537.8433032593675
Nigeria	LMIC	less_severe	626	2.317415760911082	2530.4074721766883
Nigeria	LMIC	less_severe	627	2.90938733264018	3323.863211355493
Nigeria	LMIC	less_severe	628	1.136474811035506	2670.434238941796
Nigeria	LMIC	less_severe	629	2.2752247610866227	2432.330778056874
Nigeria	LMIC	less_severe	630	1.837450510502154	2226.4640151797453
Nigeria	LMIC	less_severe	631	2.6420899406699414	3007.663661768048
Nigeria	LMIC	less_severe	632	0.9334134297190291	2876.7329957752677
Nigeria	LMIC	less_severe	633	2.9707474271474954	2377.761097994966
Nigeria	LMIC	less_severe	634	1.343963005083146	2631.6278662390278
Nigeria	LMIC	less_severe	635	1.2262955465745744	2906.9215216242383
Nigeria	LMIC	less_severe	636	0.4747073365214973	3534.3337423291578
Nigeria	LMIC	less_severe	637	0.27105673675965924	3108.355036840208
Nigeria	LMIC	less_severe	638	0.05328399296367081	2839.142136067114
Nigeria	LMIC	less_severe	639	0.7944839187207222	2707.9138256671354
Nigeria	LMIC	less_severe	640	1.8309330319327604	2657.1987392568717
Nigeria	LMIC	less_severe	641	2.776908256084422	2834.9459393450215
Nigeria	LMIC	less_severe	642	0.49055408574545734	2528.949131022061
Nigeria	LMIC	less_severe	643	1.9228692534376997	2705.4427668676512
Nigeria	LMIC	less_severe	644	2.5063209685666727	2399.8613449868867
Nigeria	LMIC	less_severe	645	0.1632567361746302	2529.9857953336877
Nigeria	LMIC	less_severe	646	0.9594115777785337	2758.122895193894
Nigeria	LMIC	less_severe	647	2.570054872980439	2663.4699344654045
Nigeria	LMIC	less_severe	648	1.5167655256435815	2392.365042385907
Nigeria	LMIC	less_severe	649	1.1132126286021036	3010.28196590442
Nigeria	LMIC	less_severe	650	1.6350337125787933	3003.4476237555864
Nigeria	LMIC	less_severe	651	2.966578677542472	2668.7716370025655
Nigeria	LMIC	less_severe	652	1.2221692352898712	3217.566477663258
Nigeria	LMIC	less_severe	653	2.2578039871385505	2832.376682829129
Nigeria	LMIC	less_severe	654	1.648612092570775	2860.8794679387347
Nigeria	LMIC	less_severe	655	1.2246588665408913	2591.623150710948
Nigeria	LMIC	less_severe	656	2.5748548724735976	2894.6390076743437
Nigeria	LMIC	less_severe	657	2.447410587141805	2090.081930859608
Nigeria	LMIC	less_severe	658	2.654849706460987	2856.5070354032514
Nigeria	LMIC	less_severe	659	2.291638793473343	2529.543393469916
Nigeria	LMIC	less_severe	660	2.8252858464493276	2799.0568476444323
Nigeria	LMIC	less_severe	661	0.8058244679100399	2525.6760887039964
Nigeria	LMIC	less_severe	662	2.1612345189082847	3375.296652990005
Nigeria	LMIC	less_severe	663	1.7651124341100752	2939.175904864632
Nigeria	LMIC	less_severe	664	2.054944623688149	3012.0026260374834
Nigeria	LMIC	less_severe	665	2.2823705879081233	2861.174908781755
Nigeria	LMIC	less_severe	666	1.4462866049496608	2661.2316070044585
Nigeria	LMIC	less_severe	667	2.0386202598356142	2476.1189649607486
Nigeria	LMIC	less_severe	668	2.729636123064479	2591.740380515738
Nigeria	LMIC	less_severe	669	2.4367377194214264	2943.715901706293
Nigeria	LMIC	less_severe	670	0.05100999621487645	2848.579536622434
Nigeria	LMIC	less_severe	671	2.483893811935812	2866.223012940739
Nigeria	LMIC	less_severe	672	0.7011043083660571	2992.71105874719
Nigeria	LMIC	less_severe	673	2.534367055398537	2197.490559297468
Nigeria	LMIC	less_severe	674	2.6968770783609965	2931.7750611696597
Nigeria	LMIC	less_severe	675	1.0438252252749622	2427.0449378357416
Nigeria	LMIC	less_severe	676	2.1613028438822575	2426.4867712546543
Nigeria	LMIC	less_severe	677	2.0812337943239836	3049.0588926750484
Nigeria	LMIC	less_severe	678	2.0687384045406745	2694.9907513712155
Nigeria	LMIC	less_severe	679	2.2860140025942925	2729.5535394137023
Nigeria	LMIC	less_severe	680	3.2263049496653284	2858.40423049728
Nigeria	LMIC	less_severe	681	1.0936352633892845	2753.619394260677
Nigeria	LMIC	less_severe	682	2.024131183876041	2925.2084420688143
Nigeria	LMIC	less_severe	683	1.8953467259693024	2605.252634745938
Nigeria	LMIC	less_severe	684	0.938561299200293	2891.7195196769126
Nigeria	LMIC	less_severe	685	2.0279109783868154	2497.5947339151826
Nigeria	LMIC	less_severe	686	0.5056000044996942	2775.624346658089
Nigeria	LMIC	less_severe	687	1.6391110774481668	3476.834941187958
Nigeria	LMIC	less_severe	688	2.2825467499735126	2967.3973290383333
Nigeria	LMIC	less_severe	689	0.25899637570531997	2816.7708789415883
Nigeria	LMIC	less_severe	690	2.733386255602266	2215.123255828199
Nigeria	LMIC	less_severe	691	2.1148868963712575	2945.1002160000767
Nigeria	LMIC	less_severe	692	2.693891323372344	2164.893334903094
Nigeria	LMIC	less_severe	693	2.2843830116540795	2393.9739483942453
Nigeria	LMIC	less_severe	694	3.0651315315805423	3015.448405912909
Nigeria	LMIC	less_severe	695	3.1760587425791194	3090.7959425294466
Nigeria	LMIC	less_severe	696	2.3922792258576813	2442.2951197443526
Nigeria	LMIC	less_severe	697	1.913793692392093	3414.3153805248994
Nigeria	LMIC	less_severe	698	0.4364610967680873	2795.098075683539
Nigeria	LMIC	less_severe	699	2.922233316435052	2934.4016361991594
Nigeria	LMIC	less_severe	700	2.3630781287002964	2772.458034015119
Nigeria	LMIC	less_severe	701	0.9279353445567899	2976.3093585219412
Nigeria	LMIC	less_severe	702	2.34136384723051	2721.8737077245933
Nigeria	LMIC	less_severe	703	0.8599797021797144	2304.4495463318203
Nigeria	LMIC	less_severe	704	3.0354852897366618	2693.0800177908964
Nigeria	LMIC	less_severe	705	1.414837958658727	2753.8186348240224
Nigeria	LMIC	less_severe	706	1.672908471298677	2750.567813813199
Nigeria	LMIC	less_severe	707	3.419930891468386	2921.1182707695075
Nigeria	LMIC	less_severe	708	2.595060864658336	3162.3098503304113
Nigeria	LMIC	less_severe	709	1.7825587778355292	2486.5844880194295
Nigeria	LMIC	less_severe	710	1.5883127470556477	2668.448534354821
Nigeria	LMIC	less_severe	711	2.648143953482246	2635.71462543133
Nigeria	LMIC	less_severe	712	1.83360480852512	2810.8331005590408
Nigeria	LMIC	less_severe	713	1.5231905406839026	2319.166081207825
Nigeria	LMIC	less_severe	714	2.4241171317977113	2222.4328434550443
Nigeria	LMIC	less_severe	715	0.03500356688026418	2477.4005793475126
Nigeria	LMIC	less_severe	716	1.5330679717786184	3237.9257882833917
Nigeria	LMIC	less_severe	717	2.0614679780533667	2627.196256780949
Nigeria	LMIC	less_severe	718	2.0525186119547767	3193.3355799609794
Nigeria	LMIC	less_severe	719	2.2071869663021912	2475.5007631527483
Nigeria	LMIC	less_severe	720	2.1039476994430117	2576.9276079854926
Nigeria	LMIC	less_severe	721	1.1121450089490867	2722.2020082523222
Nigeria	LMIC	less_severe	722	1.529174924808391	3023.6058845440252
Nigeria	LMIC	less_severe	723	2.301455111121319	2737.69721240253
Nigeria	LMIC	less_severe	724	2.9511077552921803	3284.1049328574495
Nigeria	LMIC	less_severe	725	0.9720186864145317	2754.2074056727506
Nigeria	LMIC	less_severe	726	1.5377503522082847	2694.1782709637528
Nigeria	LMIC	less_severe	727	2.115660910663192	3040.4568929189063
Nigeria	LMIC	less_severe	728	1.347375206657457	2531.7395353264005
Nigeria	LMIC	less_severe	729	2.1053061600967107	2783.700321574651
Nigeria	LMIC	less_severe	730	2.064548625143959	3129.9481392586067
Nigeria	LMIC	less_severe	731	2.681213625253335	2923.139569553746
Nigeria	LMIC	less_severe	732	2.524741714620874	3121.5389647812967
Nigeria	LMIC	less_severe	733	1.8645087852005515	2904.0835105688047
Nigeria	LMIC	less_severe	734	2.1770010415745027	3018.9508320373025
Nigeria	LMIC	less_severe	735	1.5925232211367826	3230.2787906810413
Nigeria	LMIC	less_severe	736	1.4237030838023026	3080.7518300342936
Nigeria	LMIC	less_severe	737	2.2048559901030114	2624.636824074346
Nigeria	LMIC	less_severe	738	0.7666086330989339	2991.7680468518624
Nigeria	LMIC	less_severe	739	2.468640642009519	2543.6231228982624
Nigeria	LMIC	less_severe	740	1.026792291226335	2939.6634201047273
Nigeria	LMIC	less_severe	741	2.949012631569329	2630.130035715135
Nigeria	LMIC	less_severe	742	2.607727364349431	3115.8264686453613
Nigeria	LMIC	less_severe	743	0.3219747026809019	2876.1436041810475
Nigeria	LMIC	less_severe	744	2.6103834500216543	2610.433347350944
Nigeria	LMIC	less_severe	745	1.2565395313703513	2873.967888421516
Nigeria	LMIC	less_severe	746	1.2672278805350627	2859.7042908724607
Nigeria	LMIC	less_severe	747	1.1528086945542988	3360.9947648804136
Nigeria	LMIC	less_severe	748	1.6428097950276221	2334.2561857596957
Nigeria	LMIC	less_severe	749	2.701652995489117	2536.9503558284637
Nigeria	LMIC	less_severe	750	2.3763753938710925	3228.254128221133
Nigeria	LMIC	less_severe	751	1.6798640060795318	3161.455384294076
Nigeria	LMIC	less_severe	752	2.9292851809176357	3331.17964440371
Nigeria	LMIC	less_severe	753	2.437859522161082	2942.4190126313856
Nigeria	LMIC	less_severe	754	2.624334732254005	2674.206772175514
Nigeria	LMIC	less_severe	755	2.5476426893961017	3691.798558245606
Nigeria	LMIC	less_severe	756	1.163225533844761	2930.390468377953
Nigeria	LMIC	less_severe	757	0.6094630098891338	3000.009158661641
Nigeria	LMIC	less_severe	758	2.097210971704876	2448.274936725449
Nigeria	LMIC	less_severe	759	1.9198315063471565	2833.4287109699335
Nigeria	LMIC	less_severe	760	2.6552713546492157	2850.946762079321
Nigeria	LMIC	less_severe	761	3.07187574540953	2383.5596523822246
Nigeria	LMIC	less_severe	762	2.923675815154761	2618.7646140883385
Nigeria	LMIC	less_severe	763	1.3409659786727657	2501.3299591072673
Nigeria	LMIC	less_severe	764	1.8769816941785544	2827.7585649447674
Nigeria	LMIC	less_severe	765	1.7275716730174153	2706.4387847522185
Nigeria	LMIC	less_severe	766	2.7720117902299757	2997.1716439728893
Nigeria	LMIC	less_severe	767	0.5300093949445728	2931.9310242282772
Nigeria	LMIC	less_severe	768	2.0074032846289933	2754.507699147227
Nigeria	LMIC	less_severe	769	2.300954002457231	2706.2204231014675
Nigeria	LMIC	less_severe	770	0.4538682338577056	3393.868302367112
Nigeria	LMIC	less_severe	771	1.9144517560858718	2450.1344222232415
Nigeria	LMIC	less_severe	772	2.0416455539799037	2464.2036485429962
Nigeria	LMIC	less_severe	773	2.984993027059345	3471.2036042333766
Nigeria	LMIC	less_severe	774	1.3379855938071508	2420.411082558644
Nigeria	LMIC	less_severe	775	1.6972170143422884	2804.2566724554304
Nigeria	LMIC	less_severe	776	2.2969436534207492	2940.5928569817893
Nigeria	LMIC	less_severe	777	1.7734014670668898	2425.8231588746544
Nigeria	LMIC	less_severe	778	2.2786223201141036	2915.1088777286936
Nigeria	LMIC	less_severe	779	1.8720706360325536	2813.2588373203967
Nigeria	LMIC	less_severe	780	1.7686431703510888	2989.072690413245
Nigeria	LMIC	less_severe	781	0.557156199619917	2553.2212456488082
Nigeria	LMIC	less_severe	782	2.0215619737890274	2803.0051575062244
Nigeria	LMIC	less_severe	783	2.1821831720294504	2989.5888673891013
Nigeria	LMIC	less_severe	784	2.210510819636988	3006.021062847617
Nigeria	LMIC	less_severe	785	2.366426535525706	3240.9526327629355
Nigeria	LMIC	less_severe	786	0.2425975271656835	2416.4038241323087
Nigeria	LMIC	less_severe	787	0.5360141867484565	2803.7614476104513
Nigeria	LMIC	less_severe	788	1.9367038382053208	2446.528040355729
Nigeria	LMIC	less_severe	789	1.044181139047109	2685.579781383402
Nigeria	LMIC	less_severe	790	1.5363604164339382	2888.502773851158
Nigeria	LMIC	less_severe	791	2.061558918602099	2264.08225051748
Nigeria	LMIC	less_severe	792	1.159094263455568	2579.6905343279805
Nigeria	LMIC	less_severe	793	2.667986605785707	2935.224381475733
Nigeria	LMIC	less_severe	794	1.9642732276951769	2499.0295393829874
Nigeria	LMIC	less_severe	795	2.0677464412539655	2269.4824656000073
Nigeria	LMIC	less_severe	796	1.1824517153035687	2869.122506404787
Nigeria	LMIC	less_severe	797	1.8800999079029204	2999.921465274667
Nigeria	LMIC	less_severe	798	1.8607337792315564	3307.588989866432
Nigeria	LMIC	less_severe	799	1.8735273413501652	2564.6640409539723
Nigeria	LMIC	less_severe	800	1.5008739568652985	2150.934590084057
Nigeria	LMIC	less_severe	801	2.4655954513701417	2696.7042778515606
Nigeria	LMIC	less_severe	802	1.6357102327527366	3316.2080341819737
Nigeria	LMIC	less_severe	803	1.0900168442649552	2599.974771661372
Nigeria	LMIC	less_severe	804	0.9083692455060044	3293.758326864643
Nigeria	LMIC	less_severe	805	2.4835017153548584	2560.1931570137003
Nigeria	LMIC	less_severe	806	1.0671536040314615	2085.408325623472
Nigeria	LMIC	less_severe	807	1.9375371192863664	2747.5023694580145
Nigeria	LMIC	less_severe	808	2.297712592956975	2701.362080333734
Nigeria	LMIC	less_severe	809	1.9756094828246242	2988.532199163638
Nigeria	LMIC	less_severe	810	1.3326362894200514	2980.0367680631725
Nigeria	LMIC	less_severe	811	2.0288819174553687	3125.97871491945
Nigeria	LMIC	less_severe	812	2.754033124080907	2514.2914398786224
Nigeria	LMIC	less_severe	813	2.6801272793721003	3183.977669002231
Nigeria	LMIC	less_severe	814	2.616929751218499	2759.557947331858
Nigeria	LMIC	less_severe	815	3.1697011472130834	2623.1703302298274
Nigeria	LMIC	less_severe	816	2.3293641613435794	2435.601072423071
Nigeria	LMIC	less_severe	817	2.957473496696922	2811.3903254725083
Nigeria	LMIC	less_severe	818	2.313078283344992	2862.437877498708
Nigeria	LMIC	less_severe	819	2.18743577576278	2466.4600539373105
Nigeria	LMIC	less_severe	820	1.9632082898966612	2557.2059011035426
Nigeria	LMIC	less_severe	821	3.1203146790890584	2454.562945257412
Nigeria	LMIC	less_severe	822	0.4238183000482465	2688.544689948511
Nigeria	LMIC	less_severe	823	2.1634808750206407	3075.6164364212564
Nigeria	LMIC	less_severe	824	0.52486705345855	2855.215498364356
Nigeria	LMIC	less_severe	825	2.6841319582329026	2332.32748801297
Nigeria	LMIC	less_severe	826	2.4556521055955045	3379.8156305071916
Nigeria	LMIC	less_severe	827	2.781350266793277	2631.9299488005613
Nigeria	LMIC	less_severe	828	1.7339229779627399	2720.4501418750942
Nigeria	LMIC	less_severe	829	2.6211895344567306	2632.6537650564815
Nigeria	LMIC	less_severe	830	1.9538734089467757	2634.014299307971
Nigeria	LMIC	less_severe	831	2.311642030532629	2776.4773548409003
Nigeria	LMIC	less_severe	832	2.414424320510582	2836.726139729703
Nigeria	LMIC	less_severe	833	2.098306961639177	2819.024375551006
Nigeria	LMIC	less_severe	834	1.2390255049249967	2893.880804249263
Nigeria	LMIC	less_severe	835	0.6460501239307428	2987.974929679999
Nigeria	LMIC	less_severe	836	2.0096496975845124	2630.3210423819255
Nigeria	LMIC	less_severe	837	2.170366532821177	2329.611408143685
Nigeria	LMIC	less_severe	838	1.3828419127490292	2269.436993495272
Nigeria	LMIC	less_severe	839	1.5377158542637197	2815.528565676652
Nigeria	LMIC	less_severe	840	1.4038158789602564	3132.4031025167037
Nigeria	LMIC	less_severe	841	1.1764318826361624	3109.8448328166915
Nigeria	LMIC	less_severe	842	1.4162480335420424	3295.219157841533
Nigeria	LMIC	less_severe	843	1.2244046735698717	3110.7645450085724
Nigeria	LMIC	less_severe	844	2.0727119263826754	3121.3610390213926
Nigeria	LMIC	less_severe	845	1.2320206186793845	3199.0146904073586
Nigeria	LMIC	less_severe	846	1.9553498762134796	2563.921165527301
Nigeria	LMIC	less_severe	847	1.461983119064099	3201.682579226616
Nigeria	LMIC	less_severe	848	2.055717024476019	2735.6128375795233
Nigeria	LMIC	less_severe	849	2.5287903840661548	2280.952749235781
Nigeria	LMIC	less_severe	850	2.041503339182672	2728.8461699781324
Nigeria	LMIC	less_severe	851	1.643470575052441	3234.773337170527
Nigeria	LMIC	less_severe	852	2.8117284538205514	3033.060006627884
Nigeria	LMIC	less_severe	853	0.7473948106648454	3250.374956618892
Nigeria	LMIC	less_severe	854	0.5241062406166881	2653.3059655147413
Nigeria	LMIC	less_severe	855	0.8965280635227746	2522.404221236173
Nigeria	LMIC	less_severe	856	1.661154147939512	3054.0078545153597
Nigeria	LMIC	less_severe	857	2.167266876960241	2353.9727749722415
Nigeria	LMIC	less_severe	858	2.4466256824124386	2820.8560304147063
Nigeria	LMIC	less_severe	859	1.7469557116355166	3097.345430119406
Nigeria	LMIC	less_severe	860	2.2658601870075517	2868.895664361532
Nigeria	LMIC	less_severe	861	2.278005858715196	3315.9988689419147
Nigeria	LMIC	less_severe	862	1.8472303773871586	2674.289375952246
Nigeria	LMIC	less_severe	863	1.3217135985483788	3320.6415121997925
Nigeria	LMIC	less_severe	864	2.0739401265604815	2878.3371704053193
Nigeria	LMIC	less_severe	865	3.259446552351964	3131.937644565483
Nigeria	LMIC	less_severe	866	3.128012426867504	2947.102277362823
Nigeria	LMIC	less_severe	867	2.173702524515866	2618.6035205798985
Nigeria	LMIC	less_severe	868	2.2248843501099183	2654.1270110868745
Nigeria	LMIC	less_severe	869	2.086418453914799	3016.943615129807
Nigeria	LMIC	less_severe	870	0.47704343430340757	2593.343070697789
Nigeria	LMIC	less_severe	871	2.193487464709566	2176.5931224265923
Nigeria	LMIC	less_severe	872	1.2161216389652267	2615.097485851712
Nigeria	LMIC	less_severe	873	2.315157433542435	2471.045415545301
Nigeria	LMIC	less_severe	874	1.4071074353698494	2893.379285290454
Nigeria	LMIC	less_severe	875	1.8725784487906907	2164.104572309687
Nigeria	LMIC	less_severe	876	2.4201414055781454	2930.795630600411
Nigeria	LMIC	less_severe	877	1.4908768859972996	2450.052052064075
Nigeria	LMIC	less_severe	878	2.5698854082363765	3191.5164224848527
Nigeria	LMIC	less_severe	879	1.3133961558988343	2664.6562075158213
Nigeria	LMIC	less_severe	880	2.274346188340105	3144.579080544517
Nigeria	LMIC	less_severe	881	1.0638656119646406	2965.26224270425
Nigeria	LMIC	less_severe	882	1.2007684060717674	2716.0468257429848
Nigeria	LMIC	less_severe	883	2.873294419909139	3066.0280702762693
Nigeria	LMIC	less_severe	884	2.0132213835937467	2835.621070223938
Nigeria	LMIC	less_severe	885	2.6370661047140187	2935.7269609459963
Nigeria	LMIC	less_severe	886	2.803685522248556	3333.429133589134
Nigeria	LMIC	less_severe	887	3.243469626187185	2465.0067404226074
Nigeria	LMIC	less_severe	888	0.6158779144641207	2611.1328643065995
Nigeria	LMIC	less_severe	889	1.6371532509405782	3149.443439478123
Nigeria	LMIC	less_severe	890	2.132787190071433	3567.6653038034565
Nigeria	LMIC	less_severe	891	0.9682902372282962	2594.50081868169
Nigeria	LMIC	less_severe	892	2.9702456240886104	2687.1719876888037
Nigeria	LMIC	less_severe	893	1.1579380176099896	3255.5019401310847
Nigeria	LMIC	less_severe	894	1.4851029654891903	2430.237226782545
Nigeria	LMIC	less_severe	895	1.9393017528390422	3173.9677287549753
Nigeria	LMIC	less_severe	896	2.6412316930646105	2943.257132316091
Nigeria	LMIC	less_severe	897	1.9180974050665185	3469.7705138422407
Nigeria	LMIC	less_severe	898	1.6643697053889204	2639.0998686127346
Nigeria	LMIC	less_severe	899	1.2159322379977455	3241.784505493495
Nigeria	LMIC	less_severe	900	2.9550311585446565	2004.237593730476
Nigeria	LMIC	less_severe	901	0.39978380093824306	2275.067778237814
Nigeria	LMIC	less_severe	902	2.117696279092047	2914.367785313055
Nigeria	LMIC	less_severe	903	2.792278072735945	2558.063109713723
Nigeria	LMIC	less_severe	904	1.2107016822889012	2495.9314827313683
Nigeria	LMIC	less_severe	905	2.95099834896563	2413.6714457854014
Nigeria	LMIC	less_severe	906	2.5426286006718053	3293.622725483249
Nigeria	LMIC	less_severe	907	1.1851761107222796	2789.130205128536
Nigeria	LMIC	less_severe	908	1.8773673089091005	2815.901022832424
Nigeria	LMIC	less_severe	909	2.7523209662209265	2475.1438390354133
Nigeria	LMIC	less_severe	910	2.663642949370967	2694.806118865608
Nigeria	LMIC	less_severe	911	1.4224992399716072	3108.621536913095
Nigeria	LMIC	less_severe	912	1.3506758880302927	3068.209948976291
Nigeria	LMIC	less_severe	913	1.9943437531440091	2783.606484081967
Nigeria	LMIC	less_severe	914	2.620772017164354	2900.7619919633066
Nigeria	LMIC	less_severe	915	2.4132602308513373	2372.5490806631933
Nigeria	LMIC	less_severe	916	1.4124961098859297	2899.5833195276928
Nigeria	LMIC	less_severe	917	2.019735165169112	2651.945747119581
Nigeria	LMIC	less_severe	918	0.5830115255083195	2940.346414228161
Nigeria	LMIC	less_severe	919	1.5911173920861357	2936.354393255215
Nigeria	LMIC	less_severe	920	0.9985060402188717	2823.3365815728557
Nigeria	LMIC	less_severe	921	2.499255061291551	2846.541459144054
Nigeria	LMIC	less_severe	922	1.4071992959490887	3298.5550479079075
Nigeria	LMIC	less_severe	923	2.2350735619286812	3050.4250759878005
Nigeria	LMIC	less_severe	924	1.8699174100121532	3127.8838454649394
Nigeria	LMIC	less_severe	925	2.136056125315087	2817.536467040986
Nigeria	LMIC	less_severe	926	1.5213174864796208	3238.1765777232276
Nigeria	LMIC	less_severe	927	1.6895736315836736	2887.718528069821
Nigeria	LMIC	less_severe	928	1.3987384419510924	2920.9523995825534
Nigeria	LMIC	less_severe	929	1.4020264741077515	2951.2189845501734
Nigeria	LMIC	less_severe	930	1.2601750574812822	3065.1821642558516
Nigeria	LMIC	less_severe	931	1.150203413547656	2502.3423573310447
Nigeria	LMIC	less_severe	932	-0.2198996960999633	2105.626067907539
Nigeria	LMIC	less_severe	933	2.2961556383585027	2590.4974153994795
Nigeria	LMIC	less_severe	934	2.294076466948667	2462.4641795218504
Nigeria	LMIC	less_severe	935	2.1072356528395053	2968.8569427917373
Nigeria	LMIC	less_severe	936	0.38804768216754226	2555.268718301146
Nigeria	LMIC	less_severe	937	1.6382900857892784	2251.6386905150175
Nigeria	LMIC	less_severe	938	2.448642712290451	2898.532873848881
Nigeria	LMIC	less_severe	939	1.2918356356506786	2837.3413813656757
Nigeria	LMIC	less_severe	940	2.8833601212582485	2952.348285121445
Nigeria	LMIC	less_severe	941	2.339126290670813	2974.6166503574273
Nigeria	LMIC	less_severe	942	0.8772877158614945	2339.2671077824784
Nigeria	LMIC	less_severe	943	2.138432928383721	2263.500993560624
Nigeria	LMIC	less_severe	944	2.139840759127578	2883.9243621657724
Nigeria	LMIC	less_severe	945	2.242901416553896	2416.055065134138
Nigeria	LMIC	less_severe	946	2.365423073591149	3089.1617883897043
Nigeria	LMIC	less_severe	947	2.311009952113255	3051.220022908256
Nigeria	LMIC	less_severe	948	1.579754522011517	3074.7775678397193
Nigeria	LMIC	less_severe	949	1.9367578331131234	3292.820780159332
Nigeria	LMIC	less_severe	950	2.8243305439490953	2883.2326771659464
Nigeria	LMIC	less_severe	951	2.062206883456226	3333.519289104126
Nigeria	LMIC	less_severe	952	2.6012784899441943	3067.611346950349
Nigeria	LMIC	less_severe	953	1.0289575997714593	3020.9053955999516
Nigeria	LMIC	less_severe	954	2.0511150509525535	3044.6463801003674
Nigeria	LMIC	less_severe	955	0.9965516771570462	3034.610182902271
Nigeria	LMIC	less_severe	956	1.9829136498535442	3015.450049289989
Nigeria	LMIC	less_severe	957	2.8885178441016794	2721.2280255307905
Nigeria	LMIC	less_severe	958	1.4270562535106803	2800.627590884995
Nigeria	LMIC	less_severe	959	2.052476539067867	3021.8021823922663
Nigeria	LMIC	less_severe	960	2.4205488262891004	2740.725814341591
Nigeria	LMIC	less_severe	961	2.7736519324392717	3393.624291108232
Nigeria	LMIC	less_severe	962	0.5752142602575523	2650.1457478117763
Nigeria	LMIC	less_severe	963	1.829333884487907	2822.982584062611
Nigeria	LMIC	less_severe	964	2.013138950464933	2932.482239354036
Nigeria	LMIC	less_severe	965	0.9849367840243906	2501.503352038185
Nigeria	LMIC	less_severe	966	1.350252731905588	2521.221509736355
Nigeria	LMIC	less_severe	967	0.6197959608016506	2924.794364253093
Nigeria	LMIC	less_severe	968	1.6597521026502218	2417.1593795248123
Nigeria	LMIC	less_severe	969	1.4529621178335885	2267.396216244268
Nigeria	LMIC	less_severe	970	3.049453096982951	3242.813875106296
Nigeria	LMIC	less_severe	971	1.7919869982666148	2915.399477288037
Nigeria	LMIC	less_severe	972	1.2143481553957303	2704.1106033976384
Nigeria	LMIC	less_severe	973	1.9254468621829783	2938.633877962034
Nigeria	LMIC	less_severe	974	2.9240861571662187	2630.5001898024157
Nigeria	LMIC	less_severe	975	1.8141566053606635	2735.328078796113
Nigeria	LMIC	less_severe	976	2.153629165764041	2372.374004409697
Nigeria	LMIC	less_severe	977	3.840142407248144	2388.186963156606
Nigeria	LMIC	less_severe	978	0.9610031815417601	2923.480822728264
Nigeria	LMIC	less_severe	979	2.1161223645076106	2900.4151962410288
Nigeria	LMIC	less_severe	980	0.9679934002403332	2988.6420231885927
Nigeria	LMIC	less_severe	981	1.560524819181845	3149.331994747755
Nigeria	LMIC	less_severe	982	1.3525453755230767	3243.6452802573963
Nigeria	LMIC	less_severe	983	2.0290084855050843	3210.978806714802
Nigeria	LMIC	less_severe	984	2.258071080932713	2622.100609006188
Nigeria	LMIC	less_severe	985	1.6219393477375919	2432.762213223641
Nigeria	LMIC	less_severe	986	0.5548186345737864	2701.5173378818517
Nigeria	LMIC	less_severe	987	2.1979235979926433	2864.8923349502525
Nigeria	LMIC	less_severe	988	1.4281047669974631	2972.4876625316083
Nigeria	LMIC	less_severe	989	1.3516586827795756	3039.35327833089
Nigeria	LMIC	less_severe	990	1.9333126158421559	3102.577276574405
Nigeria	LMIC	less_severe	991	2.4030312368090305	2551.867760044256
Nigeria	LMIC	less_severe	992	0.1967874703381911	3058.2338042905144
Nigeria	LMIC	less_severe	993	1.3985716751440744	2721.5454432380075
Nigeria	LMIC	less_severe	994	1.8448021484587498	2083.033253434398
Nigeria	LMIC	less_severe	995	2.2964923796847962	3122.6493060065504
Nigeria	LMIC	less_severe	996	2.8457472710657514	3181.2496725388623
Nigeria	LMIC	less_severe	997	1.1766941680260494	3163.647074416729
Nigeria	LMIC	less_severe	998	2.291982147425064	3338.513897727915
Nigeria	LMIC	less_severe	999	1.873634997446704	3292.090512439572
Nigeria	LMIC	less_severe	1000	1.5421147384880003	2607.673003369608
Nigeria	LMIC	severe	1	1.784789935098595	2854.7345980471805
Nigeria	LMIC	severe	2	3.571577294778649	3035.0872601310857
Nigeria	LMIC	severe	3	3.143948450575075	2771.8729044759493
Nigeria	LMIC	severe	4	3.5140513524155415	2733.0040282263167
Nigeria	LMIC	severe	5	3.89674848110106	2357.5869563421443
Nigeria	LMIC	severe	6	1.3755060834720236	3225.0005186219037
Nigeria	LMIC	severe	7	4.341743831393653	3058.3337386533212
Nigeria	LMIC	severe	8	3.6462577406519765	2077.734535370557
Nigeria	LMIC	severe	9	3.3791753668776714	2407.3845715798307
Nigeria	LMIC	severe	10	2.816450466809086	2328.4022368207843
Nigeria	LMIC	severe	11	2.2102683947230206	2024.586223566713
Nigeria	LMIC	severe	12	1.709724053653031	2864.800795890893
Nigeria	LMIC	severe	13	2.885679718194692	2558.559598805329
Nigeria	LMIC	severe	14	3.267117190811158	2941.655992619265
Nigeria	LMIC	severe	15	1.9774316590123995	3276.759137190171
Nigeria	LMIC	severe	16	1.9986499515190932	2723.7231820433813
Nigeria	LMIC	severe	17	3.777780850901861	2631.5275675649054
Nigeria	LMIC	severe	18	4.243335948364805	2602.6535946693875
Nigeria	LMIC	severe	19	3.127956759492541	3051.850857073997
Nigeria	LMIC	severe	20	2.336741956119279	2997.521500278661
Nigeria	LMIC	severe	21	2.9923680767336265	1940.1407221957402
Nigeria	LMIC	severe	22	1.574100934979766	2706.4009283024607
Nigeria	LMIC	severe	23	2.3618379812461	2977.955019499649
Nigeria	LMIC	severe	24	1.3833673939178128	2812.3830007525066
Nigeria	LMIC	severe	25	3.122144339213035	2515.2663354611013
Nigeria	LMIC	severe	26	3.691833928153219	2764.261138326532
Nigeria	LMIC	severe	27	2.342654204243831	2889.0007391702056
Nigeria	LMIC	severe	28	3.37890108908811	3040.434379376199
Nigeria	LMIC	severe	29	1.8111966676129203	3125.704587421029
Nigeria	LMIC	severe	30	4.556484806661932	2716.7514983040805
Nigeria	LMIC	severe	31	1.918364536114205	2234.165122403432
Nigeria	LMIC	severe	32	2.433725369573649	3028.399069315129
Nigeria	LMIC	severe	33	3.008336996038877	2900.7093437582243
Nigeria	LMIC	severe	34	4.161404392892999	3129.5081298737873
Nigeria	LMIC	severe	35	1.9449509928106377	2847.8781074697004
Nigeria	LMIC	severe	36	2.484002840900464	3116.9894473193635
Nigeria	LMIC	severe	37	1.561776645452575	2877.1944552581376
Nigeria	LMIC	severe	38	3.8961987064485566	2728.565163288723
Nigeria	LMIC	severe	39	2.757874763957073	3250.06667301119
Nigeria	LMIC	severe	40	3.7564393884081158	3285.7288692735524
Nigeria	LMIC	severe	41	3.7252638258264987	2149.867499496244
Nigeria	LMIC	severe	42	3.1482819584285346	2655.7026655822738
Nigeria	LMIC	severe	43	4.023128467397932	3034.9611960232032
Nigeria	LMIC	severe	44	3.416373125966275	2996.451962590344
Nigeria	LMIC	severe	45	1.2909447939508905	2698.6549827430927
Nigeria	LMIC	severe	46	2.420620045515145	2777.271854842893
Nigeria	LMIC	severe	47	4.024583736234872	2466.419070512837
Nigeria	LMIC	severe	48	1.7936785085734064	2424.4445028437685
Nigeria	LMIC	severe	49	3.0324689950635424	2496.2489817036276
Nigeria	LMIC	severe	50	2.1284029835711635	3128.7752329531268
Nigeria	LMIC	severe	51	2.271286434167198	2568.424287707273
Nigeria	LMIC	severe	52	3.806166290613996	2618.396652888201
Nigeria	LMIC	severe	53	2.9629735294972956	2188.5712922331004
Nigeria	LMIC	severe	54	2.010147370506979	2731.7961875071214
Nigeria	LMIC	severe	55	1.4289796784761766	2937.859429834589
Nigeria	LMIC	severe	56	2.188400944275034	2980.38267477837
Nigeria	LMIC	severe	57	1.8165109616223605	2432.6592150916804
Nigeria	LMIC	severe	58	2.2014114162555565	2890.4509095699605
Nigeria	LMIC	severe	59	3.2679484693185197	2717.8027344234333
Nigeria	LMIC	severe	60	3.1690264357970053	3283.539034735145
Nigeria	LMIC	severe	61	2.5249953759767605	2560.1956017315383
Nigeria	LMIC	severe	62	3.0988669356701717	3380.4421704132787
Nigeria	LMIC	severe	63	2.0869539653749225	3004.2412503170262
Nigeria	LMIC	severe	64	2.9544725237312113	2585.4498178544995
Nigeria	LMIC	severe	65	2.6338607162950343	3318.22248885761
Nigeria	LMIC	severe	66	1.7933426641780024	2147.5833922796837
Nigeria	LMIC	severe	67	3.106252896792504	3043.7000461260504
Nigeria	LMIC	severe	68	2.182976304783508	3169.348459493457
Nigeria	LMIC	severe	69	2.307635934427731	3192.6631018037083
Nigeria	LMIC	severe	70	1.7292476872839213	2797.763248538968
Nigeria	LMIC	severe	71	0.6316446467055599	2374.9429523118524
Nigeria	LMIC	severe	72	3.9663060909924424	2564.8819473889653
Nigeria	LMIC	severe	73	3.2012500102167305	2124.565706114601
Nigeria	LMIC	severe	74	2.2227436344417306	2976.0496978739293
Nigeria	LMIC	severe	75	3.501332241887585	3032.9307527510105
Nigeria	LMIC	severe	76	2.7194737414552623	3396.7846630498316
Nigeria	LMIC	severe	77	2.3264017982240537	2559.775450828882
Nigeria	LMIC	severe	78	3.2580322181380357	2454.933107540351
Nigeria	LMIC	severe	79	2.333517608432752	2667.5915257362776
Nigeria	LMIC	severe	80	2.3987805769292248	3198.7471333017393
Nigeria	LMIC	severe	81	2.83349034640443	3224.237119229446
Nigeria	LMIC	severe	82	4.041780269634647	3035.947213583014
Nigeria	LMIC	severe	83	2.2147264897106878	2331.9870748087487
Nigeria	LMIC	severe	84	3.144720296878459	2878.2695029513015
Nigeria	LMIC	severe	85	2.4191040955263627	2591.9780786752513
Nigeria	LMIC	severe	86	1.2968603011397146	3216.165499323224
Nigeria	LMIC	severe	87	1.4563072348665074	2986.572189136041
Nigeria	LMIC	severe	88	2.4382951335278564	2252.2255926097405
Nigeria	LMIC	severe	89	4.007235443888861	3240.603836652804
Nigeria	LMIC	severe	90	2.8421675240624005	2706.337261187353
Nigeria	LMIC	severe	91	1.9168502115383106	3000.4590708723235
Nigeria	LMIC	severe	92	2.206112464644102	2984.898339335202
Nigeria	LMIC	severe	93	2.604288753068773	2198.1134333260234
Nigeria	LMIC	severe	94	3.2709190551279574	2594.1734709043753
Nigeria	LMIC	severe	95	3.705273098912606	2856.881526519521
Nigeria	LMIC	severe	96	2.834242397334995	3135.5407121441517
Nigeria	LMIC	severe	97	2.793407773783544	2770.0671684994345
Nigeria	LMIC	severe	98	3.743464923681323	2982.257956396273
Nigeria	LMIC	severe	99	3.6194908298899167	3163.9539394816616
Nigeria	LMIC	severe	100	2.6369727160860714	1929.5132401732653
Nigeria	LMIC	severe	101	2.6604668143170764	3325.3918150478403
Nigeria	LMIC	severe	102	1.980692971281469	2698.278270441524
Nigeria	LMIC	severe	103	1.6019584667737048	2508.8041026199535
Nigeria	LMIC	severe	104	2.7808114593110007	2608.2428269336065
Nigeria	LMIC	severe	105	2.7181597559783377	2133.8830248824574
Nigeria	LMIC	severe	106	3.3568359433902426	2616.557320535764
Nigeria	LMIC	severe	107	1.6766222398062842	2582.6058345647452
Nigeria	LMIC	severe	108	1.5319558657713506	3020.507658951292
Nigeria	LMIC	severe	109	2.390279650147753	3014.5090928254394
Nigeria	LMIC	severe	110	3.4450578929209774	2634.757286050881
Nigeria	LMIC	severe	111	3.293476380595582	2660.9666237637994
Nigeria	LMIC	severe	112	1.9558165812160544	2574.416925774849
Nigeria	LMIC	severe	113	2.465823498573175	3047.678758332216
Nigeria	LMIC	severe	114	2.8144183709630424	1982.9524403774137
Nigeria	LMIC	severe	115	3.0688907207416207	2376.803173274998
Nigeria	LMIC	severe	116	2.4645606563726155	2943.455445014815
Nigeria	LMIC	severe	117	1.3388334247381017	2869.1340311421486
Nigeria	LMIC	severe	118	2.973390750605499	3414.9204835403857
Nigeria	LMIC	severe	119	2.82865069931165	2740.7318349308334
Nigeria	LMIC	severe	120	3.687141793396547	3019.252450622396
Nigeria	LMIC	severe	121	4.637211438972273	2945.6159220304235
Nigeria	LMIC	severe	122	2.5883580984027645	2838.3420183667545
Nigeria	LMIC	severe	123	2.0183178527689813	2612.6207509229816
Nigeria	LMIC	severe	124	1.9478029677776636	2872.579203808456
Nigeria	LMIC	severe	125	2.5288153237691295	2513.5740583902007
Nigeria	LMIC	severe	126	3.952027971097957	2776.517315637163
Nigeria	LMIC	severe	127	3.9407101081039784	2659.4405521588333
Nigeria	LMIC	severe	128	2.1269603651789852	2658.5826616692566
Nigeria	LMIC	severe	129	2.6906607156645688	3496.6734605772954
Nigeria	LMIC	severe	130	3.704116662800689	2894.3261667115235
Nigeria	LMIC	severe	131	3.1044911435202023	2183.457023664557
Nigeria	LMIC	severe	132	2.278257088098959	2774.867318569263
Nigeria	LMIC	severe	133	2.8563656138279594	3010.740810682453
Nigeria	LMIC	severe	134	3.0144606402379974	2538.629894178142
Nigeria	LMIC	severe	135	3.640085384055258	2632.6929773002967
Nigeria	LMIC	severe	136	1.788543177841695	2779.3455975783845
Nigeria	LMIC	severe	137	2.702695037423144	2225.0113453348636
Nigeria	LMIC	severe	138	1.7211121368236917	2877.330579906104
Nigeria	LMIC	severe	139	1.5277900931812098	2075.5919280834423
Nigeria	LMIC	severe	140	1.8689516447452785	3052.98578699455
Nigeria	LMIC	severe	141	4.138654064165774	2988.394619178649
Nigeria	LMIC	severe	142	2.922300391941013	2666.736047255372
Nigeria	LMIC	severe	143	2.8206957215109068	2385.3146635903677
Nigeria	LMIC	severe	144	2.302284748526194	2675.1600414492564
Nigeria	LMIC	severe	145	3.089334675965004	2578.010828017753
Nigeria	LMIC	severe	146	2.8677144830326595	2584.2691497309734
Nigeria	LMIC	severe	147	2.9344574236828	2784.208222558829
Nigeria	LMIC	severe	148	3.489381090879757	2718.6438918528506
Nigeria	LMIC	severe	149	2.452456820526832	2688.9960661546083
Nigeria	LMIC	severe	150	2.967254117240075	2652.4046954723062
Nigeria	LMIC	severe	151	3.870851682955868	3162.489979247223
Nigeria	LMIC	severe	152	2.482404056667021	2643.3639278779892
Nigeria	LMIC	severe	153	2.851562794786547	2323.083461013212
Nigeria	LMIC	severe	154	2.087566686185177	2734.635468584146
Nigeria	LMIC	severe	155	4.008831383207081	2816.6578057762927
Nigeria	LMIC	severe	156	2.63580143148024	3234.344283945542
Nigeria	LMIC	severe	157	2.126480246384669	2883.9478623233663
Nigeria	LMIC	severe	158	2.2417284389563505	3020.996548098453
Nigeria	LMIC	severe	159	2.7398893076985544	2988.1742591089537
Nigeria	LMIC	severe	160	4.015914764140045	3148.874534288575
Nigeria	LMIC	severe	161	2.9347373044537903	2895.6244466855574
Nigeria	LMIC	severe	162	3.2852258213912293	2908.9832995819115
Nigeria	LMIC	severe	163	1.809445477036034	2762.8481748538825
Nigeria	LMIC	severe	164	2.3933355702788077	2460.476054945311
Nigeria	LMIC	severe	165	3.425492076188508	2898.9605379618456
Nigeria	LMIC	severe	166	3.2396229712552724	2278.6941509513763
Nigeria	LMIC	severe	167	1.6653297463296184	2386.749885328737
Nigeria	LMIC	severe	168	3.8296481839995167	2550.1521685219222
Nigeria	LMIC	severe	169	3.1009446330092167	2436.8548740793267
Nigeria	LMIC	severe	170	3.229323077457165	2843.2921199007765
Nigeria	LMIC	severe	171	2.370799999935115	2757.818545226096
Nigeria	LMIC	severe	172	2.1022756940139473	2310.0330885061085
Nigeria	LMIC	severe	173	2.5982651977244835	2576.477594191212
Nigeria	LMIC	severe	174	3.2213600762604138	3091.840757766011
Nigeria	LMIC	severe	175	3.0173556364336633	3457.5126036454617
Nigeria	LMIC	severe	176	3.3150485924079653	3255.2400050410906
Nigeria	LMIC	severe	177	2.8366702536045505	2426.650441128183
Nigeria	LMIC	severe	178	3.128864196456137	3016.729894352422
Nigeria	LMIC	severe	179	2.2497948676225192	3118.851659173683
Nigeria	LMIC	severe	180	2.5953838771830995	2290.333079773405
Nigeria	LMIC	severe	181	3.782568484358668	2713.7584488820967
Nigeria	LMIC	severe	182	2.8184982875216447	2872.1592295888195
Nigeria	LMIC	severe	183	3.469783201227817	2991.662952408185
Nigeria	LMIC	severe	184	2.934414806128352	2967.092267958454
Nigeria	LMIC	severe	185	1.725017645124419	2635.3306361344094
Nigeria	LMIC	severe	186	4.427034838813164	3093.5848527434828
Nigeria	LMIC	severe	187	3.0853934338889815	2420.044890875916
Nigeria	LMIC	severe	188	3.645185577198707	3437.6391010002644
Nigeria	LMIC	severe	189	3.8181192283178618	2769.205463282805
Nigeria	LMIC	severe	190	3.361303054328272	3086.6615541882493
Nigeria	LMIC	severe	191	1.9758475454134352	2310.916559782291
Nigeria	LMIC	severe	192	3.903227420290211	3422.396938246943
Nigeria	LMIC	severe	193	4.2093808183086185	3183.377188609222
Nigeria	LMIC	severe	194	3.863829874903666	2986.723089371685
Nigeria	LMIC	severe	195	2.1796069275113252	2445.216183519402
Nigeria	LMIC	severe	196	2.9821338668490345	3357.062873149365
Nigeria	LMIC	severe	197	1.6076643960110744	3270.497970016804
Nigeria	LMIC	severe	198	3.1237522481943802	2675.788704155991
Nigeria	LMIC	severe	199	3.0775108740959096	2937.433914908246
Nigeria	LMIC	severe	200	2.1354130964299536	2552.7424140432727
Nigeria	LMIC	severe	201	1.3146037569078226	2439.9619501086977
Nigeria	LMIC	severe	202	3.542563412902364	2842.4900490312693
Nigeria	LMIC	severe	203	3.3031557782632603	2313.232376211277
Nigeria	LMIC	severe	204	3.238347185431775	3021.185035936755
Nigeria	LMIC	severe	205	3.729939414367097	2933.659834495868
Nigeria	LMIC	severe	206	3.89931141288341	2240.131890922897
Nigeria	LMIC	severe	207	3.7561223093653062	2795.5710715441473
Nigeria	LMIC	severe	208	1.6022814038420314	2610.1192291341545
Nigeria	LMIC	severe	209	2.972013828199901	2837.1180347237596
Nigeria	LMIC	severe	210	1.90334495946769	2843.4836214465713
Nigeria	LMIC	severe	211	1.1754815271947257	3089.6586919925103
Nigeria	LMIC	severe	212	2.861916729895765	2395.9522019621636
Nigeria	LMIC	severe	213	2.497375585316994	2117.226735026153
Nigeria	LMIC	severe	214	3.9122578355035076	2779.834870529853
Nigeria	LMIC	severe	215	3.495487596892458	3052.9844004185825
Nigeria	LMIC	severe	216	1.2926995307118094	2513.8588749224414
Nigeria	LMIC	severe	217	2.0935413833210443	3473.888323190999
Nigeria	LMIC	severe	218	1.5122390060882385	2977.170548052535
Nigeria	LMIC	severe	219	2.0637917440183884	2569.902601958637
Nigeria	LMIC	severe	220	3.3195920006899566	2504.3139868477724
Nigeria	LMIC	severe	221	4.2215761149948605	2395.5813498885495
Nigeria	LMIC	severe	222	1.6575795877495478	3264.168321215033
Nigeria	LMIC	severe	223	2.215242017823514	3484.8517987783985
Nigeria	LMIC	severe	224	2.6712820060706717	3248.2104661586436
Nigeria	LMIC	severe	225	4.2522709201205515	2927.21582607686
Nigeria	LMIC	severe	226	2.015218948705888	2873.6730866066437
Nigeria	LMIC	severe	227	2.9863272869931707	2643.663354207275
Nigeria	LMIC	severe	228	4.17132048677667	2624.550309281486
Nigeria	LMIC	severe	229	3.9478961501334133	2806.634853311776
Nigeria	LMIC	severe	230	3.7419545020117297	3103.6086003622113
Nigeria	LMIC	severe	231	1.5197138888472752	2544.9988451417858
Nigeria	LMIC	severe	232	2.0814821800843735	2389.541982884424
Nigeria	LMIC	severe	233	3.151624172453676	2270.2459496441043
Nigeria	LMIC	severe	234	2.9643256522015218	3545.399606834132
Nigeria	LMIC	severe	235	4.124158599958664	2504.8729366776843
Nigeria	LMIC	severe	236	2.015944735648204	2626.7549923024317
Nigeria	LMIC	severe	237	3.037065476634016	3097.7590296500334
Nigeria	LMIC	severe	238	2.818808075077081	3194.6276910975002
Nigeria	LMIC	severe	239	0.9723962499958878	3147.1492677382803
Nigeria	LMIC	severe	240	2.032029595564919	2522.8244925815006
Nigeria	LMIC	severe	241	3.2650578066421456	3154.136427907093
Nigeria	LMIC	severe	242	2.199918773649258	2699.7715426940827
Nigeria	LMIC	severe	243	3.8659112388068957	2735.798065231694
Nigeria	LMIC	severe	244	1.808424832820358	3139.740762186624
Nigeria	LMIC	severe	245	2.5971843505347056	2154.180465041476
Nigeria	LMIC	severe	246	3.5306371489872035	3112.5731823423466
Nigeria	LMIC	severe	247	1.5798353526421671	2724.022895867338
Nigeria	LMIC	severe	248	1.9450243074138243	2965.7842448782535
Nigeria	LMIC	severe	249	3.2452090891849164	2793.7284040114514
Nigeria	LMIC	severe	250	3.0891229235520132	2338.834609798507
Nigeria	LMIC	severe	251	2.016534962670379	2584.6476452449842
Nigeria	LMIC	severe	252	1.7552932235837853	2895.781297823517
Nigeria	LMIC	severe	253	2.9837884802735566	2476.555121377821
Nigeria	LMIC	severe	254	3.5647099766742905	2875.2034416938404
Nigeria	LMIC	severe	255	2.97194187120453	2770.1927700992273
Nigeria	LMIC	severe	256	3.473013451340308	3501.646640049727
Nigeria	LMIC	severe	257	3.392031254187123	2944.084189841733
Nigeria	LMIC	severe	258	2.552734787706676	2454.513390840482
Nigeria	LMIC	severe	259	3.0512508940133056	2607.3114521591447
Nigeria	LMIC	severe	260	2.94128740507926	2271.6031833709158
Nigeria	LMIC	severe	261	3.1999694607458373	2620.8154904206312
Nigeria	LMIC	severe	262	3.0745447314334156	3109.981116298654
Nigeria	LMIC	severe	263	3.7489881154486877	2527.4394745837244
Nigeria	LMIC	severe	264	2.372052308824224	2590.346627970317
Nigeria	LMIC	severe	265	2.3737518933658475	2806.213901518504
Nigeria	LMIC	severe	266	2.209492532523999	3230.8840368939204
Nigeria	LMIC	severe	267	3.1493669008644822	2202.347899746699
Nigeria	LMIC	severe	268	3.532152393750496	2871.163815189275
Nigeria	LMIC	severe	269	3.9334157178812825	3265.1267523486695
Nigeria	LMIC	severe	270	3.0622730071662936	3020.5702762489127
Nigeria	LMIC	severe	271	2.9617564891019796	2122.9145312371706
Nigeria	LMIC	severe	272	4.038815550057588	3228.330520649826
Nigeria	LMIC	severe	273	2.8144701902807965	2206.321564195971
Nigeria	LMIC	severe	274	1.9261644322286795	2566.2687402439233
Nigeria	LMIC	severe	275	1.9510256068035217	2577.4649967301966
Nigeria	LMIC	severe	276	3.310422256858349	2362.7442066143776
Nigeria	LMIC	severe	277	1.8987648867996603	2910.2832862693185
Nigeria	LMIC	severe	278	3.544603796845868	2440.524635290889
Nigeria	LMIC	severe	279	4.0766022227660015	3042.9049187472965
Nigeria	LMIC	severe	280	3.508275786148851	2992.3553985388926
Nigeria	LMIC	severe	281	2.525831889940891	3266.175342636876
Nigeria	LMIC	severe	282	2.267143884279868	2527.2465563684145
Nigeria	LMIC	severe	283	2.3216830306613296	3037.2830643366196
Nigeria	LMIC	severe	284	2.7027794750754275	3304.1917852931383
Nigeria	LMIC	severe	285	3.9985574689568644	2654.0531355238027
Nigeria	LMIC	severe	286	2.1274891684314827	2323.132400102826
Nigeria	LMIC	severe	287	2.323060596022514	2534.921792942606
Nigeria	LMIC	severe	288	3.983217517904291	3207.627098512355
Nigeria	LMIC	severe	289	2.4866296441115674	2909.619072039125
Nigeria	LMIC	severe	290	1.957488498523725	2330.272530680463
Nigeria	LMIC	severe	291	2.2385959121702417	2680.7195557853383
Nigeria	LMIC	severe	292	2.158708947279071	2885.916291398701
Nigeria	LMIC	severe	293	2.987970820646515	2924.0480341654456
Nigeria	LMIC	severe	294	3.6962876445109165	2209.509431667795
Nigeria	LMIC	severe	295	2.5720080798724476	2362.3233504337613
Nigeria	LMIC	severe	296	2.5957936717192958	2997.4180783678075
Nigeria	LMIC	severe	297	2.2301269038263367	2326.352053803575
Nigeria	LMIC	severe	298	2.3321164695448626	2876.561850524914
Nigeria	LMIC	severe	299	2.7554789669685533	2789.4527884560166
Nigeria	LMIC	severe	300	3.3357717672264897	2634.815859652036
Nigeria	LMIC	severe	301	2.2575656615450326	2788.6369446587814
Nigeria	LMIC	severe	302	2.9154727444613897	2896.4724267378688
Nigeria	LMIC	severe	303	3.12627367172116	2361.143708492984
Nigeria	LMIC	severe	304	3.007750093872626	2445.832844941282
Nigeria	LMIC	severe	305	3.5273233323107807	2922.4510560105464
Nigeria	LMIC	severe	306	2.368480136983008	3062.2544785743376
Nigeria	LMIC	severe	307	3.3988469292409356	3404.341665171899
Nigeria	LMIC	severe	308	2.8385810906067004	3071.7439338332897
Nigeria	LMIC	severe	309	3.457327359023849	3223.3103043010487
Nigeria	LMIC	severe	310	2.1045978422148277	2420.009449324333
Nigeria	LMIC	severe	311	2.912369446904787	3076.6853488270085
Nigeria	LMIC	severe	312	3.160847217556208	3038.7496822005032
Nigeria	LMIC	severe	313	3.256516872475336	3234.9431514750586
Nigeria	LMIC	severe	314	2.558133868397885	3326.475598226252
Nigeria	LMIC	severe	315	4.331890900125863	2710.9832073055486
Nigeria	LMIC	severe	316	1.0049474588445522	2684.846564060279
Nigeria	LMIC	severe	317	2.6230097987102017	3097.9565915386765
Nigeria	LMIC	severe	318	2.8033069613363146	3045.226299262422
Nigeria	LMIC	severe	319	3.0660695996347602	2560.206217103366
Nigeria	LMIC	severe	320	2.1489134691195506	2484.430368858362
Nigeria	LMIC	severe	321	4.3609327835234115	2670.5289781841484
Nigeria	LMIC	severe	322	3.436687835179221	2590.879420962925
Nigeria	LMIC	severe	323	3.638014094504169	3235.9942037990722
Nigeria	LMIC	severe	324	2.512621160710589	3008.0693020776707
Nigeria	LMIC	severe	325	3.4794539093660015	3376.325742844436
Nigeria	LMIC	severe	326	2.7008270715800924	2333.1552389640756
Nigeria	LMIC	severe	327	3.8681073334023903	2600.788032514458
Nigeria	LMIC	severe	328	1.7742667351291983	2972.7020333095193
Nigeria	LMIC	severe	329	3.903640209666647	3004.2089608873916
Nigeria	LMIC	severe	330	2.652918303409778	2836.124397093131
Nigeria	LMIC	severe	331	1.8623380791220363	2561.157077364552
Nigeria	LMIC	severe	332	3.472659388435778	3155.087435942726
Nigeria	LMIC	severe	333	4.280659968211207	3238.4852444110193
Nigeria	LMIC	severe	334	1.8643449292179355	2863.152961926472
Nigeria	LMIC	severe	335	2.376402491898035	2620.366997404064
Nigeria	LMIC	severe	336	4.012416373891812	2266.0994252957043
Nigeria	LMIC	severe	337	3.65996511853945	2628.2906294712525
Nigeria	LMIC	severe	338	1.9585805030848444	2957.296441435552
Nigeria	LMIC	severe	339	3.343905658731808	2484.0053755196473
Nigeria	LMIC	severe	340	3.080159781509934	3174.436518086985
Nigeria	LMIC	severe	341	2.234245923107725	2732.0865019729017
Nigeria	LMIC	severe	342	3.036877792940155	2531.8289863255154
Nigeria	LMIC	severe	343	4.269593670195642	2520.538838442768
Nigeria	LMIC	severe	344	2.913818127454257	2976.8940401822897
Nigeria	LMIC	severe	345	2.3908877006124722	2942.7441009440377
Nigeria	LMIC	severe	346	2.1630791145255204	2448.41112714812
Nigeria	LMIC	severe	347	2.4827869885436744	3399.4179043364684
Nigeria	LMIC	severe	348	2.3885272727081723	2751.987691293847
Nigeria	LMIC	severe	349	2.1699093404177585	3203.77980866682
Nigeria	LMIC	severe	350	2.055696300259341	2694.407883397422
Nigeria	LMIC	severe	351	1.2036256669016927	2542.323837062171
Nigeria	LMIC	severe	352	2.8295815709289682	2633.7536224764226
Nigeria	LMIC	severe	353	2.6874964117093914	2369.8012681436994
Nigeria	LMIC	severe	354	3.888943028308776	3386.380802354589
Nigeria	LMIC	severe	355	3.3080069993879384	2726.8810877473643
Nigeria	LMIC	severe	356	2.6306598020751997	3065.144756884743
Nigeria	LMIC	severe	357	3.4438684920273683	2525.1070988405063
Nigeria	LMIC	severe	358	2.8074879725002333	2831.830940559042
Nigeria	LMIC	severe	359	2.4702742167094733	2639.3339038703334
Nigeria	LMIC	severe	360	1.9765529377888535	2813.1806687672943
Nigeria	LMIC	severe	361	3.606150143792748	2342.6165437630107
Nigeria	LMIC	severe	362	2.9212580832852497	2739.0350068022776
Nigeria	LMIC	severe	363	3.168815917115049	3275.9384434436156
Nigeria	LMIC	severe	364	3.617804358473464	2796.4806211458467
Nigeria	LMIC	severe	365	4.005011917988158	2253.6694143148197
Nigeria	LMIC	severe	366	3.6006062843426943	2697.457769283575
Nigeria	LMIC	severe	367	1.4631106282585122	2514.0315745217704
Nigeria	LMIC	severe	368	3.227444129854142	2868.1955156795484
Nigeria	LMIC	severe	369	2.9018022807316246	2859.369014500864
Nigeria	LMIC	severe	370	2.348244090276994	2392.80474892123
Nigeria	LMIC	severe	371	1.8317047719370123	2333.133433143754
Nigeria	LMIC	severe	372	3.457574218682103	2223.0935825076567
Nigeria	LMIC	severe	373	3.912989221169312	2986.680986503693
Nigeria	LMIC	severe	374	1.9577074616038592	2562.976052771717
Nigeria	LMIC	severe	375	2.618640846090324	2797.7411962553433
Nigeria	LMIC	severe	376	2.8532720332934787	2795.7000514235833
Nigeria	LMIC	severe	377	2.719802431350474	2929.3005204225715
Nigeria	LMIC	severe	378	2.537125745016751	2881.871328655523
Nigeria	LMIC	severe	379	2.5207518872150354	2476.1395483815413
Nigeria	LMIC	severe	380	2.750996545600019	2833.853063685312
Nigeria	LMIC	severe	381	3.835122549858932	2419.845916403296
Nigeria	LMIC	severe	382	3.2271839554021025	2382.2058038837586
Nigeria	LMIC	severe	383	2.6738728494234127	2749.4354876434168
Nigeria	LMIC	severe	384	2.790804567903277	3012.749605471967
Nigeria	LMIC	severe	385	2.1231257019348906	2588.5943495955594
Nigeria	LMIC	severe	386	4.452221678179401	2832.3894263843176
Nigeria	LMIC	severe	387	2.6134711299757694	3113.217707163829
Nigeria	LMIC	severe	388	2.9119656583562517	2693.5888986463497
Nigeria	LMIC	severe	389	3.2513083971743413	2617.9382711569624
Nigeria	LMIC	severe	390	4.215613521175463	2221.15178897824
Nigeria	LMIC	severe	391	3.7920659345498198	3008.2807934963093
Nigeria	LMIC	severe	392	3.404937186058591	2832.939234459668
Nigeria	LMIC	severe	393	1.5466530952617363	2782.7423730116816
Nigeria	LMIC	severe	394	2.75734618504094	2676.031647688538
Nigeria	LMIC	severe	395	3.180547701083217	2938.646096249808
Nigeria	LMIC	severe	396	3.6466095918429113	2862.027923444255
Nigeria	LMIC	severe	397	3.755544686822498	2319.74417075567
Nigeria	LMIC	severe	398	0.6447023566090389	2786.8956416564242
Nigeria	LMIC	severe	399	1.6029139773538237	3061.300516111606
Nigeria	LMIC	severe	400	3.4163638354885544	2645.721647630866
Nigeria	LMIC	severe	401	3.2017134142326826	2194.961428425867
Nigeria	LMIC	severe	402	3.2449973168125634	2869.284776343398
Nigeria	LMIC	severe	403	3.7115240015541104	3718.5459893644747
Nigeria	LMIC	severe	404	2.6634939180752237	2765.704616844132
Nigeria	LMIC	severe	405	2.9611557937775483	3516.762946960911
Nigeria	LMIC	severe	406	1.9936031485654162	3003.6996348160283
Nigeria	LMIC	severe	407	2.3080331747003253	2646.847823690606
Nigeria	LMIC	severe	408	3.084193217325045	3377.761574834977
Nigeria	LMIC	severe	409	2.6523051597802683	2709.635378873205
Nigeria	LMIC	severe	410	0.963397552431946	2469.1553565665063
Nigeria	LMIC	severe	411	3.3835029506344227	3068.431025161155
Nigeria	LMIC	severe	412	2.2297479326221925	2254.4385790467386
Nigeria	LMIC	severe	413	3.252425103203527	2792.7310400664564
Nigeria	LMIC	severe	414	2.5417238212603728	3046.628557746303
Nigeria	LMIC	severe	415	2.9167479086575163	2342.9336084812085
Nigeria	LMIC	severe	416	3.2999185931836523	2303.9638040718787
Nigeria	LMIC	severe	417	3.215914961537437	3067.340131667038
Nigeria	LMIC	severe	418	3.36455185928536	3494.642837176755
Nigeria	LMIC	severe	419	1.914184647947101	2943.7297065958005
Nigeria	LMIC	severe	420	3.7188523231060815	2625.4730312393635
Nigeria	LMIC	severe	421	2.544684494949724	2852.7216946925755
Nigeria	LMIC	severe	422	3.24385491061258	2707.8485257467555
Nigeria	LMIC	severe	423	3.4402942976565605	2820.3171367575214
Nigeria	LMIC	severe	424	3.7455341390237233	2983.9575104798487
Nigeria	LMIC	severe	425	3.53646634968786	2595.5937630080775
Nigeria	LMIC	severe	426	1.8291660314551628	2578.8547724968607
Nigeria	LMIC	severe	427	3.480909327749419	2506.1395812276405
Nigeria	LMIC	severe	428	2.327098515241352	2594.3262850561373
Nigeria	LMIC	severe	429	3.3357302219648357	2530.194001019894
Nigeria	LMIC	severe	430	2.4325334798494485	3083.3161673993523
Nigeria	LMIC	severe	431	2.1484685952224254	2633.5534351715974
Nigeria	LMIC	severe	432	0.9803726090656593	2205.425831824581
Nigeria	LMIC	severe	433	2.5114689855282624	2259.66500665446
Nigeria	LMIC	severe	434	2.6469061306066513	2395.0208244583227
Nigeria	LMIC	severe	435	1.9909440929160604	2891.369556884065
Nigeria	LMIC	severe	436	1.3670179249685592	2640.823361277414
Nigeria	LMIC	severe	437	3.584767340888277	2499.8881421488622
Nigeria	LMIC	severe	438	2.8307299135983754	2845.717505467719
Nigeria	LMIC	severe	439	2.8204604779159625	2948.2644039555335
Nigeria	LMIC	severe	440	2.815232453318174	2140.72669352434
Nigeria	LMIC	severe	441	2.8168921392902684	2476.826363913443
Nigeria	LMIC	severe	442	3.049220035494306	2705.1607991433675
Nigeria	LMIC	severe	443	2.097230121936075	2915.4310725873115
Nigeria	LMIC	severe	444	3.740313138160916	2638.725973916746
Nigeria	LMIC	severe	445	1.8172734286606183	2774.3400180467693
Nigeria	LMIC	severe	446	3.042094627694964	2340.804959645116
Nigeria	LMIC	severe	447	3.5006995560080583	3239.23768201351
Nigeria	LMIC	severe	448	3.47660959387491	3235.3823729729756
Nigeria	LMIC	severe	449	2.452291472451095	3255.268879964691
Nigeria	LMIC	severe	450	1.924476552180895	2642.4985525386683
Nigeria	LMIC	severe	451	3.5800776412335047	3033.4500319952076
Nigeria	LMIC	severe	452	3.450616585896202	2892.2909055530117
Nigeria	LMIC	severe	453	2.5299218387095896	2666.602240496724
Nigeria	LMIC	severe	454	4.484415073047266	2465.5639921994198
Nigeria	LMIC	severe	455	3.4838770918387425	3122.535913378105
Nigeria	LMIC	severe	456	3.1806647660836873	2858.1315880681286
Nigeria	LMIC	severe	457	3.1549419622364745	2549.2745910694016
Nigeria	LMIC	severe	458	3.0377642532096507	2157.9444959143652
Nigeria	LMIC	severe	459	2.134026340451543	2740.100054319118
Nigeria	LMIC	severe	460	1.7350129067086684	2457.163141317508
Nigeria	LMIC	severe	461	3.16080880625244	2429.0649062191596
Nigeria	LMIC	severe	462	3.04175701457443	2480.103967376641
Nigeria	LMIC	severe	463	2.9387730244820727	2746.698766040916
Nigeria	LMIC	severe	464	2.3326865567068014	2257.6966783533417
Nigeria	LMIC	severe	465	3.1056821118602924	3049.041415395617
Nigeria	LMIC	severe	466	3.1779792822807753	2954.607658865685
Nigeria	LMIC	severe	467	2.770156970795055	2907.15133044413
Nigeria	LMIC	severe	468	3.778763935119006	2856.8407026364284
Nigeria	LMIC	severe	469	1.7251122693550638	2579.5895223145912
Nigeria	LMIC	severe	470	2.9193556967752325	2842.900698538697
Nigeria	LMIC	severe	471	2.297830633001645	2875.8609932631434
Nigeria	LMIC	severe	472	2.7050191228273572	2576.6093321561293
Nigeria	LMIC	severe	473	2.132537875304587	2559.510505081913
Nigeria	LMIC	severe	474	2.78830772800376	2431.141300925914
Nigeria	LMIC	severe	475	3.15536700962332	2848.2544641356308
Nigeria	LMIC	severe	476	2.077628431699731	2973.983707920811
Nigeria	LMIC	severe	477	3.596380125419719	3129.944380592448
Nigeria	LMIC	severe	478	2.2039113322000947	2853.054134573271
Nigeria	LMIC	severe	479	3.021556284598999	2606.8613311564723
Nigeria	LMIC	severe	480	3.011543490420838	2964.6418183836663
Nigeria	LMIC	severe	481	2.8735987043210436	2260.312508150616
Nigeria	LMIC	severe	482	3.508211414845171	2983.4097546170874
Nigeria	LMIC	severe	483	4.499464846357327	2855.4590363480115
Nigeria	LMIC	severe	484	2.9303008928451515	2741.118753297599
Nigeria	LMIC	severe	485	3.270487898239816	2005.4205819297601
Nigeria	LMIC	severe	486	2.343646016573942	2668.43880346526
Nigeria	LMIC	severe	487	2.367152328284922	2325.7559870354785
Nigeria	LMIC	severe	488	2.456582712369636	2864.3811012657143
Nigeria	LMIC	severe	489	3.941799828017226	2876.0223541984456
Nigeria	LMIC	severe	490	2.855306308874291	2882.410973062884
Nigeria	LMIC	severe	491	3.018869714421089	3068.8961220062856
Nigeria	LMIC	severe	492	2.982168487487458	3020.199472045349
Nigeria	LMIC	severe	493	1.3239796803999644	2478.7026188652476
Nigeria	LMIC	severe	494	1.5512809804172631	2581.0505460824256
Nigeria	LMIC	severe	495	3.6279232355804485	2433.964936019243
Nigeria	LMIC	severe	496	3.383677592040927	2224.754160748624
Nigeria	LMIC	severe	497	3.627607698362749	3301.422459513812
Nigeria	LMIC	severe	498	2.772409451300401	3244.1171087387183
Nigeria	LMIC	severe	499	3.511891082313797	2328.1270828674396
Nigeria	LMIC	severe	500	4.1730709232429	2694.7660649853337
Nigeria	LMIC	severe	501	1.8055669208690786	2895.8131252243525
Nigeria	LMIC	severe	502	1.6603920670759003	2633.871468424049
Nigeria	LMIC	severe	503	2.4660591082370757	2508.186033670766
Nigeria	LMIC	severe	504	4.150651065955432	2410.4134769636344
Nigeria	LMIC	severe	505	1.9283277478926397	2826.918382096752
Nigeria	LMIC	severe	506	4.366417684550781	2829.464540838044
Nigeria	LMIC	severe	507	2.89579264425085	2030.0684995489478
Nigeria	LMIC	severe	508	3.08926278534385	2757.947363624646
Nigeria	LMIC	severe	509	3.051958349345197	2612.3923380306906
Nigeria	LMIC	severe	510	3.354682010237216	2646.2590393358923
Nigeria	LMIC	severe	511	1.7919979894670117	2988.566648518434
Nigeria	LMIC	severe	512	2.9954285743030518	2581.131567571533
Nigeria	LMIC	severe	513	2.581011182062227	2221.4322433547686
Nigeria	LMIC	severe	514	0.8381643824763154	2022.8328383192945
Nigeria	LMIC	severe	515	3.8641109744048183	2740.836453006399
Nigeria	LMIC	severe	516	2.8860386146794204	2697.2852780869325
Nigeria	LMIC	severe	517	2.2217847208963057	3370.635321141271
Nigeria	LMIC	severe	518	2.966420667615533	2521.1297403379513
Nigeria	LMIC	severe	519	3.4969207302964165	3133.8107591625767
Nigeria	LMIC	severe	520	2.6793131476984486	2948.6268664471627
Nigeria	LMIC	severe	521	2.1011160400524735	2520.9896606537404
Nigeria	LMIC	severe	522	3.426471623741099	2568.771947273244
Nigeria	LMIC	severe	523	3.364563328171446	2771.4044272773394
Nigeria	LMIC	severe	524	3.5387319203051977	2459.0621611391052
Nigeria	LMIC	severe	525	2.8750397224258286	2533.9130502912503
Nigeria	LMIC	severe	526	2.922723633500649	2688.1426241693953
Nigeria	LMIC	severe	527	4.057570624669707	2522.7945401276984
Nigeria	LMIC	severe	528	4.06813891871827	2404.93290616006
Nigeria	LMIC	severe	529	2.868569912345059	2379.4644010249676
Nigeria	LMIC	severe	530	3.7720821179351454	2623.893482862298
Nigeria	LMIC	severe	531	2.393316361935108	2911.7075871361853
Nigeria	LMIC	severe	532	3.9173027850204596	3071.0773996402145
Nigeria	LMIC	severe	533	2.7573791313927796	2634.153097721145
Nigeria	LMIC	severe	534	3.4784311816332343	2905.710333837501
Nigeria	LMIC	severe	535	2.41198329864015	3135.404139033418
Nigeria	LMIC	severe	536	4.27526729775083	2347.4388719372937
Nigeria	LMIC	severe	537	3.651364876473588	2959.9871711063124
Nigeria	LMIC	severe	538	3.669275408162374	2768.1714021510365
Nigeria	LMIC	severe	539	3.309458845285228	3343.7707169925507
Nigeria	LMIC	severe	540	2.13738702739105	2676.090554025587
Nigeria	LMIC	severe	541	3.9023428487891962	2928.1590138275287
Nigeria	LMIC	severe	542	2.9710519684713335	2710.5989251519786
Nigeria	LMIC	severe	543	2.9205622169150445	2407.290663003992
Nigeria	LMIC	severe	544	3.901155892368938	3333.78083922643
Nigeria	LMIC	severe	545	1.9733860025340846	3029.398476494449
Nigeria	LMIC	severe	546	3.0015564566976884	2691.9853675287704
Nigeria	LMIC	severe	547	1.8658699455663132	2610.3001071524077
Nigeria	LMIC	severe	548	3.1453782518738596	2782.1862197646474
Nigeria	LMIC	severe	549	3.0439859492960837	2805.2840743856823
Nigeria	LMIC	severe	550	0.9080355103324589	2606.5620239758564
Nigeria	LMIC	severe	551	3.4569286777858217	2432.577754513188
Nigeria	LMIC	severe	552	1.9768321687436012	2803.840577248928
Nigeria	LMIC	severe	553	1.8078648886169875	2942.383893784171
Nigeria	LMIC	severe	554	1.9938262560141302	3300.1309805107103
Nigeria	LMIC	severe	555	2.8849150196488402	2987.80615997098
Nigeria	LMIC	severe	556	2.720064973281408	2957.0807233522187
Nigeria	LMIC	severe	557	4.19437725348051	3198.9586535567296
Nigeria	LMIC	severe	558	3.030552356233855	2274.5026968390603
Nigeria	LMIC	severe	559	3.0645050047261577	3002.9470007012733
Nigeria	LMIC	severe	560	3.689310372709569	2731.4402827441363
Nigeria	LMIC	severe	561	1.5385577856099628	2958.15935170962
Nigeria	LMIC	severe	562	2.387959576101002	2634.9815045747955
Nigeria	LMIC	severe	563	3.1824842197693872	2755.958240662953
Nigeria	LMIC	severe	564	3.565441999634271	3076.4185613990267
Nigeria	LMIC	severe	565	1.8368261142361995	2593.2428072925086
Nigeria	LMIC	severe	566	3.5262026935130724	2505.3361904509393
Nigeria	LMIC	severe	567	3.2554249089116105	2164.0624478115456
Nigeria	LMIC	severe	568	2.0690934980429727	2979.487757022106
Nigeria	LMIC	severe	569	2.9792794595181533	2288.1071740784064
Nigeria	LMIC	severe	570	2.048559016122306	2529.0798059968365
Nigeria	LMIC	severe	571	3.7518956417063265	2678.5602940071067
Nigeria	LMIC	severe	572	2.9606129032710777	2744.2508370363794
Nigeria	LMIC	severe	573	3.6133152911370967	3210.407680067159
Nigeria	LMIC	severe	574	2.977231914549783	3139.119287781897
Nigeria	LMIC	severe	575	3.6794443547162397	2443.7806259583813
Nigeria	LMIC	severe	576	2.074609647698863	2651.205679753225
Nigeria	LMIC	severe	577	2.7902235765004155	3304.667539269851
Nigeria	LMIC	severe	578	3.1219010030614127	2436.0149781615173
Nigeria	LMIC	severe	579	3.5280493581882473	2304.7445317199517
Nigeria	LMIC	severe	580	2.961187500433928	2912.4692146218545
Nigeria	LMIC	severe	581	1.368186135748907	2837.0084005820972
Nigeria	LMIC	severe	582	2.3494042564372624	2748.765854023264
Nigeria	LMIC	severe	583	2.394806824238721	3087.361068313912
Nigeria	LMIC	severe	584	2.7204075822040723	2250.0572394140017
Nigeria	LMIC	severe	585	1.6653450305176003	2447.0551488044075
Nigeria	LMIC	severe	586	3.7005519965773797	2812.032548138839
Nigeria	LMIC	severe	587	2.6835725077606885	2487.5714493359133
Nigeria	LMIC	severe	588	4.296528826764275	2849.090585818204
Nigeria	LMIC	severe	589	2.5133707025096026	2706.251303555831
Nigeria	LMIC	severe	590	3.736535549893418	3079.1503314208458
Nigeria	LMIC	severe	591	2.5793742685075074	2540.2119858868473
Nigeria	LMIC	severe	592	3.663109469829231	3366.0237513771935
Nigeria	LMIC	severe	593	2.7567444009938766	3011.810627562292
Nigeria	LMIC	severe	594	2.6786640399651658	3108.393737018918
Nigeria	LMIC	severe	595	3.179144697878778	3254.3775932717404
Nigeria	LMIC	severe	596	3.8761699132354064	2286.0546720893735
Nigeria	LMIC	severe	597	2.4555137057599348	2778.536763708512
Nigeria	LMIC	severe	598	3.382371234382445	2599.557769006304
Nigeria	LMIC	severe	599	3.6544120569529985	3020.5291153748167
Nigeria	LMIC	severe	600	2.44551288515539	2701.94942091551
Nigeria	LMIC	severe	601	3.1212911832972923	2494.9298208141086
Nigeria	LMIC	severe	602	3.181825282385292	3140.1310929593333
Nigeria	LMIC	severe	603	3.1103284365793344	2797.461912664753
Nigeria	LMIC	severe	604	3.4634000114272006	2971.3062773087377
Nigeria	LMIC	severe	605	3.073660709033094	2632.011401674298
Nigeria	LMIC	severe	606	2.5464990479960434	3031.6145717682293
Nigeria	LMIC	severe	607	2.6335248443889094	2707.885486490516
Nigeria	LMIC	severe	608	3.5120925457384464	2551.7091556746227
Nigeria	LMIC	severe	609	3.1794883625766293	2576.6542556332993
Nigeria	LMIC	severe	610	2.792628478446357	3232.569219718007
Nigeria	LMIC	severe	611	1.931461319837	2351.854079736235
Nigeria	LMIC	severe	612	3.093790864305923	2844.1230948756547
Nigeria	LMIC	severe	613	3.8861408518560854	2486.394571660769
Nigeria	LMIC	severe	614	2.882487722383364	2880.0556096170876
Nigeria	LMIC	severe	615	2.9743665819270113	2535.458251044108
Nigeria	LMIC	severe	616	2.503427020621359	2887.5985714129456
Nigeria	LMIC	severe	617	2.4804787613604162	2762.1439872854307
Nigeria	LMIC	severe	618	2.511089415407227	2455.478860668525
Nigeria	LMIC	severe	619	3.2326477660134607	2615.6436720784613
Nigeria	LMIC	severe	620	2.9044910640301227	3107.465202678596
Nigeria	LMIC	severe	621	2.3860985356317688	2624.9993450118386
Nigeria	LMIC	severe	622	3.669259223056253	2788.4336034939042
Nigeria	LMIC	severe	623	3.5768215233415654	2866.704773280805
Nigeria	LMIC	severe	624	2.5667263943752774	3311.2613371017615
Nigeria	LMIC	severe	625	3.888408138661915	2537.8433032593675
Nigeria	LMIC	severe	626	3.1374315620463076	2530.4074721766883
Nigeria	LMIC	severe	627	3.688291124326353	3323.863211355493
Nigeria	LMIC	severe	628	2.248341335737517	2670.434238941796
Nigeria	LMIC	severe	629	3.0260847578505388	2432.330778056874
Nigeria	LMIC	severe	630	2.881883440123353	2226.4640151797453
Nigeria	LMIC	severe	631	2.913968852597545	3007.663661768048
Nigeria	LMIC	severe	632	2.0973531559369327	2876.7329957752677
Nigeria	LMIC	severe	633	4.015323507847986	2377.761097994966
Nigeria	LMIC	severe	634	2.288820057087948	2631.6278662390278
Nigeria	LMIC	severe	635	2.2564462913860988	2906.9215216242383
Nigeria	LMIC	severe	636	1.8473379709370432	3534.3337423291578
Nigeria	LMIC	severe	637	1.1252918209372638	3108.355036840208
Nigeria	LMIC	severe	638	1.4943005555498043	2839.142136067114
Nigeria	LMIC	severe	639	1.6754283653962139	2707.9138256671354
Nigeria	LMIC	severe	640	2.3198503039705134	2657.1987392568717
Nigeria	LMIC	severe	641	3.620080769163021	2834.9459393450215
Nigeria	LMIC	severe	642	1.3590097023678531	2528.949131022061
Nigeria	LMIC	severe	643	2.422795014012128	2705.4427668676512
Nigeria	LMIC	severe	644	2.771007582825738	2399.8613449868867
Nigeria	LMIC	severe	645	1.6004475066494344	2529.9857953336877
Nigeria	LMIC	severe	646	1.907750732658812	2758.122895193894
Nigeria	LMIC	severe	647	3.263357279179253	2663.4699344654045
Nigeria	LMIC	severe	648	2.7570658780362294	2392.365042385907
Nigeria	LMIC	severe	649	1.8887008116578947	3010.28196590442
Nigeria	LMIC	severe	650	2.9575251134534577	3003.4476237555864
Nigeria	LMIC	severe	651	4.239362599237437	2668.7716370025655
Nigeria	LMIC	severe	652	1.8242131557289234	3217.566477663258
Nigeria	LMIC	severe	653	2.6547762183396415	2832.376682829129
Nigeria	LMIC	severe	654	2.597050742428589	2860.8794679387347
Nigeria	LMIC	severe	655	2.4691199647863247	2591.623150710948
Nigeria	LMIC	severe	656	3.513772446280223	2894.6390076743437
Nigeria	LMIC	severe	657	3.5373074993524574	2090.081930859608
Nigeria	LMIC	severe	658	3.5021782992452017	2856.5070354032514
Nigeria	LMIC	severe	659	2.9494527707008436	2529.543393469916
Nigeria	LMIC	severe	660	3.965353598873471	2799.0568476444323
Nigeria	LMIC	severe	661	2.0820608154004727	2525.6760887039964
Nigeria	LMIC	severe	662	2.8720535445405284	3375.296652990005
Nigeria	LMIC	severe	663	2.5279801202724466	2939.175904864632
Nigeria	LMIC	severe	664	3.1462813342078846	3012.0026260374834
Nigeria	LMIC	severe	665	2.983667287290648	2861.174908781755
Nigeria	LMIC	severe	666	2.0307189602631768	2661.2316070044585
Nigeria	LMIC	severe	667	3.370141699710845	2476.1189649607486
Nigeria	LMIC	severe	668	3.87050490726853	2591.740380515738
Nigeria	LMIC	severe	669	3.1686937155438315	2943.715901706293
Nigeria	LMIC	severe	670	0.7540555636197812	2848.579536622434
Nigeria	LMIC	severe	671	3.3300522016634178	2866.223012940739
Nigeria	LMIC	severe	672	1.4987685349028794	2992.71105874719
Nigeria	LMIC	severe	673	3.8327291361460567	2197.490559297468
Nigeria	LMIC	severe	674	3.5472151441741833	2931.7750611696597
Nigeria	LMIC	severe	675	2.3112296801794905	2427.0449378357416
Nigeria	LMIC	severe	676	3.2012583288204786	2426.4867712546543
Nigeria	LMIC	severe	677	2.773678241545312	3049.0588926750484
Nigeria	LMIC	severe	678	2.662663317606822	2694.9907513712155
Nigeria	LMIC	severe	679	2.9901180508995306	2729.5535394137023
Nigeria	LMIC	severe	680	4.341234113768984	2858.40423049728
Nigeria	LMIC	severe	681	1.7790814284259486	2753.619394260677
Nigeria	LMIC	severe	682	3.0821423466859406	2925.2084420688143
Nigeria	LMIC	severe	683	3.1211973316931534	2605.252634745938
Nigeria	LMIC	severe	684	2.4548511657467076	2891.7195196769126
Nigeria	LMIC	severe	685	3.3131224262208656	2497.5947339151826
Nigeria	LMIC	severe	686	1.454737509322233	2775.624346658089
Nigeria	LMIC	severe	687	2.84777425900052	3476.834941187958
Nigeria	LMIC	severe	688	3.2605601426352067	2967.3973290383333
Nigeria	LMIC	severe	689	1.4885755069893252	2816.7708789415883
Nigeria	LMIC	severe	690	3.6512729759971814	2215.123255828199
Nigeria	LMIC	severe	691	2.713113241064473	2945.1002160000767
Nigeria	LMIC	severe	692	3.7892950464216337	2164.893334903094
Nigeria	LMIC	severe	693	3.417403758947157	2393.9739483942453
Nigeria	LMIC	severe	694	4.12985779696548	3015.448405912909
Nigeria	LMIC	severe	695	4.101437281729195	3090.7959425294466
Nigeria	LMIC	severe	696	3.411617998442116	2442.2951197443526
Nigeria	LMIC	severe	697	2.7613320315354635	3414.3153805248994
Nigeria	LMIC	severe	698	1.309066893268569	2795.098075683539
Nigeria	LMIC	severe	699	3.709969720835846	2934.4016361991594
Nigeria	LMIC	severe	700	2.9252562739075545	2772.458034015119
Nigeria	LMIC	severe	701	1.8436353198305646	2976.3093585219412
Nigeria	LMIC	severe	702	3.3751419439730483	2721.8737077245933
Nigeria	LMIC	severe	703	1.9435317111248622	2304.4495463318203
Nigeria	LMIC	severe	704	3.539621727210526	2693.0800177908964
Nigeria	LMIC	severe	705	1.937555714318787	2753.8186348240224
Nigeria	LMIC	severe	706	2.914326890484401	2750.567813813199
Nigeria	LMIC	severe	707	4.793592729572741	2921.1182707695075
Nigeria	LMIC	severe	708	3.7337255912732488	3162.3098503304113
Nigeria	LMIC	severe	709	2.396787822763671	2486.5844880194295
Nigeria	LMIC	severe	710	2.4160447926284956	2668.448534354821
Nigeria	LMIC	severe	711	3.7575284707006045	2635.71462543133
Nigeria	LMIC	severe	712	3.2631287011155514	2810.8331005590408
Nigeria	LMIC	severe	713	2.8248599793723663	2319.166081207825
Nigeria	LMIC	severe	714	3.1640740195669173	2222.4328434550443
Nigeria	LMIC	severe	715	1.0616072198455244	2477.4005793475126
Nigeria	LMIC	severe	716	2.3791266794886887	3237.9257882833917
Nigeria	LMIC	severe	717	3.1714809444219245	2627.196256780949
Nigeria	LMIC	severe	718	2.816963175938243	3193.3355799609794
Nigeria	LMIC	severe	719	3.3013424809117717	2475.5007631527483
Nigeria	LMIC	severe	720	3.204808280828912	2576.9276079854926
Nigeria	LMIC	severe	721	2.16518937342905	2722.2020082523222
Nigeria	LMIC	severe	722	2.8431049538719577	3023.6058845440252
Nigeria	LMIC	severe	723	3.443545356526939	2737.69721240253
Nigeria	LMIC	severe	724	4.1741091120181135	3284.1049328574495
Nigeria	LMIC	severe	725	1.6950836748055327	2754.2074056727506
Nigeria	LMIC	severe	726	2.705679195610653	2694.1782709637528
Nigeria	LMIC	severe	727	3.075822635656542	3040.4568929189063
Nigeria	LMIC	severe	728	2.6015962960733603	2531.7395353264005
Nigeria	LMIC	severe	729	2.669202791550876	2783.700321574651
Nigeria	LMIC	severe	730	3.2785458250988313	3129.9481392586067
Nigeria	LMIC	severe	731	3.748366212694016	2923.139569553746
Nigeria	LMIC	severe	732	3.6367210863345445	3121.5389647812967
Nigeria	LMIC	severe	733	2.5144703799215895	2904.0835105688047
Nigeria	LMIC	severe	734	3.1985163671776187	3018.9508320373025
Nigeria	LMIC	severe	735	2.0989712515276775	3230.2787906810413
Nigeria	LMIC	severe	736	2.142636035624819	3080.7518300342936
Nigeria	LMIC	severe	737	2.9161385573170246	2624.636824074346
Nigeria	LMIC	severe	738	1.329119390808498	2991.7680468518624
Nigeria	LMIC	severe	739	3.7254209447690094	2543.6231228982624
Nigeria	LMIC	severe	740	2.656088060127643	2939.6634201047273
Nigeria	LMIC	severe	741	3.2902754558298577	2630.130035715135
Nigeria	LMIC	severe	742	3.34016576150942	3115.8264686453613
Nigeria	LMIC	severe	743	1.3261729084728753	2876.1436041810475
Nigeria	LMIC	severe	744	3.475761222653393	2610.433347350944
Nigeria	LMIC	severe	745	2.5593280738006374	2873.967888421516
Nigeria	LMIC	severe	746	2.366309653685235	2859.7042908724607
Nigeria	LMIC	severe	747	2.020170159297387	3360.9947648804136
Nigeria	LMIC	severe	748	2.256935462073799	2334.2561857596957
Nigeria	LMIC	severe	749	3.7091685959249547	2536.9503558284637
Nigeria	LMIC	severe	750	3.5773166803020358	3228.254128221133
Nigeria	LMIC	severe	751	2.6443646018819384	3161.455384294076
Nigeria	LMIC	severe	752	3.920193955145238	3331.17964440371
Nigeria	LMIC	severe	753	3.7276031039634203	2942.4190126313856
Nigeria	LMIC	severe	754	3.8010975055752345	2674.206772175514
Nigeria	LMIC	severe	755	3.829702066413626	3691.798558245606
Nigeria	LMIC	severe	756	2.2410729720698663	2930.390468377953
Nigeria	LMIC	severe	757	1.8560984726072904	3000.009158661641
Nigeria	LMIC	severe	758	3.548724190994146	2448.274936725449
Nigeria	LMIC	severe	759	3.268143090019267	2833.4287109699335
Nigeria	LMIC	severe	760	3.427930501803619	2850.946762079321
Nigeria	LMIC	severe	761	3.8571834955081146	2383.5596523822246
Nigeria	LMIC	severe	762	4.3060096566017245	2618.7646140883385
Nigeria	LMIC	severe	763	2.6029445384570327	2501.3299591072673
Nigeria	LMIC	severe	764	2.5763458075586465	2827.7585649447674
Nigeria	LMIC	severe	765	2.570086946689064	2706.4387847522185
Nigeria	LMIC	severe	766	3.5492102656764386	2997.1716439728893
Nigeria	LMIC	severe	767	2.0108946277082786	2931.9310242282772
Nigeria	LMIC	severe	768	3.0229205896738165	2754.507699147227
Nigeria	LMIC	severe	769	3.275428679048926	2706.2204231014675
Nigeria	LMIC	severe	770	1.17843523312997	3393.868302367112
Nigeria	LMIC	severe	771	3.0807218083790637	2450.1344222232415
Nigeria	LMIC	severe	772	3.4241953226731336	2464.2036485429962
Nigeria	LMIC	severe	773	3.556438822117431	3471.2036042333766
Nigeria	LMIC	severe	774	2.118788072773336	2420.411082558644
Nigeria	LMIC	severe	775	2.5003876929209	2804.2566724554304
Nigeria	LMIC	severe	776	3.2489526997411087	2940.5928569817893
Nigeria	LMIC	severe	777	2.74593291422644	2425.8231588746544
Nigeria	LMIC	severe	778	2.9998627287963657	2915.1088777286936
Nigeria	LMIC	severe	779	2.6076896677663512	2813.2588373203967
Nigeria	LMIC	severe	780	2.969237653915262	2989.072690413245
Nigeria	LMIC	severe	781	1.4210281735909849	2553.2212456488082
Nigeria	LMIC	severe	782	3.0915124920233588	2803.0051575062244
Nigeria	LMIC	severe	783	2.9796737252926775	2989.5888673891013
Nigeria	LMIC	severe	784	3.1168404140720645	3006.021062847617
Nigeria	LMIC	severe	785	3.4673711471754274	3240.9526327629355
Nigeria	LMIC	severe	786	1.6125903520671407	2416.4038241323087
Nigeria	LMIC	severe	787	1.8554777800096502	2803.7614476104513
Nigeria	LMIC	severe	788	3.213367445264063	2446.528040355729
Nigeria	LMIC	severe	789	2.4477664191586745	2685.579781383402
Nigeria	LMIC	severe	790	2.1049158583812932	2888.502773851158
Nigeria	LMIC	severe	791	2.9292683755851963	2264.08225051748
Nigeria	LMIC	severe	792	2.1590932566119996	2579.6905343279805
Nigeria	LMIC	severe	793	3.6018464272207122	2935.224381475733
Nigeria	LMIC	severe	794	3.1809484540659874	2499.0295393829874
Nigeria	LMIC	severe	795	3.263961001168771	2269.4824656000073
Nigeria	LMIC	severe	796	2.2855127844000585	2869.122506404787
Nigeria	LMIC	severe	797	2.884268571470372	2999.921465274667
Nigeria	LMIC	severe	798	3.1020025453145292	3307.588989866432
Nigeria	LMIC	severe	799	3.135656845591848	2564.6640409539723
Nigeria	LMIC	severe	800	2.6739107088496183	2150.934590084057
Nigeria	LMIC	severe	801	3.8574929109498797	2696.7042778515606
Nigeria	LMIC	severe	802	2.97840133939005	3316.2080341819737
Nigeria	LMIC	severe	803	2.090934308346867	2599.974771661372
Nigeria	LMIC	severe	804	2.091221904083855	3293.758326864643
Nigeria	LMIC	severe	805	3.6610525735022224	2560.1931570137003
Nigeria	LMIC	severe	806	2.035192758648602	2085.408325623472
Nigeria	LMIC	severe	807	3.2780188936110237	2747.5023694580145
Nigeria	LMIC	severe	808	3.0787563514430225	2701.362080333734
Nigeria	LMIC	severe	809	3.2370233285665053	2988.532199163638
Nigeria	LMIC	severe	810	2.1520935382764756	2980.0367680631725
Nigeria	LMIC	severe	811	3.0678267051909547	3125.97871491945
Nigeria	LMIC	severe	812	3.1737182027527453	2514.2914398786224
Nigeria	LMIC	severe	813	3.5207900657083977	3183.977669002231
Nigeria	LMIC	severe	814	3.198517410309213	2759.557947331858
Nigeria	LMIC	severe	815	4.512081912382276	2623.1703302298274
Nigeria	LMIC	severe	816	3.6990879088461552	2435.601072423071
Nigeria	LMIC	severe	817	4.493146081898631	2811.3903254725083
Nigeria	LMIC	severe	818	3.4751435673501057	2862.437877498708
Nigeria	LMIC	severe	819	3.08699543005738	2466.4600539373105
Nigeria	LMIC	severe	820	2.769884394985347	2557.2059011035426
Nigeria	LMIC	severe	821	3.5660576029929487	2454.562945257412
Nigeria	LMIC	severe	822	1.0551489018201954	2688.544689948511
Nigeria	LMIC	severe	823	2.9536940963564815	3075.6164364212564
Nigeria	LMIC	severe	824	2.026745581576229	2855.215498364356
Nigeria	LMIC	severe	825	3.5088729925339983	2332.32748801297
Nigeria	LMIC	severe	826	3.132152208758251	3379.8156305071916
Nigeria	LMIC	severe	827	3.528910364987566	2631.9299488005613
Nigeria	LMIC	severe	828	2.930540373370307	2720.4501418750942
Nigeria	LMIC	severe	829	3.371208703687511	2632.6537650564815
Nigeria	LMIC	severe	830	2.400940833286045	2634.014299307971
Nigeria	LMIC	severe	831	3.1689892955731693	2776.4773548409003
Nigeria	LMIC	severe	832	2.8201013865795304	2836.726139729703
Nigeria	LMIC	severe	833	2.8615383248215274	2819.024375551006
Nigeria	LMIC	severe	834	2.323416009556693	2893.880804249263
Nigeria	LMIC	severe	835	1.346971526647219	2987.974929679999
Nigeria	LMIC	severe	836	3.1012941059728423	2630.3210423819255
Nigeria	LMIC	severe	837	3.46029924309038	2329.611408143685
Nigeria	LMIC	severe	838	2.0343509024135047	2269.436993495272
Nigeria	LMIC	severe	839	2.6454841277820993	2815.528565676652
Nigeria	LMIC	severe	840	2.3161150842606304	3132.4031025167037
Nigeria	LMIC	severe	841	2.3261191054218973	3109.8448328166915
Nigeria	LMIC	severe	842	2.562084740496701	3295.219157841533
Nigeria	LMIC	severe	843	2.285874356898532	3110.7645450085724
Nigeria	LMIC	severe	844	2.8383571387553816	3121.3610390213926
Nigeria	LMIC	severe	845	2.508849743831375	3199.0146904073586
Nigeria	LMIC	severe	846	2.9015296871391865	2563.921165527301
Nigeria	LMIC	severe	847	2.541276943419171	3201.682579226616
Nigeria	LMIC	severe	848	3.1032276353438535	2735.6128375795233
Nigeria	LMIC	severe	849	3.3906964696135455	2280.952749235781
Nigeria	LMIC	severe	850	2.7423021605348996	2728.8461699781324
Nigeria	LMIC	severe	851	1.9535227406603326	3234.773337170527
Nigeria	LMIC	severe	852	3.937516048684941	3033.060006627884
Nigeria	LMIC	severe	853	1.3508244580942756	3250.374956618892
Nigeria	LMIC	severe	854	1.826476913642015	2653.3059655147413
Nigeria	LMIC	severe	855	2.0025877932135554	2522.404221236173
Nigeria	LMIC	severe	856	3.0854801220883568	3054.0078545153597
Nigeria	LMIC	severe	857	3.2182582411263585	2353.9727749722415
Nigeria	LMIC	severe	858	3.266296323830093	2820.8560304147063
Nigeria	LMIC	severe	859	2.4595905706914536	3097.345430119406
Nigeria	LMIC	severe	860	3.30078176961608	2868.895664361532
Nigeria	LMIC	severe	861	3.8093058566390834	3315.9988689419147
Nigeria	LMIC	severe	862	2.980498568184931	2674.289375952246
Nigeria	LMIC	severe	863	2.432167567806247	3320.6415121997925
Nigeria	LMIC	severe	864	3.0039933221153357	2878.3371704053193
Nigeria	LMIC	severe	865	4.278176069183381	3131.937644565483
Nigeria	LMIC	severe	866	3.9896177934507993	2947.102277362823
Nigeria	LMIC	severe	867	2.70196125399179	2618.6035205798985
Nigeria	LMIC	severe	868	2.905358411964924	2654.1270110868745
Nigeria	LMIC	severe	869	3.1903238448531797	3016.943615129807
Nigeria	LMIC	severe	870	1.5657137755404698	2593.343070697789
Nigeria	LMIC	severe	871	3.627914403336142	2176.5931224265923
Nigeria	LMIC	severe	872	2.022186617959048	2615.097485851712
Nigeria	LMIC	severe	873	3.1464779297030034	2471.045415545301
Nigeria	LMIC	severe	874	2.4223395553696134	2893.379285290454
Nigeria	LMIC	severe	875	2.645891072438026	2164.104572309687
Nigeria	LMIC	severe	876	3.675069884914974	2930.795630600411
Nigeria	LMIC	severe	877	2.4133966407816914	2450.052052064075
Nigeria	LMIC	severe	878	3.656617545362442	3191.5164224848527
Nigeria	LMIC	severe	879	2.6962726638470107	2664.6562075158213
Nigeria	LMIC	severe	880	2.860338120210943	3144.579080544517
Nigeria	LMIC	severe	881	2.1385889234531996	2965.26224270425
Nigeria	LMIC	severe	882	2.229414575511141	2716.0468257429848
Nigeria	LMIC	severe	883	3.6724441886920474	3066.0280702762693
Nigeria	LMIC	severe	884	2.6956239405717	2835.621070223938
Nigeria	LMIC	severe	885	3.6151380919300173	2935.7269609459963
Nigeria	LMIC	severe	886	4.312488394557777	3333.429133589134
Nigeria	LMIC	severe	887	3.9970738957798746	2465.0067404226074
Nigeria	LMIC	severe	888	2.0756091842176234	2611.1328643065995
Nigeria	LMIC	severe	889	2.830918655627852	3149.443439478123
Nigeria	LMIC	severe	890	3.073499881516132	3567.6653038034565
Nigeria	LMIC	severe	891	1.91001424699515	2594.50081868169
Nigeria	LMIC	severe	892	4.234629904351419	2687.1719876888037
Nigeria	LMIC	severe	893	1.9462522761772156	3255.5019401310847
Nigeria	LMIC	severe	894	2.554631118036599	2430.237226782545
Nigeria	LMIC	severe	895	2.9982812938568077	3173.9677287549753
Nigeria	LMIC	severe	896	3.4600888545616355	2943.257132316091
Nigeria	LMIC	severe	897	2.839909797750307	3469.7705138422407
Nigeria	LMIC	severe	898	2.3499448852757014	2639.0998686127346
Nigeria	LMIC	severe	899	2.4769607096194406	3241.784505493495
Nigeria	LMIC	severe	900	3.858377613881167	2004.237593730476
Nigeria	LMIC	severe	901	1.5936369656716236	2275.067778237814
Nigeria	LMIC	severe	902	3.256212312098655	2914.367785313055
Nigeria	LMIC	severe	903	4.0014470308458545	2558.063109713723
Nigeria	LMIC	severe	904	2.058417363602886	2495.9314827313683
Nigeria	LMIC	severe	905	3.6128129086895946	2413.6714457854014
Nigeria	LMIC	severe	906	3.4749888987237707	3293.622725483249
Nigeria	LMIC	severe	907	1.6364501362500414	2789.130205128536
Nigeria	LMIC	severe	908	3.1493284177157275	2815.901022832424
Nigeria	LMIC	severe	909	4.0237223396048565	2475.1438390354133
Nigeria	LMIC	severe	910	3.7458685245553482	2694.806118865608
Nigeria	LMIC	severe	911	2.509416551691391	3108.621536913095
Nigeria	LMIC	severe	912	2.341528484941617	3068.209948976291
Nigeria	LMIC	severe	913	2.931581583866505	2783.606484081967
Nigeria	LMIC	severe	914	3.372155828716867	2900.7619919633066
Nigeria	LMIC	severe	915	3.8051484456884275	2372.5490806631933
Nigeria	LMIC	severe	916	2.644674696228975	2899.5833195276928
Nigeria	LMIC	severe	917	2.6991457017830864	2651.945747119581
Nigeria	LMIC	severe	918	1.9147549551106877	2940.346414228161
Nigeria	LMIC	severe	919	2.590428987625411	2936.354393255215
Nigeria	LMIC	severe	920	2.1042949039139947	2823.3365815728557
Nigeria	LMIC	severe	921	3.236845155830255	2846.541459144054
Nigeria	LMIC	severe	922	2.502151138507788	3298.5550479079075
Nigeria	LMIC	severe	923	3.43402290189563	3050.4250759878005
Nigeria	LMIC	severe	924	2.674537395732245	3127.8838454649394
Nigeria	LMIC	severe	925	2.988781787548473	2817.536467040986
Nigeria	LMIC	severe	926	2.761108493137751	3238.1765777232276
Nigeria	LMIC	severe	927	2.5959413273318885	2887.718528069821
Nigeria	LMIC	severe	928	2.459461595183339	2920.9523995825534
Nigeria	LMIC	severe	929	1.9190844620869028	2951.2189845501734
Nigeria	LMIC	severe	930	2.18379759257078	3065.1821642558516
Nigeria	LMIC	severe	931	2.3591741077800927	2502.3423573310447
Nigeria	LMIC	severe	932	0.8307941090516913	2105.626067907539
Nigeria	LMIC	severe	933	3.522873524777184	2590.4974153994795
Nigeria	LMIC	severe	934	3.5044401181116864	2462.4641795218504
Nigeria	LMIC	severe	935	3.256132514212336	2968.8569427917373
Nigeria	LMIC	severe	936	1.659935534342675	2555.268718301146
Nigeria	LMIC	severe	937	2.207324895155095	2251.6386905150175
Nigeria	LMIC	severe	938	3.745056719491351	2898.532873848881
Nigeria	LMIC	severe	939	1.9503055430056193	2837.3413813656757
Nigeria	LMIC	severe	940	3.630305391280114	2952.348285121445
Nigeria	LMIC	severe	941	3.2274549700276047	2974.6166503574273
Nigeria	LMIC	severe	942	1.6006423551519378	2339.2671077824784
Nigeria	LMIC	severe	943	3.120483432095055	2263.500993560624
Nigeria	LMIC	severe	944	3.1767526951543488	2883.9243621657724
Nigeria	LMIC	severe	945	2.959628978812029	2416.055065134138
Nigeria	LMIC	severe	946	3.2066330172537736	3089.1617883897043
Nigeria	LMIC	severe	947	3.1285023494649913	3051.220022908256
Nigeria	LMIC	severe	948	2.621428332617203	3074.7775678397193
Nigeria	LMIC	severe	949	2.942487298282379	3292.820780159332
Nigeria	LMIC	severe	950	3.428342786154337	2883.2326771659464
Nigeria	LMIC	severe	951	3.1046685330161434	3333.519289104126
Nigeria	LMIC	severe	952	3.5311901376458668	3067.611346950349
Nigeria	LMIC	severe	953	1.6926654584012555	3020.9053955999516
Nigeria	LMIC	severe	954	2.9419039592427083	3044.6463801003674
Nigeria	LMIC	severe	955	2.121393825488762	3034.610182902271
Nigeria	LMIC	severe	956	2.274120766169794	3015.450049289989
Nigeria	LMIC	severe	957	3.688706508531764	2721.2280255307905
Nigeria	LMIC	severe	958	2.7492016575654246	2800.627590884995
Nigeria	LMIC	severe	959	3.0384086440993094	3021.8021823922663
Nigeria	LMIC	severe	960	3.8396081380494325	2740.725814341591
Nigeria	LMIC	severe	961	3.6992445952667037	3393.624291108232
Nigeria	LMIC	severe	962	1.8053702172863124	2650.1457478117763
Nigeria	LMIC	severe	963	2.6614282799682822	2822.982584062611
Nigeria	LMIC	severe	964	3.1822095964576675	2932.482239354036
Nigeria	LMIC	severe	965	2.353422105948707	2501.503352038185
Nigeria	LMIC	severe	966	2.818384247164702	2521.221509736355
Nigeria	LMIC	severe	967	1.786859313265733	2924.794364253093
Nigeria	LMIC	severe	968	2.396572520761506	2417.1593795248123
Nigeria	LMIC	severe	969	2.169689126193826	2267.396216244268
Nigeria	LMIC	severe	970	3.9502851162286134	3242.813875106296
Nigeria	LMIC	severe	971	2.4933316546150337	2915.399477288037
Nigeria	LMIC	severe	972	2.103175393678269	2704.1106033976384
Nigeria	LMIC	severe	973	3.0136189792675436	2938.633877962034
Nigeria	LMIC	severe	974	3.9523960305359136	2630.5001898024157
Nigeria	LMIC	severe	975	2.756873545038294	2735.328078796113
Nigeria	LMIC	severe	976	2.803964028513149	2372.374004409697
Nigeria	LMIC	severe	977	4.733153843472633	2388.186963156606
Nigeria	LMIC	severe	978	1.7539899989792183	2923.480822728264
Nigeria	LMIC	severe	979	3.173235967532807	2900.4151962410288
Nigeria	LMIC	severe	980	2.165058248823885	2988.6420231885927
Nigeria	LMIC	severe	981	2.420305701257293	3149.331994747755
Nigeria	LMIC	severe	982	2.4863212929957843	3243.6452802573963
Nigeria	LMIC	severe	983	2.473387905625941	3210.978806714802
Nigeria	LMIC	severe	984	3.031290313519831	2622.100609006188
Nigeria	LMIC	severe	985	2.534900591374419	2432.762213223641
Nigeria	LMIC	severe	986	1.3238493245022003	2701.5173378818517
Nigeria	LMIC	severe	987	2.7348873397284015	2864.8923349502525
Nigeria	LMIC	severe	988	2.7330731052826645	2972.4876625316083
Nigeria	LMIC	severe	989	2.0469897934014307	3039.35327833089
Nigeria	LMIC	severe	990	2.4815968588290875	3102.577276574405
Nigeria	LMIC	severe	991	3.631396136134123	2551.867760044256
Nigeria	LMIC	severe	992	1.3434553221032939	3058.2338042905144
Nigeria	LMIC	severe	993	1.6796826113598131	2721.5454432380075
Nigeria	LMIC	severe	994	2.8821283693767166	2083.033253434398
Nigeria	LMIC	severe	995	3.422373165431316	3122.6493060065504
Nigeria	LMIC	severe	996	3.63507383676538	3181.2496725388623
Nigeria	LMIC	severe	997	1.9105351875675325	3163.647074416729
Nigeria	LMIC	severe	998	2.9039610663964757	3338.513897727915
Nigeria	LMIC	severe	999	3.082336486950801	3292.090512439572
Nigeria	LMIC	severe	1000	2.4074310524884615	2607.673003369608
UK	HIC	less_severe	1	0.06331539514995654	1350.8197081768012
UK	HIC	less_severe	2	0.10242782330168954	1419.420570207596
UK	HIC	less_severe	3	0.07519745311380643	1284.1587267769319
UK	HIC	less_severe	4	0.09186858406993115	1236.773403701165
UK	HIC	less_severe	5	0.13299793097479418	1055.9109295810558
UK	HIC	less_severe	6	0.038847428132788187	1535.2611689460791
UK	HIC	less_severe	7	0.1095490499226126	1409.3999691312856
UK	HIC	less_severe	8	0.08301314187807995	971.6583351983354
UK	HIC	less_severe	9	0.1031683608995213	1128.3847482738129
UK	HIC	less_severe	10	0.07542409535927974	1070.7691752828214
UK	HIC	less_severe	11	0.07101954907817887	955.8446958167569
UK	HIC	less_severe	12	0.056033828048174694	1366.3433298743075
UK	HIC	less_severe	13	0.08583979688437449	1214.032334901014
UK	HIC	less_severe	14	0.07650231867699553	1380.003894449408
UK	HIC	less_severe	15	0.030386154791253617	1548.9587533328486
UK	HIC	less_severe	16	0.07166187342848551	1267.841243262883
UK	HIC	less_severe	17	0.11117416455575402	1215.9099123490087
UK	HIC	less_severe	18	0.13361102994317564	1171.5287476075064
UK	HIC	less_severe	19	0.09905630853486302	1430.0751391973608
UK	HIC	less_severe	20	0.05205151827733134	1426.1753601254495
UK	HIC	less_severe	21	0.06546438770568619	897.4923318107558
UK	HIC	less_severe	22	0.0650273747702439	1292.167634569032
UK	HIC	less_severe	23	0.064122249903662	1399.1063333328784
UK	HIC	less_severe	24	0.06389140177120778	1325.8301340689977
UK	HIC	less_severe	25	0.09410336032292843	1193.355458072736
UK	HIC	less_severe	26	0.08559046312596585	1296.7623692992456
UK	HIC	less_severe	27	0.07433069239982615	1356.7647754846403
UK	HIC	less_severe	28	0.0863938285614112	1447.4785620323455
UK	HIC	less_severe	29	0.04756111978977984	1465.3358547481657
UK	HIC	less_severe	30	0.1069249186612462	1216.7407845814269
UK	HIC	less_severe	31	0.08996649960678882	1048.6063401308475
UK	HIC	less_severe	32	0.079253780033126775	1421.677351664519
UK	HIC	less_severe	33	0.08532220625119491	1340.9283653211096
UK	HIC	less_severe	34	0.11274811345075086	1439.6167096704885
UK	HIC	less_severe	35	0.05520376714399022	1338.9212058352132
UK	HIC	less_severe	36	0.056800953003314225	1491.8071413831822
UK	HIC	less_severe	37	0.05823631027520637	1350.759322693255
UK	HIC	less_severe	38	0.1145474839757008	1269.6264754501208
UK	HIC	less_severe	39	0.11986689177647225	1486.2049174141212
UK	HIC	less_severe	40	0.08133010335896151	1537.6393845923194
UK	HIC	less_severe	41	0.09661616093947334	984.4666029499749
UK	HIC	less_severe	42	0.07812527625184318	1248.076501371408
UK	HIC	less_severe	43	0.1123349327871177	1383.38242486948
UK	HIC	less_severe	44	0.10014998173486545	1421.3833564298984
UK	HIC	less_severe	45	0.04989366289613706	1252.87258717417
UK	HIC	less_severe	46	0.07720716848318165	1305.092347473339
UK	HIC	less_severe	47	0.12388804893829275	1136.983257737822
UK	HIC	less_severe	48	0.04613849749036869	1146.6986494575176
UK	HIC	less_severe	49	0.06681811331819687	1169.2069204031432
UK	HIC	less_severe	50	0.07220982891094385	1499.3003349302671
UK	HIC	less_severe	51	0.07306216691014722	1199.285308934781
UK	HIC	less_severe	52	0.09342997906042005	1221.621709470579
UK	HIC	less_severe	53	0.10390789587383398	1008.1501784444172
UK	HIC	less_severe	54	0.06338597753372954	1281.7414535567368
UK	HIC	less_severe	55	0.047238874633876105	1393.651677055659
UK	HIC	less_severe	56	0.05123063888312562	1385.3153191409183
UK	HIC	less_severe	57	0.05459288610839996	1143.1082307706474
UK	HIC	less_severe	58	0.07358350669761338	1350.6046803062745
UK	HIC	less_severe	59	0.08647103416613122	1253.6186536541936
UK	HIC	less_severe	60	0.08277774455588038	1521.1712639003272
UK	HIC	less_severe	61	0.06692858883013963	1182.7332964829657
UK	HIC	less_severe	62	0.08497896081440115	1617.736074784425
UK	HIC	less_severe	63	0.048807488400087085	1398.4654311970844
UK	HIC	less_severe	64	0.11844072121027649	1207.751690212408
UK	HIC	less_severe	65	0.062009945885974194	1562.9323951483566
UK	HIC	less_severe	66	0.0571305751087845	1010.6358539416397
UK	HIC	less_severe	67	0.11378851169176007	1426.6574846971453
UK	HIC	less_severe	68	0.07357107361854753	1507.695067711069
UK	HIC	less_severe	69	0.04602056630960649	1501.6952954332992
UK	HIC	less_severe	70	0.04802516073696261	1308.1110613425008
UK	HIC	less_severe	71	0.03883305747638577	1113.026119130238
UK	HIC	less_severe	72	0.096751277651832	1199.0647068925973
UK	HIC	less_severe	73	0.08861587418013261	983.9428111907
UK	HIC	less_severe	74	0.07388545549924963	1419.24499633885
UK	HIC	less_severe	75	0.09162935820213991	1396.470986622866
UK	HIC	less_severe	76	0.06369950826437609	1602.1595971370807
UK	HIC	less_severe	77	0.07648734452838846	1209.5592846831423
UK	HIC	less_severe	78	0.08166529047676985	1141.75399308148
UK	HIC	less_severe	79	0.07510547813024893	1243.1143686862379
UK	HIC	less_severe	80	0.07359219680801221	1518.0828156198986
UK	HIC	less_severe	81	0.07350894153942633	1506.306104529518
UK	HIC	less_severe	82	0.1093891105138467	1357.8492333105314
UK	HIC	less_severe	83	0.05622699225643979	1087.0416054078978
UK	HIC	less_severe	84	0.07563121815181262	1331.8965631476967
UK	HIC	less_severe	85	0.07879169747813553	1219.7240367093527
UK	HIC	less_severe	86	0.05508656612120699	1530.308198250983
UK	HIC	less_severe	87	0.03452047989918805	1413.7575330749787
UK	HIC	less_severe	88	0.04595070091810882	1075.8566948246043
UK	HIC	less_severe	89	0.07122820924532203	1466.826867921016
UK	HIC	less_severe	90	0.05566051749759793	1260.8533063108334
UK	HIC	less_severe	91	0.057891299024463105	1414.5689639181255
UK	HIC	less_severe	92	0.06578848424221961	1394.339119110322
UK	HIC	less_severe	93	0.10017347009665656	1033.6068205881147
UK	HIC	less_severe	94	0.08345988813703187	1215.4198009710235
UK	HIC	less_severe	95	0.09464885332094664	1320.711097021769
UK	HIC	less_severe	96	0.0718018089764012	1450.0800495729636
UK	HIC	less_severe	97	0.062441939753147935	1315.5295117463538
UK	HIC	less_severe	98	0.08010594533991977	1403.6627837540364
UK	HIC	less_severe	99	0.12644480896892185	1477.6034275045895
UK	HIC	less_severe	100	0.07292373644533168	891.0387060068733
UK	HIC	less_severe	101	0.0737504158025093	1564.4323827121007
UK	HIC	less_severe	102	0.03661037451518734	1264.0340358518297
UK	HIC	less_severe	103	0.04222378033431795	1171.5409364517564
UK	HIC	less_severe	104	0.052815805870382926	1209.2467872300858
UK	HIC	less_severe	105	0.08162559608427733	987.9586896488727
UK	HIC	less_severe	106	0.09445394425385678	1219.983335067136
UK	HIC	less_severe	107	0.04291016910647283	1216.6148871976802
UK	HIC	less_severe	108	0.035692660787711716	1405.6754684410116
UK	HIC	less_severe	109	0.05223829261689206	1416.841393694158
UK	HIC	less_severe	110	0.10769748706935811	1234.887435205288
UK	HIC	less_severe	111	0.0755358476523349	1235.5773602852532
UK	HIC	less_severe	112	0.06296493281031346	1191.7996735637898
UK	HIC	less_severe	113	0.04736185630283862	1427.3376553525814
UK	HIC	less_severe	114	0.08829802266350217	929.8637254286969
UK	HIC	less_severe	115	0.1100494520770523	1108.4242534366676
UK	HIC	less_severe	116	0.05538721111239053	1409.1833231508026
UK	HIC	less_severe	117	0.049492342582848625	1363.4056583857164
UK	HIC	less_severe	118	0.06931753775034943	1604.9798851579144
UK	HIC	less_severe	119	0.0783823482103938	1262.9908920538292
UK	HIC	less_severe	120	0.09443329107678267	1399.0977818031606
UK	HIC	less_severe	121	0.12363074875128266	1343.2761767192387
UK	HIC	less_severe	122	0.06722668965991963	1330.923687539671
UK	HIC	less_severe	123	0.048820555581201575	1242.0430386861772
UK	HIC	less_severe	124	0.0822885669518425	1336.2518645226992
UK	HIC	less_severe	125	0.07828182866991007	1179.3393607841263
UK	HIC	less_severe	126	0.09709237319039232	1275.7292265209871
UK	HIC	less_severe	127	0.09963012131171256	1228.2095611597251
UK	HIC	less_severe	128	0.051242891012013736	1231.8273734284812
UK	HIC	less_severe	129	0.05783867216860439	1635.130631085125
UK	HIC	less_severe	130	0.09767914835548064	1357.7574098689074
UK	HIC	less_severe	131	0.08340466037293282	1001.4280754678621
UK	HIC	less_severe	132	0.06605161996755715	1305.886514007576
UK	HIC	less_severe	133	0.08476465410602008	1425.4072678901102
UK	HIC	less_severe	134	0.08227003706059222	1201.3554632579508
UK	HIC	less_severe	135	0.09054561577319165	1244.143587039238
UK	HIC	less_severe	136	0.047110327353130366	1293.209978162682
UK	HIC	less_severe	137	0.08679965716141691	1034.6360504715085
UK	HIC	less_severe	138	0.06467323850044338	1335.9295915691255
UK	HIC	less_severe	139	0.04047645781066267	984.7281415006219
UK	HIC	less_severe	140	0.047877516618506366	1414.8075792947275
UK	HIC	less_severe	141	0.11116008188954796	1383.3553648622546
UK	HIC	less_severe	142	0.08050045515767001	1259.7593022738874
UK	HIC	less_severe	143	0.07792109297960348	1109.5042074491794
UK	HIC	less_severe	144	0.05167868760605421	1259.7427976274375
UK	HIC	less_severe	145	0.07235648383792403	1216.3375978688746
UK	HIC	less_severe	146	0.07551426526882565	1219.2972221152013
UK	HIC	less_severe	147	0.09060525718931123	1292.4572156368085
UK	HIC	less_severe	148	0.10792058382527348	1214.825653053369
UK	HIC	less_severe	149	0.07763825150081649	1263.3665964093598
UK	HIC	less_severe	150	0.07963081594003985	1224.2795326888263
UK	HIC	less_severe	151	0.09598381597902805	1460.7430607503884
UK	HIC	less_severe	152	0.07569440869279354	1257.716010496355
UK	HIC	less_severe	153	0.06707615123476374	1103.2735567992822
UK	HIC	less_severe	154	0.07193557763361902	1287.2891612015774
UK	HIC	less_severe	155	0.12996607286379325	1308.5741708947644
UK	HIC	less_severe	156	0.06593542343618264	1501.7915682411112
UK	HIC	less_severe	157	0.063425998627192115	1366.423052167902
UK	HIC	less_severe	158	0.049541741649078874	1423.0946238685901
UK	HIC	less_severe	159	0.09041055792201047	1392.5249032551583
UK	HIC	less_severe	160	0.10391966316093937	1433.1978078128413
UK	HIC	less_severe	161	0.07805816693634293	1343.263769870944
UK	HIC	less_severe	162	0.08785273442113573	1339.2528981121359
UK	HIC	less_severe	163	0.08794096658852846	1278.6500119107695
UK	HIC	less_severe	164	0.0651230922064987	1123.5622068034718
UK	HIC	less_severe	165	0.07502721942642587	1355.246059549987
UK	HIC	less_severe	166	0.09282379639400462	1055.9152099259354
UK	HIC	less_severe	167	0.05681818799528049	1121.433772428376
UK	HIC	less_severe	168	0.10868081388498618	1177.3719059162868
UK	HIC	less_severe	169	0.06653377633055091	1130.722205809694
UK	HIC	less_severe	170	0.08220918158692436	1339.1201178635056
UK	HIC	less_severe	171	0.07261189387808553	1300.2992496993247
UK	HIC	less_severe	172	0.042626613682284376	1077.6335293185784
UK	HIC	less_severe	173	0.06885025824640989	1174.1781921367765
UK	HIC	less_severe	174	0.09102793515662722	1448.81529167814
UK	HIC	less_severe	175	0.08428922826968677	1617.8248996665097
UK	HIC	less_severe	176	0.09653831357222331	1501.3126492861302
UK	HIC	less_severe	177	0.06437971095480965	1119.1751714063357
UK	HIC	less_severe	178	0.0826809080937223	1416.7584947444448
UK	HIC	less_severe	179	0.06596300265546429	1464.1449308886004
UK	HIC	less_severe	180	0.10390760106861796	1091.567068360735
UK	HIC	less_severe	181	0.09847854233290576	1272.9805385095788
UK	HIC	less_severe	182	0.07616321253090419	1346.9714058745776
UK	HIC	less_severe	183	0.08502705387187026	1413.9128343742996
UK	HIC	less_severe	184	0.06322408147328629	1372.1274519397775
UK	HIC	less_severe	185	0.07335584515800209	1252.5425022584495
UK	HIC	less_severe	186	0.1142021470777328	1405.9399493701967
UK	HIC	less_severe	187	0.0861640853388852	1114.4143092166305
UK	HIC	less_severe	188	0.09716169145667419	1594.9321584497266
UK	HIC	less_severe	189	0.08032687003246419	1269.872885202003
UK	HIC	less_severe	190	0.06209509103918842	1431.3805524392556
UK	HIC	less_severe	191	0.056890717806517666	1086.7034620019967
UK	HIC	less_severe	192	0.1266212813952028	1597.674322627161
UK	HIC	less_severe	193	0.10783536714900555	1474.3593367660978
UK	HIC	less_severe	194	0.10108303560759113	1383.359722943158
UK	HIC	less_severe	195	0.07028621251142653	1139.5261286484674
UK	HIC	less_severe	196	0.08488381224651809	1558.2075501160616
UK	HIC	less_severe	197	0.05674396952593419	1538.5981372420101
UK	HIC	less_severe	198	0.07115753711259121	1233.5653970373496
UK	HIC	less_severe	199	0.07124379264268788	1368.4049605006003
UK	HIC	less_severe	200	0.0632986012631429	1215.2860629610004
UK	HIC	less_severe	201	0.03817589659253984	1145.4845085957168
UK	HIC	less_severe	202	0.10297153359985245	1340.4907321056526
UK	HIC	less_severe	203	0.09438744154047152	1081.2826798156602
UK	HIC	less_severe	204	0.08142466793903358	1405.7023973657488
UK	HIC	less_severe	205	0.09483631202523735	1350.5391447091497
UK	HIC	less_severe	206	0.09177386635632478	1023.6035607305967
UK	HIC	less_severe	207	0.08764970553227491	1328.7898522469877
UK	HIC	less_severe	208	0.03682244830139991	1242.9907433561275
UK	HIC	less_severe	209	0.06012602537612777	1313.2173427934576
UK	HIC	less_severe	210	0.05221057950775965	1356.7212380598467
UK	HIC	less_severe	211	0.019364963198835516	1479.4537119824563
UK	HIC	less_severe	212	0.06276664517236741	1112.3987067535927
UK	HIC	less_severe	213	0.07614389159043577	969.9099871181352
UK	HIC	less_severe	214	0.08455731192840976	1297.48178534018
UK	HIC	less_severe	215	0.08845246350058522	1420.3014317877387
UK	HIC	less_severe	216	0.029964294215844456	1198.0791018742711
UK	HIC	less_severe	217	0.043996920903973225	1619.8966222859235
UK	HIC	less_severe	218	0.06453397213403855	1412.0914570705245
UK	HIC	less_severe	219	0.03446048525468903	1221.6830596548243
UK	HIC	less_severe	220	0.06908551166319654	1194.070950809788
UK	HIC	less_severe	221	0.11379500831127021	1070.603598663958
UK	HIC	less_severe	222	0.04220407259388437	1558.4225046885513
UK	HIC	less_severe	223	0.06716655445394082	1661.1393668583332
UK	HIC	less_severe	224	0.0707147708426219	1523.7260535203422
UK	HIC	less_severe	225	0.11492536700421474	1360.6863068765306
UK	HIC	less_severe	226	0.08134174345478362	1351.1360306058923
UK	HIC	less_severe	227	0.08205152151306683	1229.403110663061
UK	HIC	less_severe	228	0.11730659885044892	1185.8158526167572
UK	HIC	less_severe	229	0.11107806338100334	1285.8718350163326
UK	HIC	less_severe	230	0.09468495350890649	1441.5516123826783
UK	HIC	less_severe	231	0.038353332364739146	1185.549938972139
UK	HIC	less_severe	232	0.07048655039871665	1114.6089485845296
UK	HIC	less_severe	233	0.1107862819214227	1029.171475469011
UK	HIC	less_severe	234	0.0860150277388132	1682.4111169988682
UK	HIC	less_severe	235	0.12242333892431079	1150.5902232168592
UK	HIC	less_severe	236	0.059660762366150255	1230.693955466806
UK	HIC	less_severe	237	0.08554820803694385	1473.6769549066012
UK	HIC	less_severe	238	0.08233815952835144	1509.6818874625715
UK	HIC	less_severe	239	0.05596430875496261	1502.4061231912892
UK	HIC	less_severe	240	0.061501737885059526	1171.4161681241749
UK	HIC	less_severe	241	0.08946454115168079	1477.332264544999
UK	HIC	less_severe	242	0.07309779257272653	1272.9033943999093
UK	HIC	less_severe	243	0.11233056582662337	1276.0584741583334
UK	HIC	less_severe	244	0.057452006337125106	1478.739141233309
UK	HIC	less_severe	245	0.07861261565168975	1024.7236245296936
UK	HIC	less_severe	246	0.11841842824481175	1429.8541101075716
UK	HIC	less_severe	247	0.04839478576303158	1301.2009897244025
UK	HIC	less_severe	248	0.06281115511458868	1390.452977171386
UK	HIC	less_severe	249	0.07713551123617846	1316.565430850762
UK	HIC	less_severe	250	0.09780815704871859	1087.7237783087585
UK	HIC	less_severe	251	0.05904150182756851	1194.6174005309767
UK	HIC	less_severe	252	0.04600937459276855	1380.846371002619
UK	HIC	less_severe	253	0.07742536404199973	1163.2169749775312
UK	HIC	less_severe	254	0.08829811193116321	1365.52893090848
UK	HIC	less_severe	255	0.058513717650376273	1287.7381946969326
UK	HIC	less_severe	256	0.09470940408683703	1603.051927380504
UK	HIC	less_severe	257	0.11558116195956014	1392.2638628403256
UK	HIC	less_severe	258	0.07004812071237154	1148.9204962521071
UK	HIC	less_severe	259	0.07063549076608133	1243.5407884041888
UK	HIC	less_severe	260	0.05711639775691735	1061.027249731298
UK	HIC	less_severe	261	0.09440371834178007	1242.6291147094562
UK	HIC	less_severe	262	0.07831035097509753	1476.8244462589828
UK	HIC	less_severe	263	0.11632086429101474	1149.4156678751133
UK	HIC	less_severe	264	0.060623492993763684	1207.536083646548
UK	HIC	less_severe	265	0.09488845099648069	1309.0914197097736
UK	HIC	less_severe	266	0.05544843733271643	1502.9264462350802
UK	HIC	less_severe	267	0.08969978676133206	1009.4400573344592
UK	HIC	less_severe	268	0.10197841701435406	1357.0728710683434
UK	HIC	less_severe	269	0.09554326218567555	1490.2228010609651
UK	HIC	less_severe	270	0.06813344624827966	1391.0190918411863
UK	HIC	less_severe	271	0.07896198969036372	969.6844548123881
UK	HIC	less_severe	272	0.10461389819137246	1490.152112937336
UK	HIC	less_severe	273	0.05764271790469033	1041.6311463538914
UK	HIC	less_severe	274	0.06788460831664533	1221.3513548373048
UK	HIC	less_severe	275	0.058391611694534884	1241.7469768730043
UK	HIC	less_severe	276	0.09417482861640059	1092.299680852886
UK	HIC	less_severe	277	0.05994104866698313	1379.9297993845867
UK	HIC	less_severe	278	0.08291948292206874	1153.633408340931
UK	HIC	less_severe	279	0.10535754369405037	1430.1947143491889
UK	HIC	less_severe	280	0.07526406687211251	1413.2960188238576
UK	HIC	less_severe	281	0.08145724552832778	1546.65837858319
UK	HIC	less_severe	282	0.05864477837833193	1198.7761158441608
UK	HIC	less_severe	283	0.057355820651214806	1444.135735462205
UK	HIC	less_severe	284	0.05550647645555995	1539.1716917107296
UK	HIC	less_severe	285	0.11250679503243832	1223.9972031439029
UK	HIC	less_severe	286	0.05991689618667406	1067.558850946356
UK	HIC	less_severe	287	0.063247855566402	1177.6401009152742
UK	HIC	less_severe	288	0.1344628964050898	1485.6818061051708
UK	HIC	less_severe	289	0.06769447083786995	1352.7910969954974
UK	HIC	less_severe	290	0.050180266228444736	1090.2191690583531
UK	HIC	less_severe	291	0.058288101038237894	1253.8569738022998
UK	HIC	less_severe	292	0.06528650596659746	1349.2086309577753
UK	HIC	less_severe	293	0.06761211466230876	1381.6528792748759
UK	HIC	less_severe	294	0.09486301509876727	1039.7999276249102
UK	HIC	less_severe	295	0.05155107780413881	1114.2064969431267
UK	HIC	less_severe	296	0.0749902252728476	1395.1739182501951
UK	HIC	less_severe	297	0.050066319303607276	1086.0720762007586
UK	HIC	less_severe	298	0.07040832823691012	1366.073569846827
UK	HIC	less_severe	299	0.07620944370687299	1300.4443735949062
UK	HIC	less_severe	300	0.06997351410231034	1207.975615743846
UK	HIC	less_severe	301	0.04962588631007536	1304.1580838348455
UK	HIC	less_severe	302	0.07011486861889771	1372.064146020104
UK	HIC	less_severe	303	0.07024977094141938	1078.5174149795712
UK	HIC	less_severe	304	0.07259127008259592	1143.8369680180622
UK	HIC	less_severe	305	0.10671266184338912	1348.0028953138644
UK	HIC	less_severe	306	0.06295995534018006	1440.8339367071494
UK	HIC	less_severe	307	0.10380248343148768	1564.9316375329036
UK	HIC	less_severe	308	0.10374072628125264	1447.5516506369968
UK	HIC	less_severe	309	0.06405985961069649	1499.1685562390194
UK	HIC	less_severe	310	0.06568515286461962	1132.6105281635064
UK	HIC	less_severe	311	0.11122707156006273	1419.9723926440129
UK	HIC	less_severe	312	0.09125357619397167	1406.6173511347806
UK	HIC	less_severe	313	0.0724203473648013	1532.805549885441
UK	HIC	less_severe	314	0.06171523618517538	1557.7522673540443
UK	HIC	less_severe	315	0.11860782443315965	1226.7553620427752
UK	HIC	less_severe	316	0.03378658681044877	1282.8360965840402
UK	HIC	less_severe	317	0.05593990224904477	1467.3843617513048
UK	HIC	less_severe	318	0.07505790719442196	1409.0717873736648
UK	HIC	less_severe	319	0.07874786235890374	1201.9584697714308
UK	HIC	less_severe	320	0.08446716097966656	1141.7505976142784
UK	HIC	less_severe	321	0.1083259149815603	1202.6932547024262
UK	HIC	less_severe	322	0.09342214298294294	1220.7462456030753
UK	HIC	less_severe	323	0.0932637616558405	1491.7918077787472
UK	HIC	less_severe	324	0.07052594151477187	1363.9100811902135
UK	HIC	less_severe	325	0.09048945100261063	1570.3509733977335
UK	HIC	less_severe	326	0.06763185608636157	1076.3302553328285
UK	HIC	less_severe	327	0.09513725688572539	1195.4755574401388
UK	HIC	less_severe	328	0.05243261206973626	1403.3482719735584
UK	HIC	less_severe	329	0.12101669772905188	1383.5849783135636
UK	HIC	less_severe	330	0.09101031806297999	1303.1748565552152
UK	HIC	less_severe	331	0.04221585673242734	1208.1519060042665
UK	HIC	less_severe	332	0.08079822545527993	1464.0718945843328
UK	HIC	less_severe	333	0.13867270562104617	1496.8319247000145
UK	HIC	less_severe	334	0.03941208486670256	1344.1488047423227
UK	HIC	less_severe	335	0.08176959955239971	1233.5599345876362
UK	HIC	less_severe	336	0.10344503340994349	1041.3814355762806
UK	HIC	less_severe	337	0.10536995905630064	1170.5607945831944
UK	HIC	less_severe	338	0.04989436865728725	1393.2850957713563
UK	HIC	less_severe	339	0.11781853177617174	1153.2266037375957
UK	HIC	less_severe	340	0.08585660427396813	1483.5593366191642
UK	HIC	less_severe	341	0.06591778113780156	1285.197176729329
UK	HIC	less_severe	342	0.07191727468668185	1194.6689182620685
UK	HIC	less_severe	343	0.10101426206478825	1144.3243473768634
UK	HIC	less_severe	344	0.07930475638766943	1382.3117620595403
UK	HIC	less_severe	345	0.07377613335329913	1370.5888794466882
UK	HIC	less_severe	346	0.05451399590516903	1129.6181964513162
UK	HIC	less_severe	347	0.07253934451243538	1619.0546422056468
UK	HIC	less_severe	348	0.05830642198704039	1318.9506376069912
UK	HIC	less_severe	349	0.052306757790068215	1499.9894242325972
UK	HIC	less_severe	350	0.03562637791052503	1273.2532642037913
UK	HIC	less_severe	351	0.04824098274547284	1197.460921902577
UK	HIC	less_severe	352	0.07438674547652568	1218.5536043837092
UK	HIC	less_severe	353	0.07597454749617194	1112.8731588583069
UK	HIC	less_severe	354	0.09795786899440762	1557.6694236721269
UK	HIC	less_severe	355	0.0803554227244705	1285.1076520444985
UK	HIC	less_severe	356	0.054268387824088604	1452.0571714272555
UK	HIC	less_severe	357	0.10561842980976399	1175.899420106629
UK	HIC	less_severe	358	0.07871605252524816	1338.36270669007
UK	HIC	less_severe	359	0.06270754122083311	1238.8797866997265
UK	HIC	less_severe	360	0.044393225603819086	1331.1079297977667
UK	HIC	less_severe	361	0.10401649190638551	1086.6234366400204
UK	HIC	less_severe	362	0.056721131903284316	1255.6402277079324
UK	HIC	less_severe	363	0.08639761254140232	1550.975802406465
UK	HIC	less_severe	364	0.10094640566813418	1325.2358302904795
UK	HIC	less_severe	365	0.09715656172007647	1062.824140767334
UK	HIC	less_severe	366	0.06240298378923259	1243.648041816814
UK	HIC	less_severe	367	0.03958095080918178	1194.1905066741128
UK	HIC	less_severe	368	0.11380701051520159	1323.1769775122739
UK	HIC	less_severe	369	0.07086360272697467	1374.6636289893213
UK	HIC	less_severe	370	0.05948067606226459	1128.4359473024742
UK	HIC	less_severe	371	0.07636977578876047	1088.726173015235
UK	HIC	less_severe	372	0.06805578624417041	1023.8227838268449
UK	HIC	less_severe	373	0.09884005205667057	1388.5922539351777
UK	HIC	less_severe	374	0.034595210204627413	1193.280361013749
UK	HIC	less_severe	375	0.07149923793717727	1283.6044380937856
UK	HIC	less_severe	376	0.06483772201215698	1321.7481493419946
UK	HIC	less_severe	377	0.08592725175306892	1357.912044799541
UK	HIC	less_severe	378	0.09019266613348087	1353.5006835486456
UK	HIC	less_severe	379	0.07254475491060441	1160.2041428089815
UK	HIC	less_severe	380	0.11133939340763721	1322.8199415014024
UK	HIC	less_severe	381	0.10276934998063947	1115.3987495753954
UK	HIC	less_severe	382	0.08374474721034586	1102.947431280687
UK	HIC	less_severe	383	0.0878217578615299	1292.9757789424875
UK	HIC	less_severe	384	0.08725457662873781	1434.361433465645
UK	HIC	less_severe	385	0.04953637251620746	1226.6931370607745
UK	HIC	less_severe	386	0.11063428347133097	1310.4976966971226
UK	HIC	less_severe	387	0.07346165801192273	1465.530215516821
UK	HIC	less_severe	388	0.0580964147862173	1265.969976427652
UK	HIC	less_severe	389	0.07758127191183739	1219.7265167257428
UK	HIC	less_severe	390	0.13683272775304633	999.9780872936444
UK	HIC	less_severe	391	0.08889119641020082	1404.5884296858967
UK	HIC	less_severe	392	0.09098068736258558	1315.794441129663
UK	HIC	less_severe	393	0.051737565054108314	1280.657490651647
UK	HIC	less_severe	394	0.07840914428345958	1229.1872122370478
UK	HIC	less_severe	395	0.0754631135586794	1372.7452975704946
UK	HIC	less_severe	396	0.09900540740109687	1344.1632217314036
UK	HIC	less_severe	397	0.09608549410991585	1101.8187856222776
UK	HIC	less_severe	398	0.03171530175598569	1344.8781161699553
UK	HIC	less_severe	399	0.02620955700836136	1440.6397172462312
UK	HIC	less_severe	400	0.09697870199225389	1254.129391289276
UK	HIC	less_severe	401	0.08786488984600505	1012.6391017687674
UK	HIC	less_severe	402	0.05075835283299779	1338.2678628508038
UK	HIC	less_severe	403	0.10152503374461874	1740.5569548014246
UK	HIC	less_severe	404	0.0740617056942332	1273.2281957736159
UK	HIC	less_severe	405	0.10957137584551502	1640.9317262433178
UK	HIC	less_severe	406	0.032120271506946185	1408.5153939112352
UK	HIC	less_severe	407	0.05831220731247155	1235.889383720827
UK	HIC	less_severe	408	0.08663188915665332	1585.6051755693297
UK	HIC	less_severe	409	0.056060066810411424	1282.0151191820078
UK	HIC	less_severe	410	0.029140751683658817	1174.7921742390754
UK	HIC	less_severe	411	0.10074926287204411	1417.504128456043
UK	HIC	less_severe	412	0.08041969352335121	1045.4126564223661
UK	HIC	less_severe	413	0.10278968339482475	1323.5291689757687
UK	HIC	less_severe	414	0.07886699424273691	1454.8801270679287
UK	HIC	less_severe	415	0.07227164288225474	1109.0309764717895
UK	HIC	less_severe	416	0.08828596572832703	1104.3751898377213
UK	HIC	less_severe	417	0.10834311799827878	1438.4619716422494
UK	HIC	less_severe	418	0.08265239376719236	1624.7162286731764
UK	HIC	less_severe	419	0.024566239691428127	1415.508134442498
UK	HIC	less_severe	420	0.10306451600381417	1250.8588143416746
UK	HIC	less_severe	421	0.09209241175790339	1348.2004819894792
UK	HIC	less_severe	422	0.09098226503517193	1255.8489384680252
UK	HIC	less_severe	423	0.10915099784323523	1312.625422668203
UK	HIC	less_severe	424	0.10063723115284118	1393.1855043485375
UK	HIC	less_severe	425	0.13540061158159045	1199.6618590489234
UK	HIC	less_severe	426	0.039836865943118305	1216.5298350896992
UK	HIC	less_severe	427	0.10022009819251942	1176.5670386585261
UK	HIC	less_severe	428	0.06937232804475446	1229.708348494536
UK	HIC	less_severe	429	0.10386236537581528	1168.7517528960798
UK	HIC	less_severe	430	0.061615139982793776	1442.505542784591
UK	HIC	less_severe	431	0.04320248148839889	1234.8989664033106
UK	HIC	less_severe	432	0.061493516539033344	1044.1332309542522
UK	HIC	less_severe	433	0.05930515260320779	1025.2959406670016
UK	HIC	less_severe	434	0.05250354038189142	1107.8104748759743
UK	HIC	less_severe	435	0.04322393782519196	1349.227070898858
UK	HIC	less_severe	436	0.03899608647694386	1273.7444200603204
UK	HIC	less_severe	437	0.08313504416167183	1151.6795316505595
UK	HIC	less_severe	438	0.07327241640922244	1327.323587763236
UK	HIC	less_severe	439	0.07476789225869807	1377.3398401597588
UK	HIC	less_severe	440	0.07542992962779449	1019.9420282996052
UK	HIC	less_severe	441	0.09848688846624132	1166.828683324893
UK	HIC	less_severe	442	0.08079950324406049	1253.2910432101562
UK	HIC	less_severe	443	0.05132433812573245	1378.054369973528
UK	HIC	less_severe	444	0.08258036673018765	1235.9399010451816
UK	HIC	less_severe	445	0.06126954344325464	1312.1755950261868
UK	HIC	less_severe	446	0.08310978983997774	1083.1718155563613
UK	HIC	less_severe	447	0.0916493028314398	1521.9241663355242
UK	HIC	less_severe	448	0.08104862048770878	1513.2127654188953
UK	HIC	less_severe	449	0.06608430409722899	1509.6889862877288
UK	HIC	less_severe	450	0.026020694685536583	1259.5922552423144
UK	HIC	less_severe	451	0.11724341161648288	1388.5102432716158
UK	HIC	less_severe	452	0.09350380565286787	1348.6860345814857
UK	HIC	less_severe	453	0.07407453592839186	1258.4029684577035
UK	HIC	less_severe	454	0.11572013023631045	1112.032793887709
UK	HIC	less_severe	455	0.0936038488035078	1456.6331245013607
UK	HIC	less_severe	456	0.0657748808531331	1329.9488430826132
UK	HIC	less_severe	457	0.058278882619695827	1178.5909227687007
UK	HIC	less_severe	458	0.07293962347653271	984.0598628735515
UK	HIC	less_severe	459	0.0721545001929238	1302.0920568230613
UK	HIC	less_severe	460	0.058921680460022774	1161.4090957314183
UK	HIC	less_severe	461	0.09430891990517498	1124.9566066754596
UK	HIC	less_severe	462	0.07486698311161089	1168.6168186737923
UK	HIC	less_severe	463	0.07832338045605569	1269.160534841074
UK	HIC	less_severe	464	0.0986535877011403	1066.0937259225357
UK	HIC	less_severe	465	0.10261179244783536	1420.4547525589587
UK	HIC	less_severe	466	0.07711790636053006	1378.6949916023987
UK	HIC	less_severe	467	0.07506701210741129	1390.6348134752334
UK	HIC	less_severe	468	0.11076811702276546	1335.4063239207098
UK	HIC	less_severe	469	0.057599535876568186	1182.536796548473
UK	HIC	less_severe	470	0.0833375805306007	1341.335922838014
UK	HIC	less_severe	471	0.07136096183117768	1341.0601798265452
UK	HIC	less_severe	472	0.050614342313780813	1213.4040250826547
UK	HIC	less_severe	473	0.05192542756993923	1214.566916939064
UK	HIC	less_severe	474	0.0803838629318574	1143.841525145128
UK	HIC	less_severe	475	0.08753704872696755	1332.928006006783
UK	HIC	less_severe	476	0.06795035161928809	1396.6916090247796
UK	HIC	less_severe	477	0.0933020030188787	1467.8422857753212
UK	HIC	less_severe	478	0.08627505693129667	1330.3477376791852
UK	HIC	less_severe	479	0.10703397895646649	1202.9575542986058
UK	HIC	less_severe	480	0.060758888945236844	1387.787282453628
UK	HIC	less_severe	481	0.0757600672027996	1065.242744154768
UK	HIC	less_severe	482	0.0812430655789913	1396.643937661076
UK	HIC	less_severe	483	0.11995643177552706	1325.0867123156022
UK	HIC	less_severe	484	0.07715086362922108	1279.8828071693606
UK	HIC	less_severe	485	0.07756760915818894	922.381943897497
UK	HIC	less_severe	486	0.08658102453246874	1245.0115905262646
UK	HIC	less_severe	487	0.06590352195517024	1081.4390713503399
UK	HIC	less_severe	488	0.05098722822332924	1364.1843759450749
UK	HIC	less_severe	489	0.1040466556894919	1332.2034261010158
UK	HIC	less_severe	490	0.07037154486950858	1350.2965798211444
UK	HIC	less_severe	491	0.07181395324183892	1433.2992762362337
UK	HIC	less_severe	492	0.10422067459509199	1385.4581936118884
UK	HIC	less_severe	493	0.04888677257992602	1154.1110796144349
UK	HIC	less_severe	494	0.06286382682227876	1218.9068542615096
UK	HIC	less_severe	495	0.09403860753347026	1121.2753261734833
UK	HIC	less_severe	496	0.1236708828605817	1036.9769580753891
UK	HIC	less_severe	497	0.09606491786568516	1514.1424506940093
UK	HIC	less_severe	498	0.09843977693473116	1498.0038095742893
UK	HIC	less_severe	499	0.10442270595607006	1074.9065140559087
UK	HIC	less_severe	500	0.10014837227526296	1244.4426168219543
UK	HIC	less_severe	501	0.037541906182842144	1377.4291552915238
UK	HIC	less_severe	502	0.03661734989050025	1229.9075991788304
UK	HIC	less_severe	503	0.07603497340591603	1166.4865721059614
UK	HIC	less_severe	504	0.08110678589126796	1117.6251729126707
UK	HIC	less_severe	505	0.05946654319270239	1346.288510132974
UK	HIC	less_severe	506	0.11429184277388416	1283.3618619147855
UK	HIC	less_severe	507	0.07643912888695814	921.3379362638152
UK	HIC	less_severe	508	0.09794007145827965	1309.8654988258168
UK	HIC	less_severe	509	0.07269327925557367	1242.604534708109
UK	HIC	less_severe	510	0.10647549066186413	1255.2116330009885
UK	HIC	less_severe	511	0.06942081394511934	1436.4232158660525
UK	HIC	less_severe	512	0.05101158742876777	1202.0705665399073
UK	HIC	less_severe	513	0.05908710278489049	1039.3872926816493
UK	HIC	less_severe	514	0.0412164188188755	964.5044379456904
UK	HIC	less_severe	515	0.1090187924423256	1249.5998613887095
UK	HIC	less_severe	516	0.06737262409985689	1288.2107287173894
UK	HIC	less_severe	517	0.05694179401976074	1573.7670358939322
UK	HIC	less_severe	518	0.06174104658920965	1181.6471754128252
UK	HIC	less_severe	519	0.10508861998514529	1453.5129128941917
UK	HIC	less_severe	520	0.08975637380080492	1392.3809598829175
UK	HIC	less_severe	521	0.05748714368010388	1196.4073023005767
UK	HIC	less_severe	522	0.09582658248490494	1177.4545421440598
UK	HIC	less_severe	523	0.07966089375261198	1276.5641192202056
UK	HIC	less_severe	524	0.06832262636190611	1154.2815976287184
UK	HIC	less_severe	525	0.07763733298459652	1164.487110275124
UK	HIC	less_severe	526	0.08955054650884708	1269.841727237941
UK	HIC	less_severe	527	0.11254263075033455	1127.6698303231497
UK	HIC	less_severe	528	0.09198877077365841	1113.5062357605257
UK	HIC	less_severe	529	0.07076442228968416	1109.0481670551726
UK	HIC	less_severe	530	0.08042360224317768	1199.7866819940373
UK	HIC	less_severe	531	0.07094458317823049	1397.9124792361908
UK	HIC	less_severe	532	0.0889985973542402	1456.3550901299895
UK	HIC	less_severe	533	0.06878552018827166	1232.2918034286595
UK	HIC	less_severe	534	0.09577241608788412	1372.9369645652514
UK	HIC	less_severe	535	0.06610222647932495	1487.3145327847524
UK	HIC	less_severe	536	0.11196264092233488	1090.6033111478919
UK	HIC	less_severe	537	0.09688955712184266	1413.6209423463988
UK	HIC	less_severe	538	0.08324326420130124	1319.2597233413398
UK	HIC	less_severe	539	0.10192459836465684	1556.3548633150858
UK	HIC	less_severe	540	0.060154522494365814	1249.6455537017791
UK	HIC	less_severe	541	0.10112739391879888	1383.844644245757
UK	HIC	less_severe	542	0.08434228663396848	1292.4101139204322
UK	HIC	less_severe	543	0.0968738130891671	1136.5872205354353
UK	HIC	less_severe	544	0.10139976062850975	1552.7495119356608
UK	HIC	less_severe	545	0.056355252929787714	1420.2932246598757
UK	HIC	less_severe	546	0.08413895593715193	1227.6725263700428
UK	HIC	less_severe	547	0.04212241599903921	1242.3009989066522
UK	HIC	less_severe	548	0.08177438755551925	1283.7328413008108
UK	HIC	less_severe	549	0.07838901803709164	1308.451515291712
UK	HIC	less_severe	550	0.05223403747761313	1256.009638758249
UK	HIC	less_severe	551	0.07683763063637405	1143.214123836291
UK	HIC	less_severe	552	0.03471039761691608	1322.2909015271325
UK	HIC	less_severe	553	0.07915206653841622	1402.1179312332533
UK	HIC	less_severe	554	0.03566454155581278	1552.3647837856406
UK	HIC	less_severe	555	0.08023940697264109	1415.8452786115595
UK	HIC	less_severe	556	0.08891991059409987	1392.3839622535888
UK	HIC	less_severe	557	0.1090584453630501	1471.3000855561077
UK	HIC	less_severe	558	0.07799048706143807	1065.5891330241866
UK	HIC	less_severe	559	0.08552390412477995	1411.1299701680582
UK	HIC	less_severe	560	0.0960110271486374	1243.903038286393
UK	HIC	less_severe	561	0.053774041066863454	1394.5638285750792
UK	HIC	less_severe	562	0.060921248110864745	1252.4454999446207
UK	HIC	less_severe	563	0.0867035237257503	1294.6142199148235
UK	HIC	less_severe	564	0.08439519393571104	1392.6572943939427
UK	HIC	less_severe	565	0.04627422559455008	1228.7350982752068
UK	HIC	less_severe	566	0.10241104580289662	1183.9140311812662
UK	HIC	less_severe	567	0.09525266692552758	984.4129384697771
UK	HIC	less_severe	568	0.062491997388689935	1423.0983290247823
UK	HIC	less_severe	569	0.07979746940213239	1054.4073130160432
UK	HIC	less_severe	570	0.06540240895489768	1191.5736520257778
UK	HIC	less_severe	571	0.09592672102522615	1233.5090227447545
UK	HIC	less_severe	572	0.05537688574840205	1298.300060235877
UK	HIC	less_severe	573	0.10715555032173762	1487.5332978547012
UK	HIC	less_severe	574	0.08899913303074403	1474.9750407241954
UK	HIC	less_severe	575	0.083770297948216	1128.2587125642622
UK	HIC	less_severe	576	0.06911824542320133	1252.8032104791528
UK	HIC	less_severe	577	0.0743536755532963	1568.612544054813
UK	HIC	less_severe	578	0.07961105091470477	1145.0891259896616
UK	HIC	less_severe	579	0.09862836065511638	1044.6122881478768
UK	HIC	less_severe	580	0.07173699106884035	1340.5227556446553
UK	HIC	less_severe	581	0.05218909636963298	1346.381449813609
UK	HIC	less_severe	582	0.07141104010012489	1321.1066952627189
UK	HIC	less_severe	583	0.07774426932670409	1420.2167541211747
UK	HIC	less_severe	584	0.06702195251470622	1032.6171280282833
UK	HIC	less_severe	585	0.05662345938876845	1169.9099825820012
UK	HIC	less_severe	586	0.10509218258799091	1345.1133423599822
UK	HIC	less_severe	587	0.07545483148201781	1170.8881376417412
UK	HIC	less_severe	588	0.12146351472168337	1304.4695360705264
UK	HIC	less_severe	589	0.07294883954226927	1280.7285146083887
UK	HIC	less_severe	590	0.08313997255304018	1435.3097736717682
UK	HIC	less_severe	591	0.05400890440529871	1187.6290263632218
UK	HIC	less_severe	592	0.11593267764072768	1558.6576244312782
UK	HIC	less_severe	593	0.056851148336334756	1400.7633858206318
UK	HIC	less_severe	594	0.07152580671059083	1444.3744161165669
UK	HIC	less_severe	595	0.09633757356671069	1536.362752055462
UK	HIC	less_severe	596	0.09641535925578859	1063.6166128059995
UK	HIC	less_severe	597	0.07463820457726911	1276.3621541211178
UK	HIC	less_severe	598	0.08229559337467762	1182.0150054676742
UK	HIC	less_severe	599	0.09483340095972803	1420.7698257822994
UK	HIC	less_severe	600	0.054552899822597034	1275.3744760172012
UK	HIC	less_severe	601	0.09813874654092203	1155.4762042258299
UK	HIC	less_severe	602	0.06663011289473997	1467.9219542569954
UK	HIC	less_severe	603	0.05310647559897319	1316.5480993560122
UK	HIC	less_severe	604	0.085823023307674	1392.9347913085403
UK	HIC	less_severe	605	0.08807776874674422	1199.847472840098
UK	HIC	less_severe	606	0.06668339122130451	1418.1392464952587
UK	HIC	less_severe	607	0.06804985213759007	1239.188028230612
UK	HIC	less_severe	608	0.1012045429369004	1186.6494372566194
UK	HIC	less_severe	609	0.07936266661250935	1184.8288535172742
UK	HIC	less_severe	610	0.09232859641502511	1535.611460153963
UK	HIC	less_severe	611	0.06027883042526394	1101.5666228640112
UK	HIC	less_severe	612	0.06638557290986258	1338.8642537944434
UK	HIC	less_severe	613	0.08649149913086163	1128.080053766509
UK	HIC	less_severe	614	0.09739993641650857	1339.6540223704578
UK	HIC	less_severe	615	0.05153433905016036	1185.5780759799964
UK	HIC	less_severe	616	0.06218492422402777	1370.6211642160306
UK	HIC	less_severe	617	0.06086514074226512	1315.0765238124004
UK	HIC	less_severe	618	0.09592640690466103	1140.3814991238014
UK	HIC	less_severe	619	0.08000835835471465	1220.9075815194228
UK	HIC	less_severe	620	0.06229307663028516	1452.9742517627164
UK	HIC	less_severe	621	0.057269304928912135	1254.5552516260905
UK	HIC	less_severe	622	0.1025069062065882	1282.6973631683632
UK	HIC	less_severe	623	0.0863426892051522	1339.0067804005193
UK	HIC	less_severe	624	0.08082409449615247	1551.207447937326
UK	HIC	less_severe	625	0.10580403218652323	1184.858664360694
UK	HIC	less_severe	626	0.07909303817555369	1146.4396005447234
UK	HIC	less_severe	627	0.11141096511304704	1553.644103794315
UK	HIC	less_severe	628	0.06498178578578351	1243.8455477930002
UK	HIC	less_severe	629	0.08756628597762228	1118.4065249268515
UK	HIC	less_severe	630	0.07912435758687897	1042.4507356986069
UK	HIC	less_severe	631	0.11139432589165255	1413.488655882531
UK	HIC	less_severe	632	0.04358577034272937	1343.0496494810905
UK	HIC	less_severe	633	0.10142947249921597	1100.7353897905632
UK	HIC	less_severe	634	0.06611561871310379	1231.5450914852809
UK	HIC	less_severe	635	0.05463650124223607	1364.2339160482989
UK	HIC	less_severe	636	0.030099630764336638	1676.498891388219
UK	HIC	less_severe	637	0.04035868263547959	1500.8247799632882
UK	HIC	less_severe	638	0.0260865159067456	1345.1415105963897
UK	HIC	less_severe	639	0.050547385207725615	1289.4715313611632
UK	HIC	less_severe	640	0.07120281243759008	1243.429880737429
UK	HIC	less_severe	641	0.11511049962052633	1292.1689057834083
UK	HIC	less_severe	642	0.033876297376645326	1185.2981991722954
UK	HIC	less_severe	643	0.07622341215155437	1237.172201985475
UK	HIC	less_severe	644	0.0874969734753992	1092.812269907763
UK	HIC	less_severe	645	0.033322780471514823	1201.0053562190242
UK	HIC	less_severe	646	0.05012425161126721	1281.6595781610376
UK	HIC	less_severe	647	0.09586909992068415	1232.8740834741438
UK	HIC	less_severe	648	0.0846628128360476	1119.1214390723762
UK	HIC	less_severe	649	0.04482910419431496	1413.214660234742
UK	HIC	less_severe	650	0.07680312316025062	1394.545883839608
UK	HIC	less_severe	651	0.09554316145372255	1263.7485994462313
UK	HIC	less_severe	652	0.06133530050284808	1488.7786930512557
UK	HIC	less_severe	653	0.09268518373289503	1354.2906823354351
UK	HIC	less_severe	654	0.06673567244329703	1328.7876595453781
UK	HIC	less_severe	655	0.07210538451068671	1232.3635028836252
UK	HIC	less_severe	656	0.09111343492039414	1335.8087856620696
UK	HIC	less_severe	657	0.10853257184908127	976.6705292462757
UK	HIC	less_severe	658	0.07684531214174983	1336.727532307974
UK	HIC	less_severe	659	0.08526666067003275	1160.1905037441065
UK	HIC	less_severe	660	0.10078809826365243	1305.4636181944807
UK	HIC	less_severe	661	0.06820375830837122	1173.431609876341
UK	HIC	less_severe	662	0.08763102512717391	1582.4855209871457
UK	HIC	less_severe	663	0.06643500276960435	1357.7220925240035
UK	HIC	less_severe	664	0.07227084411543028	1396.966580477616
UK	HIC	less_severe	665	0.10060042769300459	1317.4789177471757
UK	HIC	less_severe	666	0.0685385943416108	1240.792694034024
UK	HIC	less_severe	667	0.07477795894542094	1153.3348201413082
UK	HIC	less_severe	668	0.09367336029600182	1202.089628265776
UK	HIC	less_severe	669	0.09036142835740835	1377.1507654146008
UK	HIC	less_severe	670	0.025380657524531447	1346.4271346899513
UK	HIC	less_severe	671	0.09229763529742119	1335.046467466127
UK	HIC	less_severe	672	0.05024057160853279	1430.821693936563
UK	HIC	less_severe	673	0.09063285002849875	1022.9761064339018
UK	HIC	less_severe	674	0.09468828361073767	1365.1903254791287
UK	HIC	less_severe	675	0.04838016048634586	1149.8227677289306
UK	HIC	less_severe	676	0.08024497529030206	1118.0815328923454
UK	HIC	less_severe	677	0.08671013304413089	1414.82505348853
UK	HIC	less_severe	678	0.08711346975851875	1260.4517154399982
UK	HIC	less_severe	679	0.06875886015204502	1262.483097625267
UK	HIC	less_severe	680	0.10400268780070832	1319.2092728560165
UK	HIC	less_severe	681	0.06026945525066596	1301.2147611016699
UK	HIC	less_severe	682	0.07113304512002916	1378.5025798011811
UK	HIC	less_severe	683	0.06831608845874015	1222.7248387255477
UK	HIC	less_severe	684	0.04704616955044738	1359.016945153242
UK	HIC	less_severe	685	0.07801024261199885	1186.8484096707216
UK	HIC	less_severe	686	0.036738579932231064	1333.6708393322624
UK	HIC	less_severe	687	0.0658299699912972	1636.898495374353
UK	HIC	less_severe	688	0.07479764492527696	1382.4076206657664
UK	HIC	less_severe	689	0.03394838434683933	1345.6228119524276
UK	HIC	less_severe	690	0.10216744170657277	1038.6526424764925
UK	HIC	less_severe	691	0.08356353862294208	1379.983274973365
UK	HIC	less_severe	692	0.09962908686800498	989.5940905825082
UK	HIC	less_severe	693	0.07694237540963056	1102.0007101570955
UK	HIC	less_severe	694	0.11398086071541647	1366.1508135270524
UK	HIC	less_severe	695	0.1292969822653809	1441.4171244436584
UK	HIC	less_severe	696	0.11136578495325056	1157.7913113923205
UK	HIC	less_severe	697	0.07097863274223215	1616.290686080556
UK	HIC	less_severe	698	0.05465265596600166	1309.8856600806066
UK	HIC	less_severe	699	0.11563248702618223	1385.9656277579852
UK	HIC	less_severe	700	0.08506802747221975	1264.0040490218707
UK	HIC	less_severe	701	0.059677653370706185	1425.9750043577915
UK	HIC	less_severe	702	0.08283586065325754	1257.1251936036242
UK	HIC	less_severe	703	0.050038887452777736	1110.694912701263
UK	HIC	less_severe	704	0.12563069844484298	1270.582461298649
UK	HIC	less_severe	705	0.06064679157539654	1311.6517677506527
UK	HIC	less_severe	706	0.07932412083178564	1302.1900771198852
UK	HIC	less_severe	707	0.11209436761760472	1338.3354995080117
UK	HIC	less_severe	708	0.08730867614627913	1488.4020326681857
UK	HIC	less_severe	709	0.07801919886852327	1152.146926614183
UK	HIC	less_severe	710	0.060568682349634084	1255.0952588811524
UK	HIC	less_severe	711	0.11121225752215524	1239.944035220935
UK	HIC	less_severe	712	0.07204781795732318	1310.6848585299304
UK	HIC	less_severe	713	0.05253484306884526	1061.9637125269219
UK	HIC	less_severe	714	0.09986895411598073	1051.1632238671446
UK	HIC	less_severe	715	0.03212860331019951	1170.3238058090283
UK	HIC	less_severe	716	0.07916432231934234	1530.3088682740054
UK	HIC	less_severe	717	0.07693367361665793	1207.3055871238103
UK	HIC	less_severe	718	0.08174301735769851	1508.4057507165853
UK	HIC	less_severe	719	0.07776331398442782	1133.103224374383
UK	HIC	less_severe	720	0.09024420963034041	1198.1572416708004
UK	HIC	less_severe	721	0.05238803040311968	1286.4608017060236
UK	HIC	less_severe	722	0.06367912883197402	1447.1265158076676
UK	HIC	less_severe	723	0.08202418516107812	1261.491079156498
UK	HIC	less_severe	724	0.11129947223515835	1497.6247801829231
UK	HIC	less_severe	725	0.06415032857815461	1313.9730623594114
UK	HIC	less_severe	726	0.07375552799037566	1262.9902568916586
UK	HIC	less_severe	727	0.0756011531534373	1439.8730647702796
UK	HIC	less_severe	728	0.06596924978982388	1211.1105690158984
UK	HIC	less_severe	729	0.07924634781877637	1271.5619803555855
UK	HIC	less_severe	730	0.08152747973754115	1471.9596543290681
UK	HIC	less_severe	731	0.10698894037646656	1386.3679622693635
UK	HIC	less_severe	732	0.08919642208703138	1451.3915221625139
UK	HIC	less_severe	733	0.07147266290188403	1380.1730954818704
UK	HIC	less_severe	734	0.08746509664646185	1427.8229575993064
UK	HIC	less_severe	735	0.08655240277806131	1555.683832906816
UK	HIC	less_severe	736	0.06521624881804433	1464.7025906043054
UK	HIC	less_severe	737	0.11493612092729544	1235.4051882927197
UK	HIC	less_severe	738	0.05638596031400356	1406.0241168940047
UK	HIC	less_severe	739	0.10539090173599153	1197.4575013003632
UK	HIC	less_severe	740	0.04134389005965655	1385.7098182828631
UK	HIC	less_severe	741	0.12905412998216126	1228.03273477107
UK	HIC	less_severe	742	0.09611538527487884	1448.1270170430398
UK	HIC	less_severe	743	0.041414050596636276	1364.320839926644
UK	HIC	less_severe	744	0.11151765812542269	1222.8632668406972
UK	HIC	less_severe	745	0.06210114178220727	1368.9683904709455
UK	HIC	less_severe	746	0.07036146203561167	1357.1538429537868
UK	HIC	less_severe	747	0.045884425302815224	1587.0749309218372
UK	HIC	less_severe	748	0.07791254273330761	1076.941248288429
UK	HIC	less_severe	749	0.09482071386490531	1176.8981288386185
UK	HIC	less_severe	750	0.09538416484831602	1494.1110000754416
UK	HIC	less_severe	751	0.0705840147674488	1482.9701634056728
UK	HIC	less_severe	752	0.1025332967939514	1518.1522597462026
UK	HIC	less_severe	753	0.0772435058528218	1351.829970049901
UK	HIC	less_severe	754	0.09765018274733883	1255.8200975139553
UK	HIC	less_severe	755	0.09719877895000528	1737.7580025843454
UK	HIC	less_severe	756	0.061861768384464666	1369.2983728525905
UK	HIC	less_severe	757	0.04927221935727455	1411.923357206233
UK	HIC	less_severe	758	0.07728683554250404	1152.0764042343835
UK	HIC	less_severe	759	0.07340109032309172	1313.2956787716794
UK	HIC	less_severe	760	0.10440430032160686	1295.3731340782506
UK	HIC	less_severe	761	0.11350661445545862	1112.984250263211
UK	HIC	less_severe	762	0.10581758744323122	1186.101743679843
UK	HIC	less_severe	763	0.05279073914159649	1181.5333625443127
UK	HIC	less_severe	764	0.06877062096801101	1333.5082145324923
UK	HIC	less_severe	765	0.08618902643920334	1280.816360894005
UK	HIC	less_severe	766	0.10492861758433758	1396.4819137759114
UK	HIC	less_severe	767	0.04460100727800409	1395.9261938374548
UK	HIC	less_severe	768	0.07762826848884963	1258.7343555919433
UK	HIC	less_severe	769	0.07784539500963872	1266.549427756163
UK	HIC	less_severe	770	0.042478555539083196	1615.24645995623
UK	HIC	less_severe	771	0.07427635594184823	1161.1981471662002
UK	HIC	less_severe	772	0.09481824049411847	1145.0925059526453
UK	HIC	less_severe	773	0.10224476770613622	1620.73588342913
UK	HIC	less_severe	774	0.05239729180758057	1123.9330895085259
UK	HIC	less_severe	775	0.05670477345091163	1335.5712277084458
UK	HIC	less_severe	776	0.09442368323698669	1374.491453506158
UK	HIC	less_severe	777	0.05709909510508515	1155.736371987603
UK	HIC	less_severe	778	0.06829787914844254	1334.2358519559239
UK	HIC	less_severe	779	0.08797777186106615	1286.0162928513746
UK	HIC	less_severe	780	0.057599453276320656	1396.0955176776224
UK	HIC	less_severe	781	0.042987818848539305	1189.435053439338
UK	HIC	less_severe	782	0.08255178491868209	1307.5470582838861
UK	HIC	less_severe	783	0.08531956602990531	1424.9791813033444
UK	HIC	less_severe	784	0.0880231631817856	1403.8978287176542
UK	HIC	less_severe	785	0.07881213161057543	1499.7454753203638
UK	HIC	less_severe	786	0.03222898038674171	1135.3047843189597
UK	HIC	less_severe	787	0.036387444575636474	1328.8707685674053
UK	HIC	less_severe	788	0.07964691555046621	1148.7523059876585
UK	HIC	less_severe	789	0.03839910373521649	1265.3436284531235
UK	HIC	less_severe	790	0.08456414406349255	1371.7059483930607
UK	HIC	less_severe	791	0.07449269879518283	1055.3837887841892
UK	HIC	less_severe	792	0.07188906011681007	1208.0507023302507
UK	HIC	less_severe	793	0.09231501695906585	1382.4997460068698
UK	HIC	less_severe	794	0.08136779210623546	1180.5694093214224
UK	HIC	less_severe	795	0.0866294242221366	1042.1269394587052
UK	HIC	less_severe	796	0.059518952349584486	1349.925811300549
UK	HIC	less_severe	797	0.06656480376196572	1392.657787803426
UK	HIC	less_severe	798	0.06832010169760339	1553.8181435930164
UK	HIC	less_severe	799	0.09343404685065604	1211.485997009986
UK	HIC	less_severe	800	0.0567763754998738	980.1917556638837
UK	HIC	less_severe	801	0.09674547304967263	1237.0088265240156
UK	HIC	less_severe	802	0.06405332754671544	1550.0771186939128
UK	HIC	less_severe	803	0.05544444669643056	1219.2578409717025
UK	HIC	less_severe	804	0.04812510194187247	1559.5882346636863
UK	HIC	less_severe	805	0.08544912828251805	1195.2825298980479
UK	HIC	less_severe	806	0.04752616625128092	953.5386131350642
UK	HIC	less_severe	807	0.08371879392537585	1267.3239848928679
UK	HIC	less_severe	808	0.08847195226286741	1267.7154344412047
UK	HIC	less_severe	809	0.06276393434221439	1414.1583379612457
UK	HIC	less_severe	810	0.05056735395431744	1420.6972254640023
UK	HIC	less_severe	811	0.06943522177850436	1473.3678378298973
UK	HIC	less_severe	812	0.10015918672547519	1163.5646817980978
UK	HIC	less_severe	813	0.08919731691482236	1483.355525634288
UK	HIC	less_severe	814	0.09715227382702762	1283.5459826135266
UK	HIC	less_severe	815	0.11274475336067424	1186.7555018967323
UK	HIC	less_severe	816	0.08277646859119359	1138.622144236917
UK	HIC	less_severe	817	0.10138460525994364	1314.036984155162
UK	HIC	less_severe	818	0.08362624018058673	1338.4898718906443
UK	HIC	less_severe	819	0.06914649653251237	1169.5714558154614
UK	HIC	less_severe	820	0.07612549292149029	1196.6219438156877
UK	HIC	less_severe	821	0.13263880272857298	1156.4420372785862
UK	HIC	less_severe	822	0.050947148094983685	1287.4203991902796
UK	HIC	less_severe	823	0.07704762475053428	1413.7287849736822
UK	HIC	less_severe	824	0.038694911253529085	1344.6281838241775
UK	HIC	less_severe	825	0.10160668527534877	1042.549210704803
UK	HIC	less_severe	826	0.08619676731784298	1592.1006344437264
UK	HIC	less_severe	827	0.10515483786404367	1218.9997664593866
UK	HIC	less_severe	828	0.06959568066091304	1269.0816913006202
UK	HIC	less_severe	829	0.10053325318222317	1244.9722817231777
UK	HIC	less_severe	830	0.088270620155801	1215.4675751416544
UK	HIC	less_severe	831	0.08185826450912126	1291.895078203881
UK	HIC	less_severe	832	0.09134028114883952	1329.6268027413753
UK	HIC	less_severe	833	0.09034371008906472	1317.3412479980325
UK	HIC	less_severe	834	0.05800227860533891	1349.552946002681
UK	HIC	less_severe	835	0.05563295262376222	1399.7155165198092
UK	HIC	less_severe	836	0.07503712115651195	1241.4241724165768
UK	HIC	less_severe	837	0.08049984915646968	1076.7834645103903
UK	HIC	less_severe	838	0.0612901413478939	1051.5916660552302
UK	HIC	less_severe	839	0.06048398425699153	1290.0333443227937
UK	HIC	less_severe	840	0.06375253910761014	1483.4506466409111
UK	HIC	less_severe	841	0.05439811415023743	1455.020212089039
UK	HIC	less_severe	842	0.07234724881507715	1526.277259454495
UK	HIC	less_severe	843	0.06738817265148578	1454.08863568358
UK	HIC	less_severe	844	0.08922930957568553	1456.9964715707392
UK	HIC	less_severe	845	0.054547099439623103	1505.7844951870356
UK	HIC	less_severe	846	0.08044133639623574	1225.3845110045404
UK	HIC	less_severe	847	0.05993189927117015	1510.577078930488
UK	HIC	less_severe	848	0.08645523318968396	1263.3043469927143
UK	HIC	less_severe	849	0.1190069589994871	1031.7900760052362
UK	HIC	less_severe	850	0.07747919733688913	1291.1587532413978
UK	HIC	less_severe	851	0.07681677703092005	1543.1575283345373
UK	HIC	less_severe	852	0.11816362929006896	1404.5273149626119
UK	HIC	less_severe	853	0.04665515997142755	1520.0637860411298
UK	HIC	less_severe	854	0.03853319085886975	1267.2112139462843
UK	HIC	less_severe	855	0.07042320956930492	1195.54986411959
UK	HIC	less_severe	856	0.05897218271612781	1471.3712253207595
UK	HIC	less_severe	857	0.08269015982044503	1094.7090406881525
UK	HIC	less_severe	858	0.11000240015369034	1354.346755556271
UK	HIC	less_severe	859	0.06855686921329474	1474.546123305161
UK	HIC	less_severe	860	0.0858379776517979	1356.9839546139228
UK	HIC	less_severe	861	0.08228360501398768	1549.909076922202
UK	HIC	less_severe	862	0.09372354543984995	1268.7684608413256
UK	HIC	less_severe	863	0.05443924797630406	1565.47302168866
UK	HIC	less_severe	864	0.08207643755050786	1328.8493303785144
UK	HIC	less_severe	865	0.13620516025213414	1437.5151439330912
UK	HIC	less_severe	866	0.11213531492402895	1373.4073591275264
UK	HIC	less_severe	867	0.09684569151585798	1193.8325302863923
UK	HIC	less_severe	868	0.08739346462706621	1245.9970442503436
UK	HIC	less_severe	869	0.0813106679513882	1437.7178557638726
UK	HIC	less_severe	870	0.029193914383062403	1237.2701858404198
UK	HIC	less_severe	871	0.09485156814745288	1033.64275192678
UK	HIC	less_severe	872	0.06241663004504261	1223.912781167106
UK	HIC	less_severe	873	0.07794994270431932	1141.9943805615985
UK	HIC	less_severe	874	0.04517158919151454	1337.0287280595985
UK	HIC	less_severe	875	0.0751703153641341	1004.4206774168524
UK	HIC	less_severe	876	0.0883246129812536	1356.911014401412
UK	HIC	less_severe	877	0.06698501197718798	1125.8870111539163
UK	HIC	less_severe	878	0.10029580833616691	1456.478829359883
UK	HIC	less_severe	879	0.052727987932739806	1244.1993938178166
UK	HIC	less_severe	880	0.08903485712610504	1501.8876164811118
UK	HIC	less_severe	881	0.05680978200198039	1368.1773482947538
UK	HIC	less_severe	882	0.07144601744133716	1293.2109835542287
UK	HIC	less_severe	883	0.10566380593850355	1425.4319811423338
UK	HIC	less_severe	884	0.08834159861719604	1337.7368432996773
UK	HIC	less_severe	885	0.10299628452811715	1359.4411648822606
UK	HIC	less_severe	886	0.08934743997101813	1558.3287869726519
UK	HIC	less_severe	887	0.11032096110315681	1119.9504093704236
UK	HIC	less_severe	888	0.04522817439921223	1245.2905268189534
UK	HIC	less_severe	889	0.07038822898657582	1483.651192342928
UK	HIC	less_severe	890	0.07701636531152833	1653.4685965546487
UK	HIC	less_severe	891	0.03428818162908498	1213.333152635918
UK	HIC	less_severe	892	0.09355905998107161	1260.0528082044948
UK	HIC	less_severe	893	0.0621869348888211	1542.246432762604
UK	HIC	less_severe	894	0.07732711875905363	1147.5171693177926
UK	HIC	less_severe	895	0.07560291802367791	1493.929148680727
UK	HIC	less_severe	896	0.09935453481834933	1402.8443983050165
UK	HIC	less_severe	897	0.07392096870413312	1625.5418705610828
UK	HIC	less_severe	898	0.06510497574701968	1223.0401776176986
UK	HIC	less_severe	899	0.045564810141455414	1536.0288222928757
UK	HIC	less_severe	900	0.1075438026209854	901.0358509575199
UK	HIC	less_severe	901	0.04806392334197618	1065.1993169032812
UK	HIC	less_severe	902	0.07033630433011329	1365.6246971338696
UK	HIC	less_severe	903	0.11117519537861797	1162.6512508522064
UK	HIC	less_severe	904	0.05723268496757061	1178.0984282994905
UK	HIC	less_severe	905	0.11199016241821647	1111.8673640738143
UK	HIC	less_severe	906	0.08472589599866476	1537.4817418926104
UK	HIC	less_severe	907	0.05660501499463555	1338.330764784012
UK	HIC	less_severe	908	0.07522366200540964	1319.14049050404
UK	HIC	less_severe	909	0.08815150925086734	1130.433921132797
UK	HIC	less_severe	910	0.07856336374997919	1230.1861859134824
UK	HIC	less_severe	911	0.06173245418802953	1480.8576095505668
UK	HIC	less_severe	912	0.06283600275476964	1438.299821424167
UK	HIC	less_severe	913	0.11112358420402435	1324.0499886628386
UK	HIC	less_severe	914	0.10098908388011019	1372.826897916566
UK	HIC	less_severe	915	0.09226734145115456	1102.3073761186806
UK	HIC	less_severe	916	0.04510347352083843	1389.7135946963463
UK	HIC	less_severe	917	0.07661280516490754	1246.252415456267
UK	HIC	less_severe	918	0.03567043432623196	1386.9067828505504
UK	HIC	less_severe	919	0.06921407676222913	1386.1375232291648
UK	HIC	less_severe	920	0.05728987909479866	1340.0739344530775
UK	HIC	less_severe	921	0.10306742160353499	1325.8487312660072
UK	HIC	less_severe	922	0.06121675921776504	1579.8741075818762
UK	HIC	less_severe	923	0.07460278749541138	1408.7261068037624
UK	HIC	less_severe	924	0.06966385579625989	1450.863807748814
UK	HIC	less_severe	925	0.07361220609955099	1307.271258752
UK	HIC	less_severe	926	0.07124656470321944	1529.8639586128702
UK	HIC	less_severe	927	0.06997349945549192	1338.7809370212344
UK	HIC	less_severe	928	0.059084464944727966	1396.8772637069233
UK	HIC	less_severe	929	0.059576550290544095	1396.1236236853474
UK	HIC	less_severe	930	0.06603846612376585	1427.971067778839
UK	HIC	less_severe	931	0.058765888259711296	1193.9572352211144
UK	HIC	less_severe	932	0.039881684691382535	1011.2942349943332
UK	HIC	less_severe	933	0.09772507495276228	1208.5224350344397
UK	HIC	less_severe	934	0.0931405549689579	1137.0679256852818
UK	HIC	less_severe	935	0.08906053089548127	1411.7699454041976
UK	HIC	less_severe	936	0.029605448249583777	1211.075208622071
UK	HIC	less_severe	937	0.06451040727486634	1053.4326392492421
UK	HIC	less_severe	938	0.07310396143772846	1375.2749083522976
UK	HIC	less_severe	939	0.05547602263446372	1333.2870540890726
UK	HIC	less_severe	940	0.09436555657581636	1356.7376748190945
UK	HIC	less_severe	941	0.10544859033673726	1407.181317306684
UK	HIC	less_severe	942	0.04406356131972222	1104.4291780893436
UK	HIC	less_severe	943	0.08448365348611064	1040.8412548890356
UK	HIC	less_severe	944	0.09000345835497159	1353.5672758090732
UK	HIC	less_severe	945	0.08981037234140499	1107.2408858198778
UK	HIC	less_severe	946	0.08057010186848834	1443.304091396305
UK	HIC	less_severe	947	0.08671675621715824	1421.8804829706605
UK	HIC	less_severe	948	0.0824674484286203	1463.5348402573363
UK	HIC	less_severe	949	0.06846109910195719	1536.775357452996
UK	HIC	less_severe	950	0.09714683276215341	1338.701244705102
UK	HIC	less_severe	951	0.07716614383065723	1561.3309865738993
UK	HIC	less_severe	952	0.08248371687985179	1414.7466188451654
UK	HIC	less_severe	953	0.051759871022249326	1412.985495092671
UK	HIC	less_severe	954	0.0941955055141086	1402.2301910875212
UK	HIC	less_severe	955	0.04361091105440562	1459.8358963342362
UK	HIC	less_severe	956	0.09776319575053138	1422.2985705929314
UK	HIC	less_severe	957	0.12139056963574024	1242.373729876399
UK	HIC	less_severe	958	0.08654811011545371	1327.7579084555728
UK	HIC	less_severe	959	0.09949606175681991	1404.6579208659386
UK	HIC	less_severe	960	0.09655238841061964	1265.1115748399752
UK	HIC	less_severe	961	0.11177698158078275	1581.98829540734
UK	HIC	less_severe	962	0.039141347722398745	1261.9978452980122
UK	HIC	less_severe	963	0.05623732714119134	1309.716912630418
UK	HIC	less_severe	964	0.08252743709755905	1370.2972222271019
UK	HIC	less_severe	965	0.061300639813817615	1195.9261141166207
UK	HIC	less_severe	966	0.06384806506993312	1199.7908465719156
UK	HIC	less_severe	967	0.04467433984672664	1387.0694352133032
UK	HIC	less_severe	968	0.08587756308595118	1134.399781346252
UK	HIC	less_severe	969	0.06750028747605175	1062.7788694483606
UK	HIC	less_severe	970	0.10806716627686841	1522.9618918869855
UK	HIC	less_severe	971	0.05888660105515697	1348.0066205984367
UK	HIC	less_severe	972	0.05632632654731484	1266.701371790441
UK	HIC	less_severe	973	0.07181035932049173	1360.2120838250048
UK	HIC	less_severe	974	0.11134887966199725	1209.9781815405986
UK	HIC	less_severe	975	0.07924011251639973	1289.651136580942
UK	HIC	less_severe	976	0.082797699803697	1083.0865901937777
UK	HIC	less_severe	977	0.1255264392765616	1070.1458119744275
UK	HIC	less_severe	978	0.050017882096177635	1356.6685674442488
UK	HIC	less_severe	979	0.08144290460923997	1336.4237164965052
UK	HIC	less_severe	980	0.04177586118923937	1416.4713181426632
UK	HIC	less_severe	981	0.05870483836768292	1525.0995510883004
UK	HIC	less_severe	982	0.05462876270548023	1519.1458326854954
UK	HIC	less_severe	983	0.08866721238156838	1496.3815038563735
UK	HIC	less_severe	984	0.09452243221130008	1236.5203722226797
UK	HIC	less_severe	985	0.06081609823868783	1143.3989531876869
UK	HIC	less_severe	986	0.03931732939675325	1266.9803044435612
UK	HIC	less_severe	987	0.10159621904881577	1346.8142522314338
UK	HIC	less_severe	988	0.05036411988939582	1406.9163361571773
UK	HIC	less_severe	989	0.05360369540794796	1424.992547288497
UK	HIC	less_severe	990	0.09850995658764772	1473.0824496211753
UK	HIC	less_severe	991	0.09385106562461432	1221.1108272088968
UK	HIC	less_severe	992	0.052068366557095125	1439.526922298719
UK	HIC	less_severe	993	0.08066928507210047	1281.870581202682
UK	HIC	less_severe	994	0.07830809611124012	969.785985005552
UK	HIC	less_severe	995	0.09160593174191645	1469.1189094754445
UK	HIC	less_severe	996	0.1036126791970613	1488.246758109126
UK	HIC	less_severe	997	0.05412022517902959	1479.5734058231283
UK	HIC	less_severe	998	0.0843869290910948	1568.8407543434478
UK	HIC	less_severe	999	0.0834758571495513	1540.0365267893358
UK	HIC	less_severe	1000	0.06930746287480627	1236.2111762421373
UK	HIC	severe	1	0.10591397477877873	1350.8197081768012
UK	HIC	severe	2	0.26783727526694046	1419.420570207596
UK	HIC	severe	3	0.23086325911963912	1284.1587267769319
UK	HIC	severe	4	0.2988585166361213	1236.773403701165
UK	HIC	severe	5	0.24129197500588662	1055.9109295810558
UK	HIC	severe	6	0.16638958179217034	1535.2611689460791
UK	HIC	severe	7	0.29609032886670983	1409.3999691312856
UK	HIC	severe	8	0.25720592370219064	971.6583351983354
UK	HIC	severe	9	0.20810914038926676	1128.3847482738129
UK	HIC	severe	10	0.21140844609339005	1070.7691752828214
UK	HIC	severe	11	0.19521624832662043	955.8446958167569
UK	HIC	severe	12	0.17513877497151187	1366.3433298743075
UK	HIC	severe	13	0.23214462830548221	1214.032334901014
UK	HIC	severe	14	0.20628176017091793	1380.003894449408
UK	HIC	severe	15	0.23789713612337793	1548.9587533328486
UK	HIC	severe	16	0.1988390532471449	1267.841243262883
UK	HIC	severe	17	0.24435838872830606	1215.9099123490087
UK	HIC	severe	18	0.2615309654297917	1171.5287476075064
UK	HIC	severe	19	0.21867695840106238	1430.0751391973608
UK	HIC	severe	20	0.26901536542837423	1426.1753601254495
UK	HIC	severe	21	0.2996084749915626	897.4923318107558
UK	HIC	severe	22	0.1759262261023533	1292.167634569032
UK	HIC	severe	23	0.207702504412707	1399.1063333328784
UK	HIC	severe	24	0.1357882786358915	1325.8301340689977
UK	HIC	severe	25	0.2406464319056123	1193.355458072736
UK	HIC	severe	26	0.29083650513750703	1296.7623692992456
UK	HIC	severe	27	0.17316118089966936	1356.7647754846403
UK	HIC	severe	28	0.239873813118765	1447.4785620323455
UK	HIC	severe	29	0.23503077533241923	1465.3358547481657
UK	HIC	severe	30	0.30813493301378636	1216.7407845814269
UK	HIC	severe	31	0.11584952761302114	1048.6063401308475
UK	HIC	severe	32	0.19537224359810024	1421.677351664519
UK	HIC	severe	33	0.1985214584242394	1340.9283653211096
UK	HIC	severe	34	0.24954895400180144	1439.6167096704885
UK	HIC	severe	35	0.20066374803881315	1338.9212058352132
UK	HIC	severe	36	0.2420845135146319	1491.8071413831822
UK	HIC	severe	37	0.16629680895713372	1350.759322693255
UK	HIC	severe	38	0.30034337540452705	1269.6264754501208
UK	HIC	severe	39	0.14577766665639746	1486.2049174141212
UK	HIC	severe	40	0.3306315137895446	1537.6393845923194
UK	HIC	severe	41	0.27209606231938244	984.4666029499749
UK	HIC	severe	42	0.2691571827135033	1248.076501371408
UK	HIC	severe	43	0.23548291632444895	1383.38242486948
UK	HIC	severe	44	0.24236654254950052	1421.3833564298984
UK	HIC	severe	45	0.11926820514458569	1252.87258717417
UK	HIC	severe	46	0.16809632584565648	1305.092347473339
UK	HIC	severe	47	0.24202392754865776	1136.983257737822
UK	HIC	severe	48	0.21238145859276525	1146.6986494575176
UK	HIC	severe	49	0.21954309734289246	1169.2069204031432
UK	HIC	severe	50	0.21906061630468399	1499.3003349302671
UK	HIC	severe	51	0.14157845922771584	1199.285308934781
UK	HIC	severe	52	0.29931166959527733	1221.621709470579
UK	HIC	severe	53	0.20016582865689214	1008.1501784444172
UK	HIC	severe	54	0.15060310313017577	1281.7414535567368
UK	HIC	severe	55	0.1936123117469548	1393.651677055659
UK	HIC	severe	56	0.20494539997249217	1385.3153191409183
UK	HIC	severe	57	0.18048505368321588	1143.1082307706474
UK	HIC	severe	58	0.2173574554883393	1350.6046803062745
UK	HIC	severe	59	0.2637652873555645	1253.6186536541936
UK	HIC	severe	60	0.19875458285228453	1521.1712639003272
UK	HIC	severe	61	0.16360759967850091	1182.7332964829657
UK	HIC	severe	62	0.24522364414091924	1617.736074784425
UK	HIC	severe	63	0.185786152489664	1398.4654311970844
UK	HIC	severe	64	0.17560703048629023	1207.751690212408
UK	HIC	severe	65	0.21917387843577707	1562.9323951483566
UK	HIC	severe	66	0.1394611711413054	1010.6358539416397
UK	HIC	severe	67	0.22270853745561947	1426.6574846971453
UK	HIC	severe	68	0.15307902206879165	1507.695067711069
UK	HIC	severe	69	0.19322121862911068	1501.6952954332992
UK	HIC	severe	70	0.20468162934877254	1308.1110613425008
UK	HIC	severe	71	0.11398335977870255	1113.026119130238
UK	HIC	severe	72	0.2883916075942632	1199.0647068925973
UK	HIC	severe	73	0.23860616009091107	983.9428111907
UK	HIC	severe	74	0.20643383390415493	1419.24499633885
UK	HIC	severe	75	0.25718894304925466	1396.470986622866
UK	HIC	severe	76	0.19054600749755624	1602.1595971370807
UK	HIC	severe	77	0.20532452941858703	1209.5592846831423
UK	HIC	severe	78	0.25733995139897115	1141.75399308148
UK	HIC	severe	79	0.16373052963117063	1243.1143686862379
UK	HIC	severe	80	0.1723005134005251	1518.0828156198986
UK	HIC	severe	81	0.2205056377592718	1506.306104529518
UK	HIC	severe	82	0.2405395576987992	1357.8492333105314
UK	HIC	severe	83	0.1433738907412483	1087.0416054078978
UK	HIC	severe	84	0.23069165088804544	1331.8965631476967
UK	HIC	severe	85	0.22622218417630768	1219.7240367093527
UK	HIC	severe	86	0.17419352000630006	1530.308198250983
UK	HIC	severe	87	0.18636849466191308	1413.7575330749787
UK	HIC	severe	88	0.21419012508023605	1075.8566948246043
UK	HIC	severe	89	0.29428790913058256	1466.826867921016
UK	HIC	severe	90	0.23397359153147468	1260.8533063108334
UK	HIC	severe	91	0.17287737521789248	1414.5689639181255
UK	HIC	severe	92	0.2592186341282705	1394.339119110322
UK	HIC	severe	93	0.15405291345772332	1033.6068205881147
UK	HIC	severe	94	0.2747786280598141	1215.4198009710235
UK	HIC	severe	95	0.25079456655223886	1320.711097021769
UK	HIC	severe	96	0.19512110292575535	1450.0800495729636
UK	HIC	severe	97	0.2685451525258413	1315.5295117463538
UK	HIC	severe	98	0.29948847904005094	1403.6627837540364
UK	HIC	severe	99	0.22686701011963883	1477.6034275045895
UK	HIC	severe	100	0.16843557884085048	891.0387060068733
UK	HIC	severe	101	0.15892450695348526	1564.4323827121007
UK	HIC	severe	102	0.24770009065197396	1264.0340358518297
UK	HIC	severe	103	0.18283157085648805	1171.5409364517564
UK	HIC	severe	104	0.23446613616414225	1209.2467872300858
UK	HIC	severe	105	0.18573894696871696	987.9586896488727
UK	HIC	severe	106	0.22241725783596067	1219.983335067136
UK	HIC	severe	107	0.15922409703482177	1216.6148871976802
UK	HIC	severe	108	0.17152915448868633	1405.6754684410116
UK	HIC	severe	109	0.2174885142676044	1416.841393694158
UK	HIC	severe	110	0.23679689528164882	1234.887435205288
UK	HIC	severe	111	0.2473582768142748	1235.5773602852532
UK	HIC	severe	112	0.11895743643417189	1191.7996735637898
UK	HIC	severe	113	0.24634177328006368	1427.3376553525814
UK	HIC	severe	114	0.2655656104219979	929.8637254286969
UK	HIC	severe	115	0.21227496985903915	1108.4242534366676
UK	HIC	severe	116	0.27626229891698717	1409.1833231508026
UK	HIC	severe	117	0.19235328321198564	1363.4056583857164
UK	HIC	severe	118	0.2339132642413615	1604.9798851579144
UK	HIC	severe	119	0.24754474992377107	1262.9908920538292
UK	HIC	severe	120	0.23536900434138763	1399.0977818031606
UK	HIC	severe	121	0.3152133823463925	1343.2761767192387
UK	HIC	severe	122	0.19181298331853336	1330.923687539671
UK	HIC	severe	123	0.22196251547627188	1242.0430386861772
UK	HIC	severe	124	0.16554111800353422	1336.2518645226992
UK	HIC	severe	125	0.2233552395635945	1179.3393607841263
UK	HIC	severe	126	0.30752834667589624	1275.7292265209871
UK	HIC	severe	127	0.27259919069040484	1228.2095611597251
UK	HIC	severe	128	0.18117895615736535	1231.8273734284812
UK	HIC	severe	129	0.21762823591935576	1635.130631085125
UK	HIC	severe	130	0.2563200477786336	1357.7574098689074
UK	HIC	severe	131	0.24228462824458719	1001.4280754678621
UK	HIC	severe	132	0.20989581558649162	1305.886514007576
UK	HIC	severe	133	0.17412811090884617	1425.4072678901102
UK	HIC	severe	134	0.2127252854006172	1201.3554632579508
UK	HIC	severe	135	0.2695955125330687	1244.143587039238
UK	HIC	severe	136	0.17643040480893823	1293.209978162682
UK	HIC	severe	137	0.16673504389816962	1034.6360504715085
UK	HIC	severe	138	0.16166737127438235	1335.9295915691255
UK	HIC	severe	139	0.171886143877356	984.7281415006219
UK	HIC	severe	140	0.14434835754711406	1414.8075792947275
UK	HIC	severe	141	0.2594643809690409	1383.3553648622546
UK	HIC	severe	142	0.20212549651794465	1259.7593022738874
UK	HIC	severe	143	0.20051937716865065	1109.5042074491794
UK	HIC	severe	144	0.2075238175952272	1259.7427976274375
UK	HIC	severe	145	0.21563330434136652	1216.3375978688746
UK	HIC	severe	146	0.23970397372365815	1219.2972221152013
UK	HIC	severe	147	0.2078332241891956	1292.4572156368085
UK	HIC	severe	148	0.20765013737029303	1214.825653053369
UK	HIC	severe	149	0.2040706040152731	1263.3665964093598
UK	HIC	severe	150	0.18322234380918978	1224.2795326888263
UK	HIC	severe	151	0.2708645147775175	1460.7430607503884
UK	HIC	severe	152	0.22871354640279362	1257.716010496355
UK	HIC	severe	153	0.24917390643714366	1103.2735567992822
UK	HIC	severe	154	0.13917961912191368	1287.2891612015774
UK	HIC	severe	155	0.22912948368935782	1308.5741708947644
UK	HIC	severe	156	0.19683122711428047	1501.7915682411112
UK	HIC	severe	157	0.18977795765549033	1366.423052167902
UK	HIC	severe	158	0.1563686810906746	1423.0946238685901
UK	HIC	severe	159	0.20223817649931908	1392.5249032551583
UK	HIC	severe	160	0.2804707699263669	1433.1978078128413
UK	HIC	severe	161	0.17358599159953947	1343.263769870944
UK	HIC	severe	162	0.22746036963042737	1339.2528981121359
UK	HIC	severe	163	0.13971739021082286	1278.6500119107695
UK	HIC	severe	164	0.16848953237534658	1123.5622068034718
UK	HIC	severe	165	0.23993219364539553	1355.246059549987
UK	HIC	severe	166	0.21010611583098981	1055.9152099259354
UK	HIC	severe	167	0.17011453007919064	1121.433772428376
UK	HIC	severe	168	0.26081864159376167	1177.3719059162868
UK	HIC	severe	169	0.22815262147537507	1130.722205809694
UK	HIC	severe	170	0.23123458131737662	1339.1201178635056
UK	HIC	severe	171	0.21377328192035172	1300.2992496993247
UK	HIC	severe	172	0.26106303511362583	1077.6335293185784
UK	HIC	severe	173	0.20205887724963212	1174.1781921367765
UK	HIC	severe	174	0.24105686925503056	1448.81529167814
UK	HIC	severe	175	0.21430229530898126	1617.8248996665097
UK	HIC	severe	176	0.21603063905862574	1501.3126492861302
UK	HIC	severe	177	0.24365819221706198	1119.1751714063357
UK	HIC	severe	178	0.2145244510502775	1416.7584947444448
UK	HIC	severe	179	0.17661393994336705	1464.1449308886004
UK	HIC	severe	180	0.15945453935381426	1091.567068360735
UK	HIC	severe	181	0.25469880978212567	1272.9805385095788
UK	HIC	severe	182	0.21909784238937124	1346.9714058745776
UK	HIC	severe	183	0.25742831220661655	1413.9128343742996
UK	HIC	severe	184	0.241748192233449	1372.1274519397775
UK	HIC	severe	185	0.14481503425698294	1252.5425022584495
UK	HIC	severe	186	0.28892154173132223	1405.9399493701967
UK	HIC	severe	187	0.20118887313585065	1114.4143092166305
UK	HIC	severe	188	0.27525904057392614	1594.9321584497266
UK	HIC	severe	189	0.2961842110632764	1269.872885202003
UK	HIC	severe	190	0.27483689665824484	1431.3805524392556
UK	HIC	severe	191	0.17251181002850924	1086.7034620019967
UK	HIC	severe	192	0.19706105512367866	1597.674322627161
UK	HIC	severe	193	0.2723097455252219	1474.3593367660978
UK	HIC	severe	194	0.24860702112203192	1383.359722943158
UK	HIC	severe	195	0.2085707419540248	1139.5261286484674
UK	HIC	severe	196	0.22347987751999132	1558.2075501160616
UK	HIC	severe	197	0.14629596544773538	1538.5981372420101
UK	HIC	severe	198	0.21929518667524972	1233.5653970373496
UK	HIC	severe	199	0.18719038277448696	1368.4049605006003
UK	HIC	severe	200	0.19059290682519414	1215.2860629610004
UK	HIC	severe	201	0.18584016964116135	1145.4845085957168
UK	HIC	severe	202	0.254493608493771	1340.4907321056526
UK	HIC	severe	203	0.23012050869464717	1081.2826798156602
UK	HIC	severe	204	0.23345356435684295	1405.7023973657488
UK	HIC	severe	205	0.2754686381794995	1350.5391447091497
UK	HIC	severe	206	0.2824840430229849	1023.6035607305967
UK	HIC	severe	207	0.2873998580086674	1328.7898522469877
UK	HIC	severe	208	0.23903749103730698	1242.9907433561275
UK	HIC	severe	209	0.25319510544599266	1313.2173427934576
UK	HIC	severe	210	0.20328576268281706	1356.7212380598467
UK	HIC	severe	211	0.1643209696741612	1479.4537119824563
UK	HIC	severe	212	0.22157853338481281	1112.3987067535927
UK	HIC	severe	213	0.1813508889433253	969.9099871181352
UK	HIC	severe	214	0.26595780488014875	1297.48178534018
UK	HIC	severe	215	0.297818633012485	1420.3014317877387
UK	HIC	severe	216	0.18710409709690068	1198.0791018742711
UK	HIC	severe	217	0.1649288518312777	1619.8966222859235
UK	HIC	severe	218	0.13635632491931426	1412.0914570705245
UK	HIC	severe	219	0.2073758841219948	1221.6830596548243
UK	HIC	severe	220	0.30842367990385866	1194.070950809788
UK	HIC	severe	221	0.26454385344365816	1070.603598663958
UK	HIC	severe	222	0.12866612957589174	1558.4225046885513
UK	HIC	severe	223	0.2426323066403091	1661.1393668583332
UK	HIC	severe	224	0.16037807085289968	1523.7260535203422
UK	HIC	severe	225	0.30416194477043	1360.6863068765306
UK	HIC	severe	226	0.13870474556727386	1351.1360306058923
UK	HIC	severe	227	0.20332089798695074	1229.403110663061
UK	HIC	severe	228	0.23670848172064884	1185.8158526167572
UK	HIC	severe	229	0.2668811270377054	1285.8718350163326
UK	HIC	severe	230	0.247548552301869	1441.5516123826783
UK	HIC	severe	231	0.20117424716187204	1185.549938972139
UK	HIC	severe	232	0.18364006756995588	1114.6089485845296
UK	HIC	severe	233	0.21182948066755358	1029.171475469011
UK	HIC	severe	234	0.24797533548586426	1682.4111169988682
UK	HIC	severe	235	0.24344701186099105	1150.5902232168592
UK	HIC	severe	236	0.182225434841214	1230.693955466806
UK	HIC	severe	237	0.2507090176691045	1473.6769549066012
UK	HIC	severe	238	0.20486234004458437	1509.6818874625715
UK	HIC	severe	239	0.16435937968888892	1502.4061231912892
UK	HIC	severe	240	0.15247139981063862	1171.4161681241749
UK	HIC	severe	241	0.26274012098452015	1477.332264544999
UK	HIC	severe	242	0.16213867659842052	1272.9033943999093
UK	HIC	severe	243	0.26437642858790955	1276.0584741583334
UK	HIC	severe	244	0.13714971555906486	1478.739141233309
UK	HIC	severe	245	0.22735421302065273	1024.7236245296936
UK	HIC	severe	246	0.20470773348553806	1429.8541101075716
UK	HIC	severe	247	0.19695026188969167	1301.2009897244025
UK	HIC	severe	248	0.20599245195548876	1390.452977171386
UK	HIC	severe	249	0.2810604532057863	1316.565430850762
UK	HIC	severe	250	0.22817799178397635	1087.7237783087585
UK	HIC	severe	251	0.15493601357750109	1194.6174005309767
UK	HIC	severe	252	0.2069157665243635	1380.846371002619
UK	HIC	severe	253	0.21936519183049552	1163.2169749775312
UK	HIC	severe	254	0.2851421706424666	1365.52893090848
UK	HIC	severe	255	0.22305511567118486	1287.7381946969326
UK	HIC	severe	256	0.22920522580354685	1603.051927380504
UK	HIC	severe	257	0.19719027264815026	1392.2638628403256
UK	HIC	severe	258	0.18235020825194015	1148.9204962521071
UK	HIC	severe	259	0.24511724442403393	1243.5407884041888
UK	HIC	severe	260	0.26915210672034884	1061.027249731298
UK	HIC	severe	261	0.26279645024770515	1242.6291147094562
UK	HIC	severe	262	0.2544706726132939	1476.8244462589828
UK	HIC	severe	263	0.26074355219870915	1149.4156678751133
UK	HIC	severe	264	0.17882321628662323	1207.536083646548
UK	HIC	severe	265	0.13303353777722737	1309.0914197097736
UK	HIC	severe	266	0.1803907786422485	1502.9264462350802
UK	HIC	severe	267	0.20689668964018093	1009.4400573344592
UK	HIC	severe	268	0.23936175671420878	1357.0728710683434
UK	HIC	severe	269	0.2301133406016338	1490.2228010609651
UK	HIC	severe	270	0.19796125511502005	1391.0190918411863
UK	HIC	severe	271	0.20227284190701011	969.6844548123881
UK	HIC	severe	272	0.3091240436354967	1490.152112937336
UK	HIC	severe	273	0.3012453246269531	1041.6311463538914
UK	HIC	severe	274	0.1674285555898476	1221.3513548373048
UK	HIC	severe	275	0.2638853086863784	1241.7469768730043
UK	HIC	severe	276	0.19585287561043963	1092.299680852886
UK	HIC	severe	277	0.13843240995240702	1379.9297993845867
UK	HIC	severe	278	0.2938886333088879	1153.633408340931
UK	HIC	severe	279	0.25164826800294193	1430.1947143491889
UK	HIC	severe	280	0.2669919015852056	1413.2960188238576
UK	HIC	severe	281	0.1749120289678554	1546.65837858319
UK	HIC	severe	282	0.2231962042037814	1198.7761158441608
UK	HIC	severe	283	0.22707676890033524	1444.135735462205
UK	HIC	severe	284	0.1680548316630368	1539.1716917107296
UK	HIC	severe	285	0.2762536693504005	1223.9972031439029
UK	HIC	severe	286	0.17541383760773188	1067.558850946356
UK	HIC	severe	287	0.15797510567673845	1177.6401009152742
UK	HIC	severe	288	0.2638162228848264	1485.6818061051708
UK	HIC	severe	289	0.16543027128848475	1352.7910969954974
UK	HIC	severe	290	0.19229621873172653	1090.2191690583531
UK	HIC	severe	291	0.18371951659555275	1253.8569738022998
UK	HIC	severe	292	0.19136644328426877	1349.2086309577753
UK	HIC	severe	293	0.22393581291380937	1381.6528792748759
UK	HIC	severe	294	0.30751921047726727	1039.7999276249102
UK	HIC	severe	295	0.23387146584312535	1114.2064969431267
UK	HIC	severe	296	0.20710683915673345	1395.1739182501951
UK	HIC	severe	297	0.20391660526245392	1086.0720762007586
UK	HIC	severe	298	0.25530417062365807	1366.073569846827
UK	HIC	severe	299	0.22969681677292275	1300.4443735949062
UK	HIC	severe	300	0.2824654832189737	1207.975615743846
UK	HIC	severe	301	0.22551703456968353	1304.1580838348455
UK	HIC	severe	302	0.19318969816825193	1372.064146020104
UK	HIC	severe	303	0.2272753536953558	1078.5174149795712
UK	HIC	severe	304	0.28107225126731183	1143.8369680180622
UK	HIC	severe	305	0.18924108605762235	1348.0028953138644
UK	HIC	severe	306	0.19252815092460995	1440.8339367071494
UK	HIC	severe	307	0.23129927766767722	1564.9316375329036
UK	HIC	severe	308	0.1948163502738125	1447.5516506369968
UK	HIC	severe	309	0.27597599749892066	1499.1685562390194
UK	HIC	severe	310	0.17765356285769762	1132.6105281635064
UK	HIC	severe	311	0.21556247633880155	1419.9723926440129
UK	HIC	severe	312	0.2044929927502408	1406.6173511347806
UK	HIC	severe	313	0.26358640024935265	1532.805549885441
UK	HIC	severe	314	0.19063211719711104	1557.7522673540443
UK	HIC	severe	315	0.2460587655575508	1226.7553620427752
UK	HIC	severe	316	0.15798918236380466	1282.8360965840402
UK	HIC	severe	317	0.20092576692544828	1467.3843617513048
UK	HIC	severe	318	0.20319771369507622	1409.0717873736648
UK	HIC	severe	319	0.2027061270305146	1201.9584697714308
UK	HIC	severe	320	0.112982003915723	1141.7505976142784
UK	HIC	severe	321	0.26772698822970153	1202.6932547024262
UK	HIC	severe	322	0.2931696093181242	1220.7462456030753
UK	HIC	severe	323	0.24906605123847836	1491.7918077787472
UK	HIC	severe	324	0.12624937919385992	1363.9100811902135
UK	HIC	severe	325	0.27582574109663627	1570.3509733977335
UK	HIC	severe	326	0.23496401208870776	1076.3302553328285
UK	HIC	severe	327	0.23986528837723897	1195.4755574401388
UK	HIC	severe	328	0.1714843675524551	1403.3482719735584
UK	HIC	severe	329	0.19736630072777306	1383.5849783135636
UK	HIC	severe	330	0.192778774920062	1303.1748565552152
UK	HIC	severe	331	0.18504573603298402	1208.1519060042665
UK	HIC	severe	332	0.23228861479434215	1464.0718945843328
UK	HIC	severe	333	0.28043973502831987	1496.8319247000145
UK	HIC	severe	334	0.1986366186859212	1344.1488047423227
UK	HIC	severe	335	0.2356094172351364	1233.5599345876362
UK	HIC	severe	336	0.2808554647832233	1041.3814355762806
UK	HIC	severe	337	0.21480642677156636	1170.5607945831944
UK	HIC	severe	338	0.15434990367269608	1393.2850957713563
UK	HIC	severe	339	0.2334764740231523	1153.2266037375957
UK	HIC	severe	340	0.17930145878290915	1483.5593366191642
UK	HIC	severe	341	0.21182853422351333	1285.197176729329
UK	HIC	severe	342	0.24962669559732387	1194.6689182620685
UK	HIC	severe	343	0.2926065604529329	1144.3243473768634
UK	HIC	severe	344	0.21022831325343505	1382.3117620595403
UK	HIC	severe	345	0.2008330631339872	1370.5888794466882
UK	HIC	severe	346	0.16092045775642028	1129.6181964513162
UK	HIC	severe	347	0.2153818732869377	1619.0546422056468
UK	HIC	severe	348	0.24321168893794942	1318.9506376069912
UK	HIC	severe	349	0.2469493654474859	1499.9894242325972
UK	HIC	severe	350	0.22472098367754367	1273.2532642037913
UK	HIC	severe	351	0.14475091451400202	1197.460921902577
UK	HIC	severe	352	0.23281562669445655	1218.5536043837092
UK	HIC	severe	353	0.2035481920781348	1112.8731588583069
UK	HIC	severe	354	0.26353163661360246	1557.6694236721269
UK	HIC	severe	355	0.2265935151488585	1285.1076520444985
UK	HIC	severe	356	0.2771126488827853	1452.0571714272555
UK	HIC	severe	357	0.241813507980416	1175.899420106629
UK	HIC	severe	358	0.2673287143247207	1338.36270669007
UK	HIC	severe	359	0.165956314373239	1238.8797866997265
UK	HIC	severe	360	0.17166130963607218	1331.1079297977667
UK	HIC	severe	361	0.31599911577229634	1086.6234366400204
UK	HIC	severe	362	0.21636995818792482	1255.6402277079324
UK	HIC	severe	363	0.1864988022516303	1550.975802406465
UK	HIC	severe	364	0.24865221225835965	1325.2358302904795
UK	HIC	severe	365	0.29869006705318224	1062.824140767334
UK	HIC	severe	366	0.29935392949954354	1243.648041816814
UK	HIC	severe	367	0.19783974691613615	1194.1905066741128
UK	HIC	severe	368	0.2325143264386793	1323.1769775122739
UK	HIC	severe	369	0.26342840956363234	1374.6636289893213
UK	HIC	severe	370	0.20083482289452137	1128.4359473024742
UK	HIC	severe	371	0.16563636769387857	1088.726173015235
UK	HIC	severe	372	0.23623171895725603	1023.8227838268449
UK	HIC	severe	373	0.2992619357760238	1388.5922539351777
UK	HIC	severe	374	0.2030669250466821	1193.280361013749
UK	HIC	severe	375	0.19437643178573083	1283.6044380937856
UK	HIC	severe	376	0.20190979790479258	1321.7481493419946
UK	HIC	severe	377	0.20536716768747576	1357.912044799541
UK	HIC	severe	378	0.1899350654416676	1353.5006835486456
UK	HIC	severe	379	0.16439404314573292	1160.2041428089815
UK	HIC	severe	380	0.1620433164669568	1322.8199415014024
UK	HIC	severe	381	0.29661984611456793	1115.3987495753954
UK	HIC	severe	382	0.2545948226958643	1102.947431280687
UK	HIC	severe	383	0.21705487779011956	1292.9757789424875
UK	HIC	severe	384	0.2584046049087356	1434.361433465645
UK	HIC	severe	385	0.15589622947139548	1226.6931370607745
UK	HIC	severe	386	0.3104241628663744	1310.4976966971226
UK	HIC	severe	387	0.24730847764686148	1465.530215516821
UK	HIC	severe	388	0.28657673706578124	1265.969976427652
UK	HIC	severe	389	0.21470432647673587	1219.7265167257428
UK	HIC	severe	390	0.257116839509151	999.9780872936444
UK	HIC	severe	391	0.2904503999530266	1404.5884296858967
UK	HIC	severe	392	0.22548004450388248	1315.794441129663
UK	HIC	severe	393	0.14442464996402649	1280.657490651647
UK	HIC	severe	394	0.22319334220192433	1229.1872122370478
UK	HIC	severe	395	0.2559984102673605	1372.7452975704946
UK	HIC	severe	396	0.2616851330416883	1344.1632217314036
UK	HIC	severe	397	0.2868373169135532	1101.8187856222776
UK	HIC	severe	398	0.08652271510787868	1344.8781161699553
UK	HIC	severe	399	0.20667298887083874	1440.6397172462312
UK	HIC	severe	400	0.23279187092056497	1254.129391289276
UK	HIC	severe	401	0.21872171034207177	1012.6391017687674
UK	HIC	severe	402	0.29021760237593996	1338.2678628508038
UK	HIC	severe	403	0.2342902227371506	1740.5569548014246
UK	HIC	severe	404	0.17086867084695356	1273.2281957736159
UK	HIC	severe	405	0.21705630721891378	1640.9317262433178
UK	HIC	severe	406	0.1745244028095252	1408.5153939112352
UK	HIC	severe	407	0.21778580471495879	1235.889383720827
UK	HIC	severe	408	0.1882455890661343	1585.6051755693297
UK	HIC	severe	409	0.22244438304692826	1282.0151191820078
UK	HIC	severe	410	0.16113792374076263	1174.7921742390754
UK	HIC	severe	411	0.26782393326423515	1417.504128456043
UK	HIC	severe	412	0.18113255867745925	1045.4126564223661
UK	HIC	severe	413	0.21344639813331723	1323.5291689757687
UK	HIC	severe	414	0.17528120110409162	1454.8801270679287
UK	HIC	severe	415	0.30148263316380985	1109.0309764717895
UK	HIC	severe	416	0.2565841862715881	1104.3751898377213
UK	HIC	severe	417	0.15232420171950434	1438.4619716422494
UK	HIC	severe	418	0.2147920209534282	1624.7162286731764
UK	HIC	severe	419	0.2386711867517115	1415.508134442498
UK	HIC	severe	420	0.2577751901672465	1250.8588143416746
UK	HIC	severe	421	0.22637044011097762	1348.2004819894792
UK	HIC	severe	422	0.16862731177950918	1255.8489384680252
UK	HIC	severe	423	0.18003723184883036	1312.625422668203
UK	HIC	severe	424	0.28088606134700944	1393.1855043485375
UK	HIC	severe	425	0.2543284756198192	1199.6618590489234
UK	HIC	severe	426	0.2128279699432385	1216.5298350896992
UK	HIC	severe	427	0.2384754668418625	1176.5670386585261
UK	HIC	severe	428	0.17480428081240396	1229.708348494536
UK	HIC	severe	429	0.20868386772612713	1168.7517528960798
UK	HIC	severe	430	0.1640416204061348	1442.505542784591
UK	HIC	severe	431	0.19383700616602662	1234.8989664033106
UK	HIC	severe	432	0.1143555538707055	1044.1332309542522
UK	HIC	severe	433	0.18267579070586937	1025.2959406670016
UK	HIC	severe	434	0.2077915991486261	1107.8104748759743
UK	HIC	severe	435	0.20209483045576748	1349.227070898858
UK	HIC	severe	436	0.21478458043625226	1273.7444200603204
UK	HIC	severe	437	0.25160758226266955	1151.6795316505595
UK	HIC	severe	438	0.18476496530785402	1327.323587763236
UK	HIC	severe	439	0.22915866754378844	1377.3398401597588
UK	HIC	severe	440	0.2022718250015707	1019.9420282996052
UK	HIC	severe	441	0.18200527709402747	1166.828683324893
UK	HIC	severe	442	0.25332131338312047	1253.2910432101562
UK	HIC	severe	443	0.2253055675242739	1378.054369973528
UK	HIC	severe	444	0.2891746809708402	1235.9399010451816
UK	HIC	severe	445	0.1549203900296905	1312.1755950261868
UK	HIC	severe	446	0.2158120213462289	1083.1718155563613
UK	HIC	severe	447	0.20457162697862064	1521.9241663355242
UK	HIC	severe	448	0.25258470567257296	1513.2127654188953
UK	HIC	severe	449	0.17363946851249423	1509.6889862877288
UK	HIC	severe	450	0.22200649183362087	1259.5922552423144
UK	HIC	severe	451	0.24668689200418026	1388.5102432716158
UK	HIC	severe	452	0.23488488937168794	1348.6860345814857
UK	HIC	severe	453	0.2036261232677532	1258.4029684577035
UK	HIC	severe	454	0.30190939740152123	1112.032793887709
UK	HIC	severe	455	0.2549355855139548	1456.6331245013607
UK	HIC	severe	456	0.27243165336946973	1329.9488430826132
UK	HIC	severe	457	0.2819530291415142	1178.5909227687007
UK	HIC	severe	458	0.2304484108495961	984.0598628735515
UK	HIC	severe	459	0.12938727144371276	1302.0920568230613
UK	HIC	severe	460	0.17748562431749937	1161.4090957314183
UK	HIC	severe	461	0.2005358281146261	1124.9566066754596
UK	HIC	severe	462	0.2459685061999568	1168.6168186737923
UK	HIC	severe	463	0.2079005767982962	1269.160534841074
UK	HIC	severe	464	0.1540707709312068	1066.0937259225357
UK	HIC	severe	465	0.19967203298205138	1420.4547525589587
UK	HIC	severe	466	0.22035412042682379	1378.6949916023987
UK	HIC	severe	467	0.21583341353433028	1390.6348134752334
UK	HIC	severe	468	0.24769292790768205	1335.4063239207098
UK	HIC	severe	469	0.18282024775084693	1182.536796548473
UK	HIC	severe	470	0.2430330179685667	1341.335922838014
UK	HIC	severe	471	0.16335256215575944	1341.0601798265452
UK	HIC	severe	472	0.27558662296067094	1213.4040250826547
UK	HIC	severe	473	0.2478746023259566	1214.566916939064
UK	HIC	severe	474	0.24864156677440308	1143.841525145128
UK	HIC	severe	475	0.22835659064555314	1332.928006006783
UK	HIC	severe	476	0.19486773427536397	1396.6916090247796
UK	HIC	severe	477	0.31931036300567994	1467.8422857753212
UK	HIC	severe	478	0.13370740453426855	1330.3477376791852
UK	HIC	severe	479	0.19174914120818265	1202.9575542986058
UK	HIC	severe	480	0.22854694490293204	1387.787282453628
UK	HIC	severe	481	0.18771902269538288	1065.242744154768
UK	HIC	severe	482	0.2284861111431904	1396.643937661076
UK	HIC	severe	483	0.35285799095719583	1325.0867123156022
UK	HIC	severe	484	0.21739535406311505	1279.8828071693606
UK	HIC	severe	485	0.2550053068399172	922.381943897497
UK	HIC	severe	486	0.16735169682685802	1245.0115905262646
UK	HIC	severe	487	0.2033102056471212	1081.4390713503399
UK	HIC	severe	488	0.2359455455553714	1364.1843759450749
UK	HIC	severe	489	0.2542478506871957	1332.2034261010158
UK	HIC	severe	490	0.22094310948383877	1350.2965798211444
UK	HIC	severe	491	0.2657665973618375	1433.2992762362337
UK	HIC	severe	492	0.20680885767168533	1385.4581936118884
UK	HIC	severe	493	0.1523473309939729	1154.1110796144349
UK	HIC	severe	494	0.16501691900547266	1218.9068542615096
UK	HIC	severe	495	0.27111233250066147	1121.2753261734833
UK	HIC	severe	496	0.2055968724267232	1036.9769580753891
UK	HIC	severe	497	0.2573475914491028	1514.1424506940093
UK	HIC	severe	498	0.17096045829071294	1498.0038095742893
UK	HIC	severe	499	0.2696102157163076	1074.9065140559087
UK	HIC	severe	500	0.27549584841543684	1244.4426168219543
UK	HIC	severe	501	0.14116153631952333	1377.4291552915238
UK	HIC	severe	502	0.1886036506181994	1229.9075991788304
UK	HIC	severe	503	0.19421129610111554	1166.4865721059614
UK	HIC	severe	504	0.32770471701407544	1117.6251729126707
UK	HIC	severe	505	0.20621812262263406	1346.288510132974
UK	HIC	severe	506	0.28289209175232966	1283.3618619147855
UK	HIC	severe	507	0.2453455839526626	921.3379362638152
UK	HIC	severe	508	0.25576959776657704	1309.8654988258168
UK	HIC	severe	509	0.2654264818786003	1242.604534708109
UK	HIC	severe	510	0.25251345066382447	1255.2116330009885
UK	HIC	severe	511	0.20031651253720684	1436.4232158660525
UK	HIC	severe	512	0.26630410555494555	1202.0705665399073
UK	HIC	severe	513	0.21252902356933134	1039.3872926816493
UK	HIC	severe	514	0.12452145743463072	964.5044379456904
UK	HIC	severe	515	0.22180947984407062	1249.5998613887095
UK	HIC	severe	516	0.27970753871463083	1288.2107287173894
UK	HIC	severe	517	0.19287194950850584	1573.7670358939322
UK	HIC	severe	518	0.1992378697304329	1181.6471754128252
UK	HIC	severe	519	0.23883678618290194	1453.5129128941917
UK	HIC	severe	520	0.2090846414341514	1392.3809598829175
UK	HIC	severe	521	0.15291176382982385	1196.4073023005767
UK	HIC	severe	522	0.16506472150201112	1177.4545421440598
UK	HIC	severe	523	0.2366383676884145	1276.5641192202056
UK	HIC	severe	524	0.2653845983862828	1154.2815976287184
UK	HIC	severe	525	0.23615441573508966	1164.487110275124
UK	HIC	severe	526	0.264907354501577	1269.841727237941
UK	HIC	severe	527	0.22542942505566765	1127.6698303231497
UK	HIC	severe	528	0.3050873386575226	1113.5062357605257
UK	HIC	severe	529	0.1962561053712344	1109.0481670551726
UK	HIC	severe	530	0.27124584611225355	1199.7866819940373
UK	HIC	severe	531	0.21593956741882492	1397.9124792361908
UK	HIC	severe	532	0.30225855480566666	1456.3550901299895
UK	HIC	severe	533	0.2217258743710806	1232.2918034286595
UK	HIC	severe	534	0.19978406228264767	1372.9369645652514
UK	HIC	severe	535	0.23467917029888063	1487.3145327847524
UK	HIC	severe	536	0.2972776698039046	1090.6033111478919
UK	HIC	severe	537	0.25343795852070494	1413.6209423463988
UK	HIC	severe	538	0.2892104787924641	1319.2597233413398
UK	HIC	severe	539	0.21678132390878746	1556.3548633150858
UK	HIC	severe	540	0.20855184988519682	1249.6455537017791
UK	HIC	severe	541	0.24507716347262232	1383.844644245757
UK	HIC	severe	542	0.16063446069699072	1292.4101139204322
UK	HIC	severe	543	0.1931257567732101	1136.5872205354353
UK	HIC	severe	544	0.24312873798245382	1552.7495119356608
UK	HIC	severe	545	0.2040943716522463	1420.2932246598757
UK	HIC	severe	546	0.20016650184083584	1227.6725263700428
UK	HIC	severe	547	0.18171954714179783	1242.3009989066522
UK	HIC	severe	548	0.23001602084705075	1283.7328413008108
UK	HIC	severe	549	0.22396194116794677	1308.451515291712
UK	HIC	severe	550	0.17802199512188	1256.009638758249
UK	HIC	severe	551	0.297461784396452	1143.214123836291
UK	HIC	severe	552	0.2418375769335106	1322.2909015271325
UK	HIC	severe	553	0.16049808192853776	1402.1179312332533
UK	HIC	severe	554	0.22908734038484924	1552.3647837856406
UK	HIC	severe	555	0.2598728473305316	1415.8452786115595
UK	HIC	severe	556	0.2201139682889579	1392.3839622535888
UK	HIC	severe	557	0.2774604396038445	1471.3000855561077
UK	HIC	severe	558	0.2584064677398983	1065.5891330241866
UK	HIC	severe	559	0.283292893644995	1411.1299701680582
UK	HIC	severe	560	0.2787957015303242	1243.903038286393
UK	HIC	severe	561	0.15242004993674652	1394.5638285750792
UK	HIC	severe	562	0.24714266339839597	1252.4454999446207
UK	HIC	severe	563	0.22630701128842245	1294.6142199148235
UK	HIC	severe	564	0.25340205026369267	1392.6572943939427
UK	HIC	severe	565	0.2173464979842934	1228.7350982752068
UK	HIC	severe	566	0.2705780747550621	1183.9140311812662
UK	HIC	severe	567	0.17168815960702766	984.4129384697771
UK	HIC	severe	568	0.2049235863446901	1423.0983290247823
UK	HIC	severe	569	0.1971295752611404	1054.4073130160432
UK	HIC	severe	570	0.21145183629348763	1191.5736520257778
UK	HIC	severe	571	0.25623076604610917	1233.5090227447545
UK	HIC	severe	572	0.29047120307321794	1298.300060235877
UK	HIC	severe	573	0.19784668321380572	1487.5332978547012
UK	HIC	severe	574	0.18600803815068945	1474.9750407241954
UK	HIC	severe	575	0.23815330149906	1128.2587125642622
UK	HIC	severe	576	0.200621245641043	1252.8032104791528
UK	HIC	severe	577	0.2681241662658618	1568.612544054813
UK	HIC	severe	578	0.2067190402536887	1145.0891259896616
UK	HIC	severe	579	0.2819264060493043	1044.6122881478768
UK	HIC	severe	580	0.2302295981636968	1340.5227556446553
UK	HIC	severe	581	0.14836495956724427	1346.381449813609
UK	HIC	severe	582	0.20183009884135705	1321.1066952627189
UK	HIC	severe	583	0.16696748440657272	1420.2167541211747
UK	HIC	severe	584	0.19376850895354192	1032.6171280282833
UK	HIC	severe	585	0.2055598897301385	1169.9099825820012
UK	HIC	severe	586	0.2570507723070157	1345.1133423599822
UK	HIC	severe	587	0.18854854706781432	1170.8881376417412
UK	HIC	severe	588	0.28915573249415827	1304.4695360705264
UK	HIC	severe	589	0.18106183633223294	1280.7285146083887
UK	HIC	severe	590	0.2500019176471926	1435.3097736717682
UK	HIC	severe	591	0.2419786629825671	1187.6290263632218
UK	HIC	severe	592	0.24434325684102975	1558.6576244312782
UK	HIC	severe	593	0.23275519178921922	1400.7633858206318
UK	HIC	severe	594	0.21049301446605306	1444.3744161165669
UK	HIC	severe	595	0.2700472058623773	1536.362752055462
UK	HIC	severe	596	0.2890778513977219	1063.6166128059995
UK	HIC	severe	597	0.17599339269703362	1276.3621541211178
UK	HIC	severe	598	0.21500751221010495	1182.0150054676742
UK	HIC	severe	599	0.31005887442529456	1420.7698257822994
UK	HIC	severe	600	0.2236061602998154	1275.3744760172012
UK	HIC	severe	601	0.21780880297945782	1155.4762042258299
UK	HIC	severe	602	0.22669843181329807	1467.9219542569954
UK	HIC	severe	603	0.2534438170451798	1316.5480993560122
UK	HIC	severe	604	0.2805666494334669	1392.9347913085403
UK	HIC	severe	605	0.21673878327355212	1199.847472840098
UK	HIC	severe	606	0.22236886519462717	1418.1392464952587
UK	HIC	severe	607	0.19445537225443976	1239.188028230612
UK	HIC	severe	608	0.2476343650846471	1186.6494372566194
UK	HIC	severe	609	0.19078785183241864	1184.8288535172742
UK	HIC	severe	610	0.18344928631752788	1535.611460153963
UK	HIC	severe	611	0.13463122736103328	1101.5666228640112
UK	HIC	severe	612	0.2702350533177591	1338.8642537944434
UK	HIC	severe	613	0.30829561719509835	1128.080053766509
UK	HIC	severe	614	0.18030436254972404	1339.6540223704578
UK	HIC	severe	615	0.25402294771672906	1185.5780759799964
UK	HIC	severe	616	0.2869809804269039	1370.6211642160306
UK	HIC	severe	617	0.20140791449154127	1315.0765238124004
UK	HIC	severe	618	0.1844395648979713	1140.3814991238014
UK	HIC	severe	619	0.18796899675602607	1220.9075815194228
UK	HIC	severe	620	0.23740387105743688	1452.9742517627164
UK	HIC	severe	621	0.24175057501700437	1254.5552516260905
UK	HIC	severe	622	0.2318047688204452	1282.6973631683632
UK	HIC	severe	623	0.25944917938036394	1339.0067804005193
UK	HIC	severe	624	0.1626147237662674	1551.207447937326
UK	HIC	severe	625	0.2628694735670125	1184.858664360694
UK	HIC	severe	626	0.20202162649024435	1146.4396005447234
UK	HIC	severe	627	0.23459316142655728	1553.644103794315
UK	HIC	severe	628	0.22111603323558415	1243.8455477930002
UK	HIC	severe	629	0.20163246582621608	1118.4065249268515
UK	HIC	severe	630	0.23486176837069284	1042.4507356986069
UK	HIC	severe	631	0.15391997225056686	1413.488655882531
UK	HIC	severe	632	0.20549890453356667	1343.0496494810905
UK	HIC	severe	633	0.2689992522457174	1100.7353897905632
UK	HIC	severe	634	0.2022162415701112	1231.5450914852809
UK	HIC	severe	635	0.2037400888026495	1364.2339160482989
UK	HIC	severe	636	0.21702913141649116	1676.498891388219
UK	HIC	severe	637	0.15667734196312377	1500.8247799632882
UK	HIC	severe	638	0.22036759182333965	1345.1415105963897
UK	HIC	severe	639	0.17529806841729378	1289.4715313611632
UK	HIC	severe	640	0.1431234798946297	1243.429880737429
UK	HIC	severe	641	0.24433519229327905	1292.1689057834083
UK	HIC	severe	642	0.15465798057854752	1185.2981991722954
UK	HIC	severe	643	0.149982298958947	1237.172201985475
UK	HIC	severe	644	0.1277517712363614	1092.812269907763
UK	HIC	severe	645	0.227536894496714	1201.0053562190242
UK	HIC	severe	646	0.18273290670439524	1281.6595781610376
UK	HIC	severe	647	0.20383629320967556	1232.8740834741438
UK	HIC	severe	648	0.2602945229801956	1119.1214390723762
UK	HIC	severe	649	0.15537209829714316	1413.214660234742
UK	HIC	severe	650	0.2671541679622298	1394.545883839608
UK	HIC	severe	651	0.30089386953573705	1263.7485994462313
UK	HIC	severe	652	0.14664734150875125	1488.7786930512557
UK	HIC	severe	653	0.15479710993642515	1354.2906823354351
UK	HIC	severe	654	0.20341398565315982	1328.7876595453781
UK	HIC	severe	655	0.25156142899692036	1232.3635028836252
UK	HIC	severe	656	0.23313907193511496	1335.8087856620696
UK	HIC	severe	657	0.2774481467366914	976.6705292462757
UK	HIC	severe	658	0.20839534071173693	1336.727532307974
UK	HIC	severe	659	0.18543774829829673	1160.1905037441065
UK	HIC	severe	660	0.2810596057721253	1305.4636181944807
UK	HIC	severe	661	0.24674968964484378	1173.431609876341
UK	HIC	severe	662	0.19380007802675148	1582.4855209871457
UK	HIC	severe	663	0.17650087266674896	1357.7220925240035
UK	HIC	severe	664	0.23546479416235644	1396.966580477616
UK	HIC	severe	665	0.20455624848736953	1317.4789177471757
UK	HIC	severe	666	0.15132858953793304	1240.792694034024
UK	HIC	severe	667	0.27491695625980794	1153.3348201413082
UK	HIC	severe	668	0.26997119385880053	1202.089628265776
UK	HIC	severe	669	0.2045056411018642	1377.1507654146008
UK	HIC	severe	670	0.11985678733544258	1346.4271346899513
UK	HIC	severe	671	0.2203513846151477	1335.046467466127
UK	HIC	severe	672	0.16129042337123445	1430.821693936563
UK	HIC	severe	673	0.2893109056722798	1022.9761064339018
UK	HIC	severe	674	0.22705861547309203	1365.1903254791287
UK	HIC	severe	675	0.2295527230189811	1149.8227677289306
UK	HIC	severe	676	0.23867281567168686	1118.0815328923454
UK	HIC	severe	677	0.19225302585553905	1414.82505348853
UK	HIC	severe	678	0.17673992445780495	1260.4517154399982
UK	HIC	severe	679	0.1738218942080043	1262.483097625267
UK	HIC	severe	680	0.28398572551407364	1319.2092728560165
UK	HIC	severe	681	0.15800581079119747	1301.2147611016699
UK	HIC	severe	682	0.23165107430424792	1378.5025798011811
UK	HIC	severe	683	0.25285557699270145	1222.7248387255477
UK	HIC	severe	684	0.26020439298792963	1359.016945153242
UK	HIC	severe	685	0.2719762254460727	1186.8484096707216
UK	HIC	severe	686	0.16915628137128103	1333.6708393322624
UK	HIC	severe	687	0.24212733304053247	1636.898495374353
UK	HIC	severe	688	0.22059046391019033	1382.4076206657664
UK	HIC	severe	689	0.20185541019024766	1345.6228119524276
UK	HIC	severe	690	0.24790617296582296	1038.6526424764925
UK	HIC	severe	691	0.17357577450450767	1379.983274973365
UK	HIC	severe	692	0.2716409323472031	989.5940905825082
UK	HIC	severe	693	0.24708478240307175	1102.0007101570955
UK	HIC	severe	694	0.2839614465637541	1366.1508135270524
UK	HIC	severe	695	0.2779130377766641	1441.4171244436584
UK	HIC	severe	696	0.26902673372765795	1157.7913113923205
UK	HIC	severe	697	0.1963616836589952	1616.290686080556
UK	HIC	severe	698	0.1729679631651062	1309.8856600806066
UK	HIC	severe	699	0.2417476260791811	1385.9656277579852
UK	HIC	severe	700	0.16987763595033378	1264.0040490218707
UK	HIC	severe	701	0.18961555048836543	1425.9750043577915
UK	HIC	severe	702	0.2402183394762516	1257.1251936036242
UK	HIC	severe	703	0.2037706657972005	1110.694912701263
UK	HIC	severe	704	0.2055895523353919	1270.582461298649
UK	HIC	severe	705	0.13744749887166785	1311.6517677506527
UK	HIC	severe	706	0.2637163121313262	1302.1900771198852
UK	HIC	severe	707	0.33236518447225327	1338.3354995080117
UK	HIC	severe	708	0.26573440367352164	1488.4020326681857
UK	HIC	severe	709	0.16991122750054477	1152.146926614183
UK	HIC	severe	710	0.18243573300738136	1255.0952588811524
UK	HIC	severe	711	0.28544611823593646	1239.944035220935
UK	HIC	severe	712	0.28329441375526687	1310.6848585299304
UK	HIC	severe	713	0.23800886569217727	1061.9637125269219
UK	HIC	severe	714	0.21612433153021016	1051.1632238671446
UK	HIC	severe	715	0.16966455808460834	1170.3238058090283
UK	HIC	severe	716	0.20183792700416303	1530.3088682740054
UK	HIC	severe	717	0.23839699486377208	1207.3055871238103
UK	HIC	severe	718	0.1979138592721481	1508.4057507165853
UK	HIC	severe	719	0.2420949245956483	1133.103224374383
UK	HIC	severe	720	0.25600547822310027	1198.1572416708004
UK	HIC	severe	721	0.20540876387333595	1286.4608017060236
UK	HIC	severe	722	0.2562242466474325	1447.1265158076676
UK	HIC	severe	723	0.25555497306687736	1261.491079156498
UK	HIC	severe	724	0.3023129390165309	1497.6247801829231
UK	HIC	severe	725	0.1668874664846154	1313.9730623594114
UK	HIC	severe	726	0.2459420664982348	1262.9902568916586
UK	HIC	severe	727	0.2228646346553691	1439.8730647702796
UK	HIC	severe	728	0.24821549530179876	1211.1105690158984
UK	HIC	severe	729	0.16402395487109578	1271.5619803555855
UK	HIC	severe	730	0.26380496703187184	1471.9596543290681
UK	HIC	severe	731	0.27359430239339133	1386.3679622693635
UK	HIC	severe	732	0.2633520646366949	1451.3915221625139
UK	HIC	severe	733	0.16857564573114625	1380.1730954818704
UK	HIC	severe	734	0.24331720010638502	1427.8229575993064
UK	HIC	severe	735	0.16286200908338033	1555.683832906816
UK	HIC	severe	736	0.16918140197792697	1464.7025906043054
UK	HIC	severe	737	0.22494740854365602	1235.4051882927197
UK	HIC	severe	738	0.13373584753543666	1406.0241168940047
UK	HIC	severe	739	0.3027295356598614	1197.4575013003632
UK	HIC	severe	740	0.2711150222050356	1385.7098182828631
UK	HIC	severe	741	0.18308435835019132	1228.03273477107
UK	HIC	severe	742	0.20831150931451137	1448.1270170430398
UK	HIC	severe	743	0.17642844541183544	1364.320839926644
UK	HIC	severe	744	0.24553930319941797	1222.8632668406972
UK	HIC	severe	745	0.2502634296687054	1368.9683904709455
UK	HIC	severe	746	0.22941076468341937	1357.1538429537868
UK	HIC	severe	747	0.1691820716796153	1587.0749309218372
UK	HIC	severe	748	0.16633655288404992	1076.941248288429
UK	HIC	severe	749	0.2513570750927747	1176.8981288386185
UK	HIC	severe	750	0.2788445141358793	1494.1110000754416
UK	HIC	severe	751	0.2134603760912266	1482.9701634056728
UK	HIC	severe	752	0.2576616139969925	1518.1522597462026
UK	HIC	severe	753	0.2712561334691159	1351.829970049901
UK	HIC	severe	754	0.2820227788003966	1255.8200975139553
UK	HIC	severe	755	0.2977904504871036	1737.7580025843454
UK	HIC	severe	756	0.21486570843160524	1369.2983728525905
UK	HIC	severe	757	0.21946184050743311	1411.923357206233
UK	HIC	severe	758	0.2948580829038334	1152.0764042343835
UK	HIC	severe	759	0.2720692269366314	1313.2956787716794
UK	HIC	severe	760	0.22555801062830572	1295.3731340782506
UK	HIC	severe	761	0.24053169385817208	1112.984250263211
UK	HIC	severe	762	0.32666664999090256	1186.101743679843
UK	HIC	severe	763	0.23309577409659843	1181.5333625443127
UK	HIC	severe	764	0.17375482787833652	1333.5082145324923
UK	HIC	severe	765	0.2131891558448089	1280.816360894005
UK	HIC	severe	766	0.2254943636281097	1396.4819137759114
UK	HIC	severe	767	0.2486503935798976	1395.9261938374548
UK	HIC	severe	768	0.2277898615467362	1258.7343555919433
UK	HIC	severe	769	0.22760291792969833	1266.549427756163
UK	HIC	severe	770	0.14228930315562804	1615.24645995623
UK	HIC	severe	771	0.24957553963294465	1161.1981471662002
UK	HIC	severe	772	0.30647868995596017	1145.0925059526453
UK	HIC	severe	773	0.1936967449282836	1620.73588342913
UK	HIC	severe	774	0.16437452176999856	1123.9330895085259
UK	HIC	severe	775	0.17606312815060288	1335.5712277084458
UK	HIC	severe	776	0.24130316381110717	1374.491453506158
UK	HIC	severe	777	0.20261720097219849	1155.736371987603
UK	HIC	severe	778	0.1781461374167972	1334.2358519559239
UK	HIC	severe	779	0.19444242861013583	1286.0162928513746
UK	HIC	severe	780	0.23235852505157872	1396.0955176776224
UK	HIC	severe	781	0.16086562216278466	1189.435053439338
UK	HIC	severe	782	0.24208300269020144	1307.5470582838861
UK	HIC	severe	783	0.20683955987204272	1424.9791813033444
UK	HIC	severe	784	0.22394929923898088	1403.8978287176542
UK	HIC	severe	785	0.2454818430665755	1499.7454753203638
UK	HIC	severe	786	0.21915715252195977	1135.3047843189597
UK	HIC	severe	787	0.2181254909169783	1328.8707685674053
UK	HIC	severe	788	0.26918216762714975	1148.7523059876585
UK	HIC	severe	789	0.23579741812666577	1265.3436284531235
UK	HIC	severe	790	0.1693400303156265	1371.7059483930607
UK	HIC	severe	791	0.20361764979770247	1055.3837887841892
UK	HIC	severe	792	0.21323410521810793	1208.0507023302507
UK	HIC	severe	793	0.23951916161999742	1382.4997460068698
UK	HIC	severe	794	0.26643085367595454	1180.5694093214224
UK	HIC	severe	795	0.26655658203835353	1042.1269394587052
UK	HIC	severe	796	0.2157718447458683	1349.925811300549
UK	HIC	severe	797	0.21459574999751796	1392.657787803426
UK	HIC	severe	798	0.25261771440695124	1553.8181435930164
UK	HIC	severe	799	0.281570682459213	1211.485997009986
UK	HIC	severe	800	0.2237414818830601	980.1917556638837
UK	HIC	severe	801	0.3105342404222078	1237.0088265240156
UK	HIC	severe	802	0.2577146385237552	1550.0771186939128
UK	HIC	severe	803	0.19676466790126224	1219.2578409717025
UK	HIC	severe	804	0.21256891492218877	1559.5882346636863
UK	HIC	severe	805	0.27043275315568627	1195.2825298980479
UK	HIC	severe	806	0.1837719485754845	953.5386131350642
UK	HIC	severe	807	0.2781441095551118	1267.3239848928679
UK	HIC	severe	808	0.20891177007435102	1267.7154344412047
UK	HIC	severe	809	0.2513237481562034	1414.1583379612457
UK	HIC	severe	810	0.16914877570929465	1420.6972254640023
UK	HIC	severe	811	0.22733360816576864	1473.3678378298973
UK	HIC	severe	812	0.16589157662116039	1163.5646817980978
UK	HIC	severe	813	0.21929842047699788	1483.355525634288
UK	HIC	severe	814	0.18695711420940797	1283.5459826135266
UK	HIC	severe	815	0.32647419688439894	1186.7555018967323
UK	HIC	severe	816	0.2908991757792143	1138.622144236917
UK	HIC	severe	817	0.34565632026652593	1314.036984155162
UK	HIC	severe	818	0.2607761519009899	1338.4898718906443
UK	HIC	severe	819	0.2089585094107531	1169.5714558154614
UK	HIC	severe	820	0.19657887092146176	1196.6219438156877
UK	HIC	severe	821	0.20487951956303374	1156.4420372785862
UK	HIC	severe	822	0.13850509646017106	1287.4203991902796
UK	HIC	severe	823	0.1952636330559625	1413.7287849736822
UK	HIC	severe	824	0.24164300996790766	1344.6281838241775
UK	HIC	severe	825	0.2276939982190478	1042.549210704803
UK	HIC	severe	826	0.19070759912600233	1592.1006344437264
UK	HIC	severe	827	0.22078432400348857	1218.9997664593866
UK	HIC	severe	828	0.24538764687083248	1269.0816913006202
UK	HIC	severe	829	0.21988929503614418	1244.9722817231777
UK	HIC	severe	830	0.15396578870389765	1215.4675751416544
UK	HIC	severe	831	0.21152121044516958	1291.895078203881
UK	HIC	severe	832	0.15607523113581356	1329.6268027413753
UK	HIC	severe	833	0.20577985007590271	1317.3412479980325
UK	HIC	severe	834	0.21194321227748203	1349.552946002681
UK	HIC	severe	835	0.15154446887577566	1399.7155165198092
UK	HIC	severe	836	0.24060782119962898	1241.4241724165768
UK	HIC	severe	837	0.27506872709046615	1076.7834645103903
UK	HIC	severe	838	0.15396412733916343	1051.5916660552302
UK	HIC	severe	839	0.21971370339999607	1290.0333443227937
UK	HIC	severe	840	0.1971342246745631	1483.4506466409111
UK	HIC	severe	841	0.2160870925476457	1455.020212089039
UK	HIC	severe	842	0.23430771046248378	1526.277259454495
UK	HIC	severe	843	0.21734732492085418	1454.08863568358
UK	HIC	severe	844	0.20354457815964366	1456.9964715707392
UK	HIC	severe	845	0.23781735744006482	1505.7844951870356
UK	HIC	severe	846	0.22202992517004816	1225.3845110045404
UK	HIC	severe	847	0.2163497786522024	1510.577078930488
UK	HIC	severe	848	0.2426577641793548	1263.3043469927143
UK	HIC	severe	849	0.2520995206145211	1031.7900760052362
UK	HIC	severe	850	0.18299761748755228	1291.1587532413978
UK	HIC	severe	851	0.12226230152935358	1543.1575283345373
UK	HIC	severe	852	0.2950320866435776	1404.5273149626119
UK	HIC	severe	853	0.12897329070281405	1520.0637860411298
UK	HIC	severe	854	0.21903005271618126	1267.2112139462843
UK	HIC	severe	855	0.2264365492848066	1195.54986411959
UK	HIC	severe	856	0.27165537638722803	1471.3712253207595
UK	HIC	severe	857	0.24211519961068495	1094.7090406881525
UK	HIC	severe	858	0.2403816555078917	1354.346755556271
UK	HIC	severe	859	0.175561446305033	1474.546123305161
UK	HIC	severe	860	0.2483119515178167	1356.9839546139228
UK	HIC	severe	861	0.31451690675130983	1549.909076922202
UK	HIC	severe	862	0.26341644247708373	1268.7684608413256
UK	HIC	severe	863	0.2135232415060826	1565.47302168866
UK	HIC	severe	864	0.22152996516043522	1328.8493303785144
UK	HIC	severe	865	0.2988666228735428	1437.5151439330912
UK	HIC	severe	866	0.25030760801410823	1373.4073591275264
UK	HIC	severe	867	0.17600904274229912	1193.8325302863923
UK	HIC	severe	868	0.19140016419350614	1245.9970442503436
UK	HIC	severe	869	0.24785444949842805	1437.7178557638726
UK	HIC	severe	870	0.17944914474615414	1237.2701858404198
UK	HIC	severe	871	0.31398848008213953	1033.64275192678
UK	HIC	severe	872	0.17748741821617298	1223.912781167106
UK	HIC	severe	873	0.20388992685203688	1141.9943805615985
UK	HIC	severe	874	0.19021693379151272	1337.0287280595985
UK	HIC	severe	875	0.1901771265331771	1004.4206774168524
UK	HIC	severe	876	0.2776440488488079	1356.911014401412
UK	HIC	severe	877	0.19765438838226546	1125.8870111539163
UK	HIC	severe	878	0.26447685743741145	1456.478829359883
UK	HIC	severe	879	0.2502641901299161	1244.1993938178166
UK	HIC	severe	880	0.18109979693914768	1501.8876164811118
UK	HIC	severe	881	0.20735732959787834	1368.1773482947538
UK	HIC	severe	882	0.2206302787334553	1293.2109835542287
UK	HIC	severe	883	0.23141271805929153	1425.4319811423338
UK	HIC	severe	884	0.1912833035390782	1337.7368432996773
UK	HIC	severe	885	0.2550298430285314	1359.4411648822606
UK	HIC	severe	886	0.32341156497752643	1558.3287869726519
UK	HIC	severe	887	0.23168573110979773	1119.9504093704236
UK	HIC	severe	888	0.24693224476424147	1245.2905268189534
UK	HIC	severe	889	0.24698792525912316	1483.651192342928
UK	HIC	severe	890	0.21678901531041306	1653.4685965546487
UK	HIC	severe	891	0.16617438162714704	1213.333152635918
UK	HIC	severe	892	0.2955320166004558	1260.0528082044948
UK	HIC	severe	893	0.17601659554659355	1542.246432762604
UK	HIC	severe	894	0.23196482573567678	1147.5171693177926
UK	HIC	severe	895	0.2349755727381453	1493.929148680727
UK	HIC	severe	896	0.2292685039339155	1402.8443983050165
UK	HIC	severe	897	0.21204799213677883	1625.5418705610828
UK	HIC	severe	898	0.1643427477049375	1223.0401776176986
UK	HIC	severe	899	0.22584191957880284	1536.0288222928757
UK	HIC	severe	900	0.24909208421704454	901.0358509575199
UK	HIC	severe	901	0.21010198074732656	1065.1993169032812
UK	HIC	severe	902	0.24291893818785537	1365.6246971338696
UK	HIC	severe	903	0.3008599473671194	1162.6512508522064
UK	HIC	severe	904	0.18147754992809695	1178.0984282994905
UK	HIC	severe	905	0.21828383276138563	1111.8673640738143
UK	HIC	severe	906	0.229520399957442	1537.4817418926104
UK	HIC	severe	907	0.12243371140192405	1338.330764784012
UK	HIC	severe	908	0.2619293591995575	1319.14049050404
UK	HIC	severe	909	0.2871180883320712	1130.433921132797
UK	HIC	severe	910	0.24628363863044256	1230.1861859134824
UK	HIC	severe	911	0.2208836474581508	1480.8576095505668
UK	HIC	severe	912	0.20531510601042102	1438.299821424167
UK	HIC	severe	913	0.25369097329387724	1324.0499886628386
UK	HIC	severe	914	0.21823422393577374	1372.826897916566
UK	HIC	severe	915	0.3079557689362056	1102.3073761186806
UK	HIC	severe	916	0.22439464712064705	1389.7135946963463
UK	HIC	severe	917	0.17853649108622704	1246.252415456267
UK	HIC	severe	918	0.21872804190185224	1386.9067828505504
UK	HIC	severe	919	0.21391109545347042	1386.1375232291648
UK	HIC	severe	920	0.21310209510490363	1340.0739344530775
UK	HIC	severe	921	0.21510681850896107	1325.8487312660072
UK	HIC	severe	922	0.22163825033992124	1579.8741075818762
UK	HIC	severe	923	0.2550641040518371	1408.7261068037624
UK	HIC	severe	924	0.18758141552643126	1450.863807748814
UK	HIC	severe	925	0.20060069134611758	1307.271258752
UK	HIC	severe	926	0.25235336334031455	1529.8639586128702
UK	HIC	severe	927	0.20341903070415035	1338.7809370212344
UK	HIC	severe	928	0.21536002743340288	1396.8772637069233
UK	HIC	severe	929	0.13439220546890063	1396.1236236853474
UK	HIC	severe	930	0.1981728280895816	1427.971067778839
UK	HIC	severe	931	0.23303546816746779	1193.9572352211144
UK	HIC	severe	932	0.18096224048439735	1011.2942349943332
UK	HIC	severe	933	0.2849940555499466	1208.5224350344397
UK	HIC	severe	934	0.2778078499177776	1137.0679256852818
UK	HIC	severe	935	0.2668048749750902	1411.7699454041976
UK	HIC	severe	936	0.20446470492901603	1211.075208622071
UK	HIC	severe	937	0.14792286946022903	1053.4326392492421
UK	HIC	severe	938	0.2741643962137401	1375.2749083522976
UK	HIC	severe	939	0.15032899046099968	1333.2870540890726
UK	HIC	severe	940	0.21219046885075876	1356.7376748190945
UK	HIC	severe	941	0.24146263241477905	1407.181317306684
UK	HIC	severe	942	0.14559123066667268	1104.4291780893436
UK	HIC	severe	943	0.2317626553661114	1040.8412548890356
UK	HIC	severe	944	0.24597708730652856	1353.5672758090732
UK	HIC	severe	945	0.1966020059525737	1107.2408858198778
UK	HIC	severe	946	0.20974109989343614	1443.304091396305
UK	HIC	severe	947	0.21395703759281393	1421.8804829706605
UK	HIC	severe	948	0.23680584846470376	1463.5348402573363
UK	HIC	severe	949	0.2160836002962616	1536.775357452996
UK	HIC	severe	950	0.19237437030539706	1338.701244705102
UK	HIC	severe	951	0.23247024430495555	1561.3309865738993
UK	HIC	severe	952	0.22806662552749546	1414.7466188451654
UK	HIC	severe	953	0.14424559240078993	1412.985495092671
UK	HIC	severe	954	0.22628392612211679	1402.2301910875212
UK	HIC	severe	955	0.20387018438817206	1459.8358963342362
UK	HIC	severe	956	0.14108128338108195	1422.2985705929314
UK	HIC	severe	957	0.2476170776295361	1242.373729876399
UK	HIC	severe	958	0.2798780638490932	1327.7579084555728
UK	HIC	severe	959	0.2465995689779774	1404.6579208659386
UK	HIC	severe	960	0.3152044660043347	1265.1115748399752
UK	HIC	severe	961	0.2580803681631174	1581.98829540734
UK	HIC	severe	962	0.21159490636896683	1261.9978452980122
UK	HIC	severe	963	0.17782288278840008	1309.716912630418
UK	HIC	severe	964	0.2572110733629358	1370.2972222271019
UK	HIC	severe	965	0.2590489400190039	1195.9261141166207
UK	HIC	severe	966	0.27746824594681163	1199.7908465719156
UK	HIC	severe	967	0.2064044462068928	1387.0694352133032
UK	HIC	severe	968	0.1954341652391931	1134.399781346252
UK	HIC	severe	969	0.17009968157017408	1062.7788694483606
UK	HIC	severe	970	0.2528217227488021	1522.9618918869855
UK	HIC	severe	971	0.16106759835949358	1348.0066205984367
UK	HIC	severe	972	0.1828704671551158	1266.701371790441
UK	HIC	severe	973	0.23298874005356196	1360.2120838250048
UK	HIC	severe	974	0.27294133292777456	1209.9781815405986
UK	HIC	severe	975	0.2202817352193276	1289.651136580942
UK	HIC	severe	976	0.17952448585839065	1083.0865901937777
UK	HIC	severe	977	0.27172209664028957	1070.1458119744275
UK	HIC	severe	978	0.15971591310598754	1356.6685674442488
UK	HIC	severe	979	0.23922968764281372	1336.4237164965052
UK	HIC	severe	980	0.21136628334766838	1416.4713181426632
UK	HIC	severe	981	0.1866673177070841	1525.0995510883004
UK	HIC	severe	982	0.2159099597382519	1519.1458326854954
UK	HIC	severe	983	0.15604601119607997	1496.3815038563735
UK	HIC	severe	984	0.2126225437517224	1236.5203722226797
UK	HIC	severe	985	0.1950458964625068	1143.3989531876869
UK	HIC	severe	986	0.14489008224147915	1266.9803044435612
UK	HIC	severe	987	0.18182441328228705	1346.8142522314338
UK	HIC	severe	988	0.23939931042044282	1406.9163361571773
UK	HIC	severe	989	0.15247455357955353	1424.992547288497
UK	HIC	severe	990	0.1818625874286326	1473.0824496211753
UK	HIC	severe	991	0.28468621309147624	1221.1108272088968
UK	HIC	severe	992	0.2069008238028065	1439.526922298719
UK	HIC	severe	993	0.12182793759758637	1281.870581202682
UK	HIC	severe	994	0.2304482975237221	969.785985005552
UK	HIC	severe	995	0.2650003879377083	1469.1189094754445
UK	HIC	severe	996	0.22768353668192676	1488.246758109126
UK	HIC	severe	997	0.15765094327030194	1479.5734058231283
UK	HIC	severe	998	0.1766434093857583	1568.8407543434478
UK	HIC	severe	999	0.26045505430549465	1540.0365267893358
UK	HIC	severe	1000	0.19777343130620073	1236.2111762421373
